time,symbol,bid_price,ask_price,price,theo,size,premium,exchange_sale_conditions,aggressor_side,spot,delta,gamma,vega,theta,iv,root,expiration,strike,opt_kind,notional,side
2026-06-03 10:57:56.822000-04:00,.AMD260710C480,77.0,77.0,77.0,77.26259369995606,10.0,77000.0,I ,buy,529.5475,0.7112894374033547,0.0027591744324038884,58.00815333342368,-207.40601989095651,0.7290162640730303,AMD,2026-07-10,480.0,call,77000.0,buy
2026-06-03 10:57:56.776000-04:00,.AVGO280121C730,79.1,82.0,81.0,81.35939218346994,10.0,81000.0,I ,buy,487.3362,0.4376751864816651,0.001070027994033981,245.66875299965105,-44.34484356119386,0.5907291431250494,AVGO,2028-01-21,730.0,call,81000.0,buy
2026-06-03 10:57:56.735000-04:00,.SPY260603P757,1.87,1.89,1.88,1.8,250.0,47000.0,I ,buy,756.0069,-0.6065225570296571,0.11756898622867049,6.976525091878835,-1093.3561693576637,0.18037049329819235,SPY,2026-06-03,757.0,put,47000.0,buy
2026-06-03 10:57:56.675000-04:00,.QQQ260603C743,3.0,3.01,3.0,3.3,95.0,28500.0,S ,sell,744.7462,0.6602527080503009,0.07058450020685472,6.5485157967926595,-1651.2279195830308,0.2902925352959155,QQQ,2026-06-03,743.0,call,28500.0,sell
2026-06-03 10:57:56.501000-04:00,.TSM260821C550,12.85,13.1,13.1,13.266675638421857,20.0,26200.0,I ,buy,440.1623,0.2291903210954887,0.002698737848496582,62.22838017906823,-78.40460570751134,0.546859636850407,TSM,2026-08-21,550.0,call,26200.0,buy
2026-06-03 10:57:56.354000-04:00,.LITE270115C1000,297.0,301.8,297.0,297.0852915099497,1.0,29700.0,I ,sell,983.2948,0.6466930215861196,0.00047974399802974,289.0191755285675,-232.2445379110667,0.996212400739799,LITE,2027-01-15,1000.0,call,29700.0,sell
2026-06-03 10:57:56.279000-04:00,.TSLA261120P325,13.95,14.2,13.97,16.0,138.0,192786.0,a ,sell,432.7466,-0.17802164065258252,0.001850754577286557,74.9452292497396,-38.910594385126274,0.48954738954571947,TSLA,2026-11-20,325.0,put,192786.0,sell
2026-06-03 10:57:56.279000-04:00,.TSLA261120P325,13.95,14.2,13.97,16.0,206.0,287782.0,a ,sell,432.7466,-0.17802164065258252,0.001850754577286557,74.9452292497396,-38.910594385126274,0.48954738954571947,TSLA,2026-11-20,325.0,put,287782.0,sell
2026-06-03 10:57:56.176000-04:00,.TSLA261120P325,13.95,14.0,13.97,16.0,38.0,53086.0,I ,sell,432.7466,-0.17802164065258252,0.001850754577286557,74.9452292497396,-38.910594385126274,0.48954738954571947,TSLA,2026-11-20,325.0,put,53086.0,sell
2026-06-03 10:57:56.164000-04:00,.TSLA261120P325,13.95,14.0,13.97,16.0,62.0,86614.0,I ,sell,432.7466,-0.17802164065258252,0.001850754577286557,74.9452292497396,-38.910594385126274,0.48954738954571947,TSLA,2026-11-20,325.0,put,86614.0,sell
2026-06-03 10:57:56.162000-04:00,.TSLA261120P325,13.9,14.2,13.97,16.0,20.0,27940.000000000004,I ,sell,432.7466,-0.17802164065258252,0.001850754577286557,74.9452292497396,-38.910594385126274,0.48954738954571947,TSLA,2026-11-20,325.0,put,27940.0,sell
2026-06-03 10:58:28.237000-04:00,.QQQ260918P600,5.71,5.76,5.76,5.6850000000000005,1100.0,633600.0,h ,buy,744.7318,-0.08905261687316024,0.0012550577261910133,65.09378010321956,-35.20849138687874,0.31774815301795367,QQQ,2026-09-18,600.0,put,633600.0,buy
2026-06-03 10:58:27.926000-04:00,.BNO260717C60,3.2,3.2,3.2,3.1872087076764757,90.0,28800.0,I ,buy,53.75,0.38056076361081514,0.027613761718883443,7.1178978471329275,-21.691624191352783,0.7382523587126135,BNO,2026-07-17,60.0,call,28800.0,buy
2026-06-03 10:58:27.512000-04:00,.MU260605P1060,32.25,33.55,32.77,31.25,10.0,32770.00000000001,a ,sell,1063.5577,-0.4490820058874564,0.004503204431360559,32.87179226254543,-2871.006014920773,1.0576980818724446,MU,2026-06-05,1060.0,put,32770.0,sell
2026-06-03 10:58:27.136000-04:00,.INTC260821P100,10.75,10.85,10.75,10.6,79.0,84925.0,I ,sell,111.5837,-0.31308889286140995,0.008382246322332183,18.47365796379888,-34.50578818885319,0.8106950879340894,INTC,2026-08-21,100.0,put,84925.0,sell
2026-06-03 10:58:27.093000-04:00,.PWR261120C700,119.0,123.8,121.44,121.71395753003978,15.0,182160.0,g ,buy,725.1856,0.6127844193278071,0.0013775001377539875,189.8430218469983,-114.08520594145958,0.5606155805342635,PWR,2026-11-20,700.0,call,182160.0,buy
2026-06-03 10:58:27.093000-04:00,.PWR260918C490,247.0,254.6,250.69,251.81276976585755,15.0,376035.0,g ,sell,725.1856,0.8948010117338715,0.0006817633984120002,71.64167553427836,-82.78265111283429,0.6788114323667075,PWR,2026-09-18,490.0,call,376035.0,sell
2026-06-03 10:58:27.004000-04:00,.QQQ260918P600,5.71,5.76,5.76,5.6850000000000005,2000.0,1152000.0,h ,buy,744.7318,-0.08905261687316024,0.0012550577261910133,65.09378010321956,-35.20849138687874,0.31774815301795367,QQQ,2026-09-18,600.0,put,1152000.0,buy
2026-06-03 10:58:27.004000-04:00,.QQQ260918C850,6.64,6.7,6.69,6.795,2000.0,1338000.0,h ,buy,744.7318,0.15276863418689168,0.002617747519652234,95.35210735760724,-36.22137797231538,0.22315662414377127,QQQ,2026-09-18,850.0,call,1338000.0,buy
2026-06-03 10:59:00.251000-04:00,.NVO260618C45,0.53,0.57,0.54,0.5433045903227322,750.0,40500.0,I ,sell,42.1469,0.2492179336391826,0.08294856182367873,2.7293220399428217,-14.559141594856833,0.4445641677132405,NVO,2026-06-18,45.0,call,40500.0,sell
2026-06-03 10:58:59.993000-04:00,.TSLA260603C430,4.05,4.2,4.12,4.2,75.0,30900.0,a ,sell,432.5744,0.6541071909693559,0.05453847008415641,3.8194607890053414,-2175.7525586449333,0.652922720087905,TSLA,2026-06-03,430.0,call,30900.0,sell
2026-06-03 10:58:59.831000-04:00,.NVDA260603C217.5,0.46,0.47,0.47,0.48,750.0,35250.0,I ,buy,215.3395,0.25331396434536235,0.1004305598564414,1.6499418846512555,-889.2547527463607,0.617946221054554,NVDA,2026-06-03,217.5,call,35250.0,buy
2026-06-03 10:58:59.705000-04:00,.TSLA281215C500,133.65,134.75,134.18,125.08,5.0,67090.00000000001,a ,sell,432.5744,0.6054654929099615,0.0009989129455295195,256.95501226115994,-29.19885657124375,0.5772372171978415,TSLA,2028-12-15,500.0,call,67090.0,sell
2026-06-03 10:58:59.431000-04:00,.LITE281215C1500,436.0,456.0,446.0,446.96507962854423,1.0,44600.0,I ,undefined,981.9453,0.6835234282072744,0.00023918057863300357,557.739507728541,-104.36994945989836,0.9497517173737194,LITE,2028-12-15,1500.0,call,44600.0,mid
2026-06-03 10:58:59.355000-04:00,.MRVL260717P280,27.1,28.3,27.71,27.150000000000002,10.0,27710.000000000004,f ,buy,308.262,-0.3257125842203321,0.0034404119510646827,38.632943455818506,-155.70802516043452,0.976357526929303,MRVL,2026-07-17,280.0,put,27710.0,buy
2026-06-03 10:58:59.316000-04:00,.DHT270716P30,13.2,15.6,14.62,14.97,20.0,29239.999999999996,a ,buy,16.6972,-0.6899725338556919,0.030407836853657024,6.23084049724609,-1.8300730010162416,0.6569655112535008,DHT,2027-07-16,30.0,put,29240.0,buy
2026-06-03 10:58:59.049000-04:00,.TSLA260605C410,23.65,24.05,23.77,24.177037574885677,12.0,28524.0,a ,sell,432.5744,0.8872643149361922,0.009601001816154362,6.448477616531316,-315.0290121581731,0.5915334565836541,TSLA,2026-06-05,410.0,call,28524.0,sell
2026-06-03 10:59:30.962000-04:00,.COST261016C950,70.9,74.6,72.2,72.81324350961556,6.0,43320.00000000001,I ,sell,966.6061,0.5753443453673203,0.0024207660013914017,230.6108416270893,-85.594374065589,0.27498564791747965,COST,2026-10-16,950.0,call,43320.0,sell
2026-06-03 10:59:30.857000-04:00,.QCOM260717C250,28.4,29.4,28.76,29.403489781424906,13.0,37388.0,a ,sell,247.4978,0.5509242077955626,0.005198564209295339,34.15983843540074,-124.32792509550731,0.8816694593804855,QCOM,2026-07-17,250.0,call,37388.0,sell
2026-06-03 10:59:30.817000-04:00,.AVGO260612C482.5,27.55,29.5,27.55,29.070453151288678,13.0,35815.0,I ,sell,486.3466,0.5556190683169467,0.005884331080237841,30.57623057740272,-525.5832710925255,0.8674462750448741,AVGO,2026-06-12,482.5,call,35815.0,sell
2026-06-03 10:59:30.758000-04:00,.MSFT260702C480,2.55,2.6,2.55,2.56,100.0,25499.999999999996,I ,sell,427.3453,0.1280580371271735,0.005014164339152736,25.32181701155164,-54.61184278093042,0.3451813596019841,MSFT,2026-07-02,480.0,call,25500.0,sell
2026-06-03 10:59:30.753000-04:00,.INTC260605C118,1.56,1.57,1.57,1.615,250.0,39250.0,I ,buy,111.6797,0.2819041333640808,0.03503014720811447,2.9392484954287847,-268.9359587271253,1.1077845057443712,INTC,2026-06-05,118.0,call,39250.0,buy
2026-06-03 10:59:30.556000-04:00,.TLT260612C80.5,4.95,5.05,5.0,4.976266029732541,50.0,25000.0,g ,sell,85.375,0.9267071797205115,0.039781532513553805,1.885889502021562,-9.636483961610368,0.25785682408002086,TLT,2026-06-12,80.5,call,25000.0,sell
2026-06-03 10:59:30.522000-04:00,.NBIS260717C210,65.5,68.0,66.4,66.78814478443014,4.0,26560.000000000004,f ,sell,261.0451,0.7746878563108126,0.002986137997939016,27.238938778067652,-124.53881445592305,1.107570259564037,NBIS,2026-07-17,210.0,call,26560.0,sell
2026-06-03 10:59:30.468000-04:00,.SPX260918P6600,58.4,58.9,58.64,58.61165424224619,29.0,170056.0,f ,sell,7575.32,-0.11444023419736615,0.00019460487202886475,800.8998017175958,-328.3025024388558,0.24005705159768828,SPX,2026-09-18,6600.0,put,170056.0,sell
2026-06-03 10:59:30.468000-04:00,.SPX260918P7000,96.7,97.3,97.04,96.78693116834177,29.0,281416.00000000006,f ,buy,7575.32,-0.19520019528839883,0.0003254130358661147,1142.2909320297483,-399.38342909985903,0.20475370692644668,SPX,2026-09-18,7000.0,put,281416.0,buy
2026-06-03 10:59:30.065000-04:00,.TSLA260618P422.5,11.5,11.6,11.5,11.375,25.0,28750.0,I ,sell,432.4573,-0.37875508448761963,0.009301137027748107,33.62618422322471,-186.6481692383343,0.4626005652609182,TSLA,2026-06-18,422.5,put,28750.0,sell
2026-06-03 10:59:29.989000-04:00,.SPY260612C700,56.64,57.61,57.08,57.20879733108457,18.0,102744.0,g ,sell,755.9716,0.9362723372279729,0.003209361988974239,14.996596079045831,-96.25964777330721,0.32392452575881275,SPY,2026-06-12,700.0,call,102744.0,sell
2026-06-03 10:59:29.989000-04:00,.SPY260605C700,56.29,56.34,56.34,56.57749192865873,18.0,101412.00000000001,g ,buy,755.9716,0.9643966028125389,0.0023959341735298153,4.61025130058908,-211.64798990421656,0.5559051314231304,SPY,2026-06-05,700.0,call,101412.0,buy
2026-06-03 11:00:01.178000-04:00,.MRVL260605P327.5,27.15,28.5,27.2,27.921704354395604,100.0,272000.0,I ,sell,308.2473,-0.6567310304306414,0.009179781950055988,8.817230379545823,-1216.6590384455928,1.6708092266198122,MRVL,2026-06-05,327.5,put,272000.0,sell
2026-06-03 11:00:01.168000-04:00,.AVGO260626C600,6.5,6.5,6.5,6.896460133501505,43.0,27950.0,I ,buy,485.7569,0.15600021704411482,0.002607526565313813,29.402080650050152,-172.68433187917603,0.7469344085182321,AVGO,2026-06-26,600.0,call,27950.0,buy
2026-06-03 11:00:00.918000-04:00,.QQQ260609P745,6.94,6.94,6.93,7.031666833333332,152.0,105335.99999999999,I ,sell,745.1144,-0.49429400580006333,0.022561450068296008,38.76391493364155,-207.28748824374287,0.18194354020408313,QQQ,2026-06-09,745.0,put,105336.0,sell
2026-06-03 11:00:00.747000-04:00,.SPX260918P7200,126.5,127.0,126.79,126.99,34.0,431086.00000000006,f ,buy,7576.14,-0.2580741210887133,0.0004169910765821515,1337.5949255820385,-427.5493151563851,0.1871878312226035,SPX,2026-09-18,7200.0,put,431086.0,buy
2026-06-03 11:00:00.747000-04:00,.SPX260918P6850,79.5,80.0,79.74,79.94,34.0,271116.0,f ,sell,7576.14,-0.15960909716356708,0.00026937282668716987,1005.6067996920893,-374.08162015650134,0.2178483019284784,SPX,2026-09-18,6850.0,put,271116.0,sell
2026-06-03 11:00:33.072000-04:00,.GOOGL281215C5,355.0,360.0,356.73,358.2,5.0,178365.0,n ,sell,361.3427,0.9992917067889235,3.5170220665853685e-06,1.417525306728455,-0.3367319706802014,1.2056630120004712,GOOGL,2028-12-15,5.0,call,178365.0,sell
2026-06-03 11:00:33.066000-04:00,.HPE260918P48,4.6,5.7,5.13,5.19,84.0,43092.0,f ,sell,55.3695,-0.31185405772742203,0.017070381330957958,10.322514079271988,-12.470784329882173,0.7100043879119472,HPE,2026-09-18,48.0,put,43092.0,sell
2026-06-03 11:00:33.065000-04:00,.HPE260918P48,4.6,5.7,5.15,5.19,84.0,43260.0,f ,sell,55.3695,-0.31185405772742203,0.017070381330957958,10.322514079271988,-12.470784329882173,0.7100043879119472,HPE,2026-09-18,48.0,put,43260.0,sell
2026-06-03 11:00:32.970000-04:00,.GOOGL281215C5,355.0,360.0,356.73,358.2,5.0,178365.0,n ,sell,361.3427,0.9992917067889235,3.5170220665853685e-06,1.417525306728455,-0.3367319706802014,1.2056630120004712,GOOGL,2028-12-15,5.0,call,178365.0,sell
2026-06-03 11:00:32.675000-04:00,.SMH260618C600,50.0,50.0,50.0,49.407017962990665,20.0,100000.0,I ,buy,636.7,0.7094231555917199,0.004674446074732256,44.42395701527656,-301.36048767788134,0.5653079800552819,SMH,2026-06-18,600.0,call,100000.0,buy
2026-06-03 11:01:04.819000-04:00,.MSFT260821C500,8.1,8.15,8.1,7.98,500.0,405000.0,I ,sell,427.5831,0.2068084699617353,0.0038480947709024775,56.853854774653605,-48.84215030154649,0.3728555882308015,MSFT,2026-08-21,500.0,call,405000.0,sell
2026-06-03 11:01:04.427000-04:00,.MU260612P900,12.3,12.75,12.57,12.66,24.0,30168.0,a ,buy,1068.2912,-0.13494794397863397,0.0012576661034634862,36.63373041475401,-742.4344327404486,1.0226272266815475,MU,2026-06-12,900.0,put,30168.0,buy
2026-06-03 11:01:04.019000-04:00,.AEM260612P190,16.5,16.5,16.5,16.61666583333333,168.0,277200.0,I ,sell,175.0199,-0.798131043742123,0.01738762004899332,7.831423264362075,-90.3410701573357,0.5820554335893897,AEM,2026-06-12,190.0,put,277200.0,sell
2026-06-03 11:01:04.018000-04:00,.AEM260612P190,16.5,18.0,16.5,16.61666583333333,206.0,339900.0,I ,sell,175.0199,-0.798131043742123,0.01738762004899332,7.831423264362075,-90.3410701573357,0.5820554335893897,AEM,2026-06-12,190.0,put,339900.0,sell
2026-06-03 11:01:03.790000-04:00,.AAPL270219C360,12.65,13.1,12.87,12.84,29.0,37322.99999999999,g ,sell,311.6698,0.30927521078634274,0.004838647613244951,92.98493977620785,-17.932187898847776,0.27606890105517584,AAPL,2027-02-19,360.0,call,37323.0,sell
2026-06-03 11:01:03.790000-04:00,.AAPL260717C285,30.05,30.6,30.34,29.975,29.0,87986.0,g ,buy,311.6698,0.8080029201640687,0.008139412838736546,29.582050098978954,-37.83054108598265,0.30978300300560413,AAPL,2026-07-17,285.0,call,87986.0,buy
2026-06-03 11:01:03.714000-04:00,.INTC260605C63,48.3,49.25,48.77,49.302501133455465,50.0,243850.0,g ,sell,111.7769,0.963691757871549,0.0020171445950029295,0.6915478234425434,-259.7793749989579,4.545575984159835,INTC,2026-06-05,63.0,call,243850.0,sell
2026-06-03 11:01:03.714000-04:00,.INTC260605C62,49.3,50.25,49.77,50.302482133455484,50.0,248850.0,g ,sell,111.7769,0.9645273391105924,0.0019327710890635324,0.6784821071280123,-260.9718343325099,4.65437865497095,INTC,2026-06-05,62.0,call,248850.0,sell
2026-06-03 11:01:36.407000-04:00,.QCOM260717P240,24.5,25.0,25.0,24.8,10.0,25000.0,I ,buy,248.1555,-0.3980238389875378,0.005272880689160256,33.299213242343214,-116.55263074169828,0.8478625007265393,QCOM,2026-07-17,240.0,put,25000.0,buy
2026-06-03 11:01:36.286000-04:00,.WDAY270115P145,24.7,25.3,24.9,25.0,1350.0,3361500.0,c ,sell,145.2569,-0.4111163701322701,0.00610743495302037,44.51710467932128,-19.98538338146507,0.5565598062312249,WDAY,2027-01-15,145.0,put,3361500.0,sell
2026-06-03 11:01:36.267000-04:00,.MU261120C1870,98.25,104.05,100.98,101.37076917609184,20.0,201960.0,f ,sell,1069.8685,0.3050742502870654,0.0004933510484955966,255.68644247430626,-266.6455122465233,0.9728765336386271,MU,2026-11-20,1870.0,call,201960.0,sell
2026-06-03 11:01:36.047000-04:00,.SMH261218C620,102.95,104.85,103.82,102.75718216676219,9.0,93437.99999999999,f ,sell,637.1924,0.6003527408100751,0.0015934531308365227,180.81726376650815,-86.18949495781072,0.5178029963079519,SMH,2026-12-18,620.0,call,93438.0,sell
2026-06-03 11:01:36.047000-04:00,.SMH270115C640,97.9,100.05,99.17,98.33252935850987,9.0,89253.0,f ,buy,637.1924,0.5715750264843725,0.0015503337702426412,196.29085061844648,-80.15634677998848,0.5062480837240791,SMH,2027-01-15,640.0,call,89253.0,buy
2026-06-03 11:01:35.985000-04:00,.SPXW260603P7605,25.9,26.3,26.1,30.116667500000005,11.0,28710.000000000004,f ,buy,7580.2,-0.8332533130113571,0.00879042418448516,45.267074716526835,-6218.6736449798445,0.15697798523998466,SPXW,2026-06-03,7605.0,put,28710.0,buy
2026-06-03 11:01:35.985000-04:00,.SPXW260603P7610,30.3,30.8,30.55,34.76666500000001,11.0,33605.0,f ,sell,7580.2,-0.8590502445820969,0.007410172814238121,40.4986114134435,-5904.6568981313285,0.1666011326180876,SPXW,2026-06-03,7610.0,put,33605.0,sell
2026-06-03 11:01:35.795000-04:00,.AVGO281215C170,341.5,343.45,341.5,341.01175147964136,1.0,34150.0,I ,sell,486.7171,0.9347666539137569,0.00024193489121706734,98.45257260979287,-13.165870822021642,0.6787158162344537,AVGO,2028-12-15,170.0,call,34150.0,sell
2026-06-03 11:01:35.794000-04:00,.AVGO281215C170,341.5,343.45,341.5,341.01175147964136,14.0,478100.0,I ,sell,486.7171,0.9347666539137569,0.00024193489121706734,98.45257260979287,-13.165870822021642,0.6787158162344537,AVGO,2028-12-15,170.0,call,478100.0,sell
2026-06-03 11:01:35.670000-04:00,.LNG261218C210,44.4,45.8,44.4,44.86844270503015,6.0,26639.999999999996,I ,sell,240.8,0.7269780465189271,0.004605840920889198,58.96069024396819,-22.094310741776766,0.40706994384301404,LNG,2026-12-18,210.0,call,26640.0,sell
2026-06-03 11:01:35.456000-04:00,.TSLA260615C440,11.85,12.1,11.98,5.804941821148076,29.0,34742.0,a ,buy,433.3984,0.3787658989280479,0.01676376933958459,30.075808648218118,-129.01906677136645,0.28697127304341785,TSLA,2026-06-15,440.0,call,34742.0,buy
2026-06-03 11:01:35.144000-04:00,.INTC260605C112,3.6,3.65,3.65,3.6,160.0,58400.0,I ,buy,111.9735,0.5096668924453399,0.04328131260312399,3.4692297283501334,-303.77770995299403,1.0593308023040167,INTC,2026-06-05,112.0,call,58400.0,buy
2026-06-03 11:01:35.110000-04:00,.QQQ260603C743,3.66,3.67,3.67,3.57,757.0,277819.0,I ,buy,745.8637,0.7102718490360282,0.07016837121660498,6.0898388976406785,-1464.224901703305,0.2739648372508625,QQQ,2026-06-03,743.0,call,277819.0,buy
2026-06-03 11:02:07.309000-04:00,.MU260605C1050,45.85,46.2,46.25,45.43336966102114,6.0,27750.0,I ,buy,1069.907,0.5974413186016844,0.004302233875933168,32.14851215971225,-2877.817309349353,1.0827477965327055,MU,2026-06-05,1050.0,call,27750.0,buy
2026-06-03 11:02:07.050000-04:00,.AMD271217P400,84.1,92.55,87.6,90.95,100.0,876000.0,e ,sell,532.9071,-0.2319942924848406,0.0007247477461722546,197.6512227913291,-41.630701337725505,0.649891418141717,AMD,2027-12-17,400.0,put,876000.0,sell
2026-06-03 11:02:06.270000-04:00,.QQQ281215C580,256.5,261.0,256.5,258.5000008236578,1.0,25650.0,I ,sell,745.8252,0.7622639136385125,0.0006603959071563293,367.2586101556737,-28.536127698201962,0.3943554001391745,QQQ,2028-12-15,580.0,call,25650.0,sell
2026-06-03 11:02:06.240000-04:00,.NBIS270115C250,92.5,94.5,94.5,93.68245593783952,3.0,28350.0,I ,buy,261.8612,0.6900953524460671,0.0015232309118391046,72.89451637401297,-65.85544972972436,1.1206349289520237,NBIS,2027-01-15,250.0,call,28350.0,buy
2026-06-03 11:02:06.225000-04:00,.AMZN260717C290,2.05,2.12,2.09,2.12,140.0,29259.999999999996,f ,buy,251.5945,0.14027398301646987,0.007124116792657572,19.51809002586559,-28.78389261627629,0.35722738254869235,AMZN,2026-07-17,290.0,call,29260.0,buy
2026-06-03 11:02:06.190000-04:00,.AMD260605C530,15.9,16.4,16.4,15.127523525383559,50.0,81999.99999999999,I ,buy,532.9071,0.5205439212705963,0.01071714588245056,16.43887687475695,-1224.7193055649225,0.9009820732362015,AMD,2026-06-05,530.0,call,82000.0,buy
2026-06-03 11:02:38.535000-04:00,.TMUS260717C190,5.0,5.5,5.5,5.2,100.0,55000.0,I ,buy,182.1256,0.37810397517034405,0.018023807053520968,24.087709052239724,-33.104490612166224,0.3329026941421631,TMUS,2026-07-17,190.0,call,55000.0,buy
2026-06-03 11:02:38.497000-04:00,.KLAC270115P1440,106.3,108.6,108.6,110.04860593073599,5.0,54300.0,I ,buy,2089.5353,-0.15943819821362204,0.00023619897132025631,398.39911771944776,-201.24528783262102,0.626225440920147,KLAC,2027-01-15,1440.0,put,54300.0,buy
2026-06-03 11:02:38.220000-04:00,.INTC280121C70,59.6,60.6,60.6,60.83186988846157,15.0,90900.0,I ,buy,111.7764,0.8343885301736753,0.0020915891214281124,35.568293601614144,-9.045432108447487,0.8322593946416142,INTC,2028-01-21,70.0,call,90900.0,buy
2026-06-03 11:02:38.018000-04:00,.TTWO260821C250,8.0,8.2,8.0,8.0,102.0,81600.0,I ,sell,216.1941,0.2947139600576657,0.007165592268012322,34.748495809756754,-38.245892840579195,0.4776928357098901,TTWO,2026-08-21,250.0,call,81600.0,sell
2026-06-03 11:02:37.493000-04:00,.ORCL270319C250,47.0,47.85,47.83,47.72165539938536,10.0,47829.99999999999,a ,buy,231.6309,0.5672483218848049,0.0028413592522393426,80.9751847836782,-34.347033278927306,0.67217654743104,ORCL,2027-03-19,250.0,call,47830.0,buy
2026-06-03 11:02:37.403000-04:00,.MRVL260626C275,49.65,52.55,51.02,51.25978051004976,10.0,51020.00000000001,g ,sell,307.9277,0.7137130754986126,0.004062239980476337,26.500344017397712,-224.0857223570199,1.0752907097660298,MRVL,2026-06-26,275.0,call,51020.0,sell
2026-06-03 11:02:37.403000-04:00,.MRVL260626C277.5,47.85,51.05,49.52,49.74516801597267,10.0,49520.00000000001,g ,buy,307.9277,0.7022282373624842,0.004136234035657156,26.990102783885057,-228.28675338493036,1.0755717637382125,MRVL,2026-06-26,277.5,call,49520.0,buy
2026-06-03 11:03:10.087000-04:00,.MSFT270617C450,55.7,55.9,55.7,55.555205092207636,10.0,55700.0,I ,sell,427.5611,0.5223011395257325,0.0024500489594447895,173.6134262188617,-31.16541497466105,0.3729954423259899,MSFT,2027-06-17,450.0,call,55700.0,sell
2026-06-03 11:03:09.876000-04:00,.TSLA260710C500,7.85,7.95,7.85,7.8333119745523705,35.0,27475.0,I ,sell,432.8126,0.21125743587076717,0.00409798848415297,39.97612579170947,-100.11465236906454,0.5105789173129381,TSLA,2026-07-10,500.0,call,27475.0,sell
2026-06-03 11:03:09.792000-04:00,.AAPL270115C315,27.05,27.1,27.05,27.0,10.0,27050.0,I ,sell,311.3443,0.5255421390624054,0.0055299360752316135,97.56505080639889,-23.12037517813751,0.2937805693415419,AAPL,2027-01-15,315.0,call,27050.0,sell
2026-06-03 11:03:09.530000-04:00,.SPX291221P7600,688.3,718.3,703.11,703.5499999999998,4.0,281244.0,f ,sell,7579.14,-0.2967365750838237,0.00011271351524196688,5625.416877527452,-149.43140113952478,0.18877129872434897,SPX,2029-12-21,7600.0,put,281244.0,sell
2026-06-03 11:03:09.530000-04:00,.SPX291221P7800,744.6,775.8,760.41,760.5,4.0,304164.0,f ,buy,7579.14,-0.3212919070492145,0.00012017812282995516,5824.551995302621,-150.24778438374156,0.1833134609038522,SPX,2029-12-21,7800.0,put,304164.0,buy
2026-06-03 11:03:09.227000-04:00,.CRWD260717C680,107.6,114.0,111.2,110.09705917079899,20.0,222400.0,j ,buy,756.1701,0.7151969961273421,0.001946313487046449,89.17801770730595,-244.3163906809328,0.6636266249935503,CRWD,2026-07-17,680.0,call,222400.0,buy
2026-06-03 11:03:09.227000-04:00,.CRWD260702C690,93.4,99.6,97.2,95.93989695587258,20.0,194400.0,j ,buy,756.1701,0.7085686339793065,0.0022650179089071724,73.27753544110162,-324.73354604950805,0.7092211089974739,CRWD,2026-07-02,690.0,call,194400.0,buy
2026-06-03 11:03:09.186000-04:00,.MU260605C1000,82.2,84.0,82.75,81.4,5.0,41375.0,I ,sell,1071.0097,0.7982139222334387,0.0030550489200731573,23.42766045278179,-2144.743123666412,1.1068391971483775,MU,2026-06-05,1000.0,call,41375.0,sell
2026-06-03 11:03:41.013000-04:00,.SPY270319C850,15.0,15.04,15.04,15.024999999999997,17.0,25567.999999999996,I ,buy,756.3029,0.24108569699745458,0.0027431472705599265,209.7854394671332,-22.341143382683526,0.16876279613693929,SPY,2027-03-19,850.0,call,25568.0,buy
2026-06-03 11:03:40.754000-04:00,.MU280121C500,692.0,702.0,702.0,702.0,1.0,70200.0,I ,buy,1070.9246,0.8915585666873307,0.00014261200349348433,255.29363339610165,-74.12128975035039,0.9514329062075374,MU,2028-01-21,500.0,call,70200.0,buy
2026-06-03 11:03:40.745000-04:00,.MU260605P1070,33.45,34.7,34.0,35.27,10.0,34000.0,I ,sell,1070.9246,-0.4855821541515971,0.004537096025823292,33.15481438017636,-2897.4761639440226,1.0566425009838525,MU,2026-06-05,1070.0,put,34000.0,sell
2026-06-03 11:03:40.665000-04:00,.GOOGL270115P310,15.9,16.15,16.02,15.7,40.0,64079.99999999999,f ,sell,360.2977,-0.23966767839553627,0.003210619145225395,88.39796278642231,-24.243287518674276,0.34000002047983474,GOOGL,2027-01-15,310.0,put,64080.0,sell
2026-06-03 11:03:40.665000-04:00,.GOOGL270115P370,41.45,41.85,41.64,41.0,20.0,83280.0,f ,sell,360.2977,-0.48704387892313616,0.004390579355084611,113.46664679579332,-29.2085770965005,0.3191331122491374,GOOGL,2027-01-15,370.0,put,83280.0,sell
2026-06-03 11:03:40.664000-04:00,.MU260717C1000,179.2,181.2,181.2,178.91851235754518,7.0,126839.99999999999,I ,buy,1070.9246,0.6419903469563315,0.001008722154056189,138.8182305756776,-570.6137840358372,0.9956989653516092,MU,2026-07-17,1000.0,call,126840.0,buy
2026-06-03 11:03:40.615000-04:00,.AAPL260618C300,14.2,14.3,14.2,14.43,47.0,66740.0,I ,sell,311.3722,0.7406421596267856,0.017179551268853878,20.58975647504332,-73.31105336159852,0.2966858468442055,AAPL,2026-06-18,300.0,call,66740.0,sell
2026-06-03 11:03:40.608000-04:00,.GOOG261218P385,48.2,50.85,50.0,49.127867515744114,6.0,30000.0,a ,buy,356.6301,-0.5822939281679365,0.004779604592783084,102.92671620056626,-29.358440486016246,0.30985113210244614,GOOG,2026-12-18,385.0,put,30000.0,buy
2026-06-03 11:03:40.608000-04:00,.GOOG261218P385,48.2,50.85,50.0,49.127867515744114,5.0,25000.0,a ,buy,356.6301,-0.5822939281679365,0.004779604592783084,102.92671620056626,-29.358440486016246,0.30985113210244614,GOOG,2026-12-18,385.0,put,25000.0,buy
2026-06-03 11:03:40.505000-04:00,.GOOG261218P385,48.2,50.85,50.0,49.127867515744114,8.0,40000.0,I ,buy,356.6301,-0.5822939281679365,0.004779604592783084,102.92671620056626,-29.358440486016246,0.30985113210244614,GOOG,2026-12-18,385.0,put,40000.0,buy
2026-06-03 11:03:40.302000-04:00,.SGOV260618C89,10.2,12.0,11.1,11.411804,50.0,55500.0,g ,undefined,100.415,0.9999932270435545,1.10609348958465e-05,0.000633194467547714,-0.0010355254740828008,0.13627453880972903,SGOV,2026-06-18,89.0,call,55500.0,mid
2026-06-03 11:03:40.302000-04:00,.SGOV260618C88,11.4,12.8,12.09,12.411802,50.0,60450.0,g ,sell,100.415,0.9999966970753695,5.273895127467304e-06,0.0003188552912047703,-0.0005507242078081588,0.1439234576772817,SGOV,2026-06-18,88.0,call,60450.0,sell
2026-06-03 11:03:40.294000-04:00,.TSLA260918C355,95.85,96.2,95.85,85.18,9.0,86265.0,I ,sell,433.104,0.7574384934816396,0.0024671158173419747,71.59576790293586,-66.30106409831234,0.553478433587876,TSLA,2026-09-18,355.0,call,86265.0,sell
2026-06-03 11:03:39.981000-04:00,.TMUS260717C190,5.5,6.4,5.5,5.6,50.0,27500.0,I ,sell,182.4,0.38705751980355957,0.01737321046230354,24.27284386828194,-34.82934576780248,0.3475744719427901,TMUS,2026-07-17,190.0,call,27500.0,sell
2026-06-03 11:03:39.945000-04:00,.GOOGL270115P370,41.45,41.85,41.69,41.0,7.0,29183.0,f ,buy,360.2977,-0.48704387892313616,0.004390579355084611,113.46664679579332,-29.2085770965005,0.3191331122491374,GOOGL,2027-01-15,370.0,put,29183.0,buy
2026-06-03 11:04:11.496000-04:00,.SOXX260618C560,61.7,67.3,66.0,64.49404052461573,4.0,26400.0,a ,buy,615.2727,0.7821394049587472,0.003725264261838675,36.89913487654833,-279.2929172813134,0.630669860340494,SOXX,2026-06-18,560.0,call,26400.0,buy
2026-06-03 11:04:11.494000-04:00,.CRWD260918C480,287.05,294.15,290.6,290.35008520250585,1.0,29060.000000000004,f ,undefined,756.4041,0.9111316341857426,0.0005393891314322338,65.89291187989251,-81.67502909622391,0.7281253401185739,CRWD,2026-09-18,480.0,call,29060.0,mid
2026-06-03 11:04:11.494000-04:00,.CRWD260618C460,293.25,300.65,297.05,296.35239499048515,1.0,29705.0,f ,buy,756.4041,0.9907188416665675,0.0001492781789956516,3.8519352880862137,-50.129350148018105,1.0843274828008398,CRWD,2026-06-18,460.0,call,29705.0,buy
2026-06-03 11:04:11.412000-04:00,.QCOM261016C250,45.0,47.9,46.45,46.34449783901624,10.0,46450.0,g ,buy,249.9547,0.5879423326038645,0.0032528642126866125,58.67164553627424,-62.859167308938666,0.7937302801210561,QCOM,2026-10-16,250.0,call,46450.0,buy
2026-06-03 11:04:11.412000-04:00,.QCOM261016C240,49.15,52.15,50.65,50.25301658769204,10.0,50650.0,g ,sell,249.9547,0.6201543645153011,0.003197645496381188,57.39011252299078,-61.18174484733441,0.7898004485000975,QCOM,2026-10-16,240.0,call,50650.0,sell
2026-06-03 11:04:11.397000-04:00,.MU260612C1050,78.95,80.0,80.0,78.2233983663682,40.0,320000.0,I ,buy,1073.9468,0.5809274985457964,0.0022948269602023914,66.45800761451352,-1318.6575114065313,1.0009259844865133,MU,2026-06-12,1050.0,call,320000.0,buy
2026-06-03 11:04:11.256000-04:00,.NVDA260605C210,7.2,7.25,7.2,7.125,300.0,216000.0,I ,sell,216.4113,0.7983018218197054,0.036358269509673004,4.730191308097391,-180.167871630668,0.4603870153107845,NVDA,2026-06-05,210.0,call,216000.0,sell
2026-06-03 11:04:11.127000-04:00,.MU260605C1000,83.35,84.9,84.45,83.72,3.0,25335.000000000004,a ,buy,1073.9468,0.8060756695840503,0.002966638233893524,22.927341836630195,-2105.9236926404647,1.1100915936324798,MU,2026-06-05,1000.0,call,25335.0,buy
2026-06-03 11:04:10.909000-04:00,.SPY260630C725,35.16,35.44,35.16,35.131981862456605,11.0,38676.0,I ,sell,756.4682,0.8138509438933826,0.007276277268065262,55.327791187804976,-66.19350571958903,0.17835200194617637,SPY,2026-06-30,725.0,call,38676.0,sell
2026-06-03 11:04:10.893000-04:00,.SPY260630C725,35.16,35.44,35.16,35.131981862456605,8.0,28127.999999999996,I ,sell,756.4682,0.8138509438933826,0.007276277268065262,55.327791187804976,-66.19350571958903,0.17835200194617637,SPY,2026-06-30,725.0,call,28128.0,sell
2026-06-03 11:04:10.893000-04:00,.SPY260630C725,35.16,35.44,35.16,35.131981862456605,9.0,31643.999999999993,I ,sell,756.4682,0.8138509438933826,0.007276277268065262,55.327791187804976,-66.19350571958903,0.17835200194617637,SPY,2026-06-30,725.0,call,31644.0,sell
2026-06-03 11:04:10.880000-04:00,.MITK260717C12.5,4.5,4.6,4.6,4.778012087105978,100.0,45999.99999999999,I ,buy,16.76,0.8499432330064731,0.041136642964924225,1.3603133699281398,-5.458550038513241,0.9719744364939703,MITK,2026-07-17,12.5,call,46000.0,buy
2026-06-03 11:04:42.925000-04:00,.WDC260612C530,76.0,83.3,81.0,78.81195524264254,36.0,291600.0,I ,buy,599.3019,0.7977456133921651,0.002980864333780379,26.73370254412334,-528.2984082802336,0.9968627868034392,WDC,2026-06-12,530.0,call,291600.0,buy
2026-06-03 11:04:42.660000-04:00,.SPXW260624C7590,93.4,93.9,93.6,93.14999999999998,3.0,28079.999999999996,a ,sell,7580.41,0.5100374788118479,0.0017291549994748463,729.8425301420222,-791.6163649183595,0.1260323566184452,SPXW,2026-06-24,7590.0,call,28080.0,sell
2026-06-03 11:04:41.915000-04:00,.SNDK261218P1350,265.4,282.0,273.36,275.42256874223875,2.0,54672.0,f ,sell,1799.3449,-0.22827500251888966,0.0002241178974212781,396.88542361390495,-375.53578127854735,1.0278550793071746,SNDK,2026-12-18,1350.0,put,54672.0,sell
2026-06-03 11:04:41.915000-04:00,.SNDK261218P2160,760.4,776.8,767.0,774.5381518181822,1.0,76700.0,f ,sell,1799.3449,-0.45742120744757475,0.0003021032977175218,520.661466867236,-479.4606545992499,1.000329896261182,SNDK,2026-12-18,2160.0,put,76700.0,sell
2026-06-03 11:05:14.353000-04:00,.MU260605C1075,34.0,34.85,34.36,33.6482056686335,10.0,34360.0,a ,sell,1071.5421,0.4988722595288708,0.004478222460730661,33.21914466659427,-2939.875293251804,1.0698491634108784,MU,2026-06-05,1075.0,call,34360.0,sell
2026-06-03 11:05:14.209000-04:00,.LITE260612C900,111.5,118.1,111.5,112.86071531653823,3.0,33450.0,S ,sell,978.9988,0.7128101747261147,0.0019659611046908086,52.95886556384012,-1170.7166152023253,1.1151313559605875,LITE,2026-06-12,900.0,call,33450.0,sell
2026-06-03 11:05:14.113000-04:00,.KEYS260918C420,18.8,20.0,18.8,18.951309901285477,18.0,33840.0,I ,sell,353.43,0.32677312650381835,0.003513681965648435,69.0933253694962,-63.03888085318184,0.5359562326681531,KEYS,2026-09-18,420.0,call,33840.0,sell
2026-06-03 11:05:13.958000-04:00,.AVGO260717C490,40.6,40.85,40.6,40.25,10.0,40600.0,I ,sell,487.1628,0.5309739697806611,0.003801681073778557,67.39308635311957,-171.791658275914,0.6174558385541943,AVGO,2026-07-17,490.0,call,40600.0,sell
2026-06-03 11:05:13.876000-04:00,.MU260605C1050,47.15,48.55,48.55,49.3,6.0,29129.999999999996,I ,buy,1071.5421,0.621426300768948,0.0041669906388323965,31.75158922335605,-2872.542379676834,1.093210527593837,MU,2026-06-05,1050.0,call,29130.0,buy
2026-06-03 11:05:45.766000-04:00,.SMH260918C730,34.9,36.1,35.48,35.775001327370965,19.0,67411.99999999999,f ,sell,637.5878,0.3559016268128292,0.0021826375967060737,128.8482142037153,-108.29654804296999,0.493726581144793,SMH,2026-09-18,730.0,call,67412.0,sell
2026-06-03 11:05:45.766000-04:00,.SMH260918C635,71.1,72.2,71.68,71.91018490318625,19.0,136192.0,f ,buy,637.5878,0.5620551565242679,0.0022214150398758435,136.27568531843883,-119.02727187037979,0.5130721060472959,SMH,2026-09-18,635.0,call,136192.0,buy
2026-06-03 11:05:45.513000-04:00,.PANW260717C280,22.0,22.6,21.95,22.11165700306562,33.0,72435.0,I ,sell,281.5521,0.5479627862674326,0.007340048034114601,38.775014282224994,-88.22850571800201,0.551139485979923,PANW,2026-07-17,280.0,call,72435.0,sell
2026-06-03 11:06:16.321000-04:00,.TSLA260608P435,10.1,10.3,10.18,10.15,39.0,39702.0,a ,sell,432.2864,-0.5311998891356424,0.017802642397563604,20.549093349136804,-311.5492036370235,0.43239564418403287,TSLA,2026-06-08,435.0,put,39702.0,sell
2026-06-03 11:06:15.887000-04:00,.CRWD261016C750,117.25,122.85,120.05,120.13287678993152,10.0,120050.0,f ,sell,756.04,0.5870379216274753,0.0013197107158002398,179.50225432971737,-155.09789516827536,0.6401247673855107,CRWD,2026-10-16,750.0,call,120050.0,sell
2026-06-03 11:06:15.887000-04:00,.CRWD261016C760,112.8,118.45,115.65,115.625,10.0,115650.0,f ,buy,756.04,0.5735805251443634,0.0013318138143954535,180.75963431590367,-155.8490737894351,0.6387507244121365,CRWD,2026-10-16,760.0,call,115650.0,buy
2026-06-03 11:06:15.810000-04:00,.AAPL270115C315,27.0,27.1,27.05,27.1,10.0,27050.0,I ,buy,311.5028,0.5264814903281343,0.005523552004573008,97.60100697335999,-23.14021540549836,0.29392124559340155,AAPL,2027-01-15,315.0,call,27050.0,buy
2026-06-03 11:06:15.784000-04:00,.WDC260710P540,36.2,40.8,39.0,40.16258837716712,9.0,35100.0,I ,buy,598.0187,-0.3070000403007227,0.0020219775555394034,67.21544715010069,-299.38212050553733,0.9080172688254999,WDC,2026-07-10,540.0,put,35100.0,buy
2026-06-03 11:06:48.336000-04:00,.TSLA261218P365,27.35,27.7,27.35,27.394245397489534,10.0,27350.0,I ,sell,433.1054,-0.25199274361681523,0.0021167532586776443,101.94563447992718,-44.286004715869105,0.4719043539565858,TSLA,2026-12-18,365.0,put,27350.0,sell
2026-06-03 11:06:48.316000-04:00,.ULTA260605P540,68.1,75.0,71.35,73.8988455072813,6.0,42810.0,f ,sell,469.8827,-0.9412709552753518,0.0027858689032764132,4.253039985953562,-407.6613435044111,1.1581132647490613,ULTA,2026-06-05,540.0,put,42810.0,sell
2026-06-03 11:06:48.315000-04:00,.ULTA260612P535,63.1,70.0,66.75,69.1647977640174,6.0,40050.0,f ,buy,469.8827,-0.9283862916842289,0.0032531522225850928,10.136233420159927,-113.7856999858809,0.5662044236780318,ULTA,2026-06-12,535.0,put,40050.0,buy
2026-06-03 11:06:48.231000-04:00,.TSLA260605C430,9.0,9.15,9.15,8.55,30.0,27450.0,S ,buy,433.1054,0.5581427398234327,0.02138484950507864,13.258654734625956,-603.2440484598368,0.5494444474620556,TSLA,2026-06-05,430.0,call,27450.0,buy
2026-06-03 11:06:48.094000-04:00,.TSLA260605P415,1.5,1.52,1.5,1.64,200.0,30000.0,I ,sell,433.1054,-0.16617812593500303,0.013688049580287891,8.370316164854412,-376.1959625943464,0.5427905503282983,TSLA,2026-06-05,415.0,put,30000.0,sell
2026-06-03 11:06:47.987000-04:00,.SPX260821P7575,184.2,184.9,184.53,183.11259509259256,10.0,184530.0,f ,sell,7577.11,-0.44164339501997474,0.0007415210472389401,1400.6049702800176,-486.0492655974167,0.14997585128337437,SPX,2026-08-21,7575.0,put,184530.0,sell
2026-06-03 11:06:47.987000-04:00,.SPX260918P7575,221.3,222.1,221.73,221.73,10.0,221729.99999999997,f ,buy,7577.11,-0.43536707446709355,0.000603514108286197,1630.3182863027423,-438.56681210871506,0.1575289181408079,SPX,2026-09-18,7575.0,put,221730.0,buy
2026-06-03 11:06:47.885000-04:00,.POWL260821C460,10.8,14.7,12.75,11.899999999999997,22.0,28050.0,f ,buy,301.7633,0.2052768956080407,0.0022992162710844524,39.99904371739572,-81.03045615909333,0.8792006842353034,POWL,2026-08-21,460.0,call,28050.0,buy
2026-06-03 11:06:47.885000-04:00,.POWL260821C440,13.2,17.1,15.15,14.861645862527515,22.0,33330.0,f ,sell,301.7633,0.24264689551875973,0.0024914933482313674,43.99085987035298,-90.44697803013992,0.8923206676921916,POWL,2026-08-21,440.0,call,33330.0,sell
2026-06-03 11:06:47.865000-04:00,.SPXW260603C7570,13.7,13.8,13.75,13.9,37.0,50875.0,f ,sell,7577.11,0.7080206386521279,0.018027514049241522,61.55588400819748,-5848.554475271047,0.10626230280624063,SPXW,2026-06-03,7570.0,call,50875.0,sell
2026-06-03 11:06:47.865000-04:00,.SPXW260603C7560,20.9,21.1,21.0,21.1,74.0,155400.0,f ,buy,7577.11,0.9045770313304984,0.010850050796816923,30.413453083206957,-2367.065657463538,0.08713891366922162,SPXW,2026-06-03,7560.0,call,155400.0,buy
2026-06-03 11:06:47.865000-04:00,.SPXW260603C7550,29.2,29.5,29.35,32.09999999999999,37.0,108595.0,f ,sell,7577.11,0.8480915207663757,0.008082319220614859,42.221057983314694,-6094.190801569535,0.16201203430186556,SPXW,2026-06-03,7550.0,call,108595.0,sell
2026-06-03 11:06:47.850000-04:00,.AAPL281215C520,12.85,15.35,14.4,14.43,20.0,28800.0,I ,buy,311.4803,0.20921356859514462,0.0019086925167841162,144.31413082123683,-8.528739173797138,0.3002135459524562,AAPL,2028-12-15,520.0,call,28800.0,buy
2026-06-03 11:06:47.645000-04:00,.LRCX261016P350,58.8,60.5,58.8,59.025000000000006,8.0,47040.0,I ,sell,343.7658,-0.43687555575185844,0.002820078125555036,82.41944858109822,-74.27875438430468,0.6676737454856946,LRCX,2026-10-16,350.0,put,47040.0,sell
2026-06-03 11:07:13.410000-04:00,.MU261016C780,392.8,397.3,392.8,392.7749999999999,2.0,78560.0,I ,sell,1070.689,0.7982347008385735,0.00044133994724275495,183.94589318153908,-242.25633180221016,0.9756964442282869,MU,2026-10-16,780.0,call,78560.0,sell
2026-06-03 11:07:13.136000-04:00,.MDB270617C350,114.8,122.55,118.47,118.56,5.0,59235.0,f ,sell,368.4039,0.6765082496977577,0.001254978832302391,135.38036917060458,-49.48699142602509,0.759531668543794,MDB,2027-06-17,350.0,call,59235.0,sell
2026-06-03 11:07:13.136000-04:00,.MDB270617C430,87.2,94.95,91.23,90.99499910004656,5.0,45615.0,f ,buy,368.4039,0.573087953902624,0.0013900265063452588,147.91814841885443,-53.265291012028705,0.7482272310351914,MDB,2027-06-17,430.0,call,45615.0,buy
2026-06-03 11:07:12.735000-04:00,.MRVL260605C250,59.35,60.4,59.35,58.8912994069472,5.0,29675.0,I ,sell,308.5742,0.9396396131523517,0.002774904290529982,2.862296145693062,-427.25757410672486,1.8034349364070956,MRVL,2026-06-05,250.0,call,29675.0,sell
2026-06-03 11:07:55.956000-04:00,.DRAM260821C90,5.15,5.55,5.24,5.275000000000001,94.0,49256.0,a ,sell,69.3015,0.3390357646264964,0.012684137448681064,11.848677221303662,-24.335815933970828,0.8913705868717596,DRAM,2026-08-21,90.0,call,49256.0,sell
2026-06-03 11:07:55.768000-04:00,.SNDK260605C1940,14.5,21.4,14.5,17.60864697836317,110.0,159500.0,e ,sell,1793.0728,0.2039462059360475,0.0017656905311115925,39.49568072732452,-3763.0293794230115,1.150515014552572,SNDK,2026-06-05,1940.0,call,159500.0,sell
2026-06-03 11:07:55.588000-04:00,.AMD260605C50,483.0,488.55,485.78,486.29031600000013,1.0,48578.0,g ,buy,534.8542,0.9999997089632957,5.628413053919024e-09,6.286113104415246e-05,-0.033493502809020186,6.432834225645482,AMD,2026-06-05,50.0,call,48578.0,buy
2026-06-03 11:07:55.588000-04:00,.AMD260605C45,488.0,493.55,490.74,491.29030600000004,1.0,49074.0,g ,sell,534.8542,0.9999998878541737,2.2278596299201916e-09,2.50409485972313e-05,-0.01342752218398972,6.473946159929674,AMD,2026-06-05,45.0,call,49074.0,sell
2026-06-03 11:07:55.364000-04:00,.TLT260612C80,5.35,5.5,5.44,5.44,100.0,54400.0,g ,buy,85.32,0.9296480157478746,0.03560366905256301,1.8260693093429985,-10.118899523602819,0.2794366814881719,TLT,2026-06-12,80.0,call,54400.0,buy
2026-06-03 11:07:55.364000-04:00,.TLT260612C80.5,4.9,5.0,4.95,4.95,100.0,49500.0,g ,sell,85.32,0.9208423570685582,0.04131287300777581,1.9980366138874635,-10.440348868713247,0.26349899162341295,TLT,2026-06-12,80.5,call,49500.0,sell
2026-06-03 11:07:55.159000-04:00,.AMD260605C50,483.0,488.55,485.78,486.29031600000013,1.0,48578.0,g ,buy,534.8542,0.9999997089632957,5.628413053919024e-09,6.286113104415246e-05,-0.033493502809020186,6.432834225645482,AMD,2026-06-05,50.0,call,48578.0,buy
2026-06-03 11:07:55.159000-04:00,.AMD260605C45,488.0,493.55,490.74,491.29030600000004,1.0,49074.0,g ,sell,534.8542,0.9999998878541737,2.2278596299201916e-09,2.50409485972313e-05,-0.01342752218398972,6.473946159929674,AMD,2026-06-05,45.0,call,49074.0,sell
2026-06-03 11:07:54.892000-04:00,.ARM260618P480,90.85,94.25,92.28,92.48775226480835,5.0,46140.0,a ,sell,398.3655,-0.7790765975861772,0.0034656253871342825,24.068917500773352,-305.1290974225837,1.056099428031655,ARM,2026-06-18,480.0,put,46140.0,sell
2026-06-03 11:08:21.501000-04:00,.NVDA260717P195,4.05,4.15,4.09,4.1,80.0,32720.0,g ,sell,216.5443,-0.2130118999244579,0.00922144919894908,21.90916371648377,-37.81367486526063,0.41803189987526185,NVDA,2026-07-17,195.0,put,32720.0,sell
2026-06-03 11:08:20.924000-04:00,.MSTR261218P90,10.55,11.0,10.86,10.75,50.0,54300.0,a ,buy,133.812,-0.16887967168666318,0.0029335214333923634,25.11401673510556,-19.92369418877634,0.8618543069266856,MSTR,2026-12-18,90.0,put,54300.0,buy
2026-06-03 11:08:20.860000-04:00,.CF260626C100,16.9,18.9,17.91,17.909592512984158,76.0,136116.0,f ,buy,117.5,0.9290656298192568,0.010125996781137372,4.017453549888547,-14.291289930462677,0.45228275348197367,CF,2026-06-26,100.0,call,136116.0,buy
2026-06-03 11:08:20.860000-04:00,.CF260626C99,17.8,19.9,18.83,18.851781095030294,76.0,143108.0,f ,sell,117.5,0.9378038682550093,0.009016697778396943,3.6286852126038913,-13.093584740940218,0.45877392898975444,CF,2026-06-26,99.0,call,143108.0,sell
2026-06-03 11:08:20.554000-04:00,.SPXW260821P7445,145.0,145.3,145.2,145.2097004450536,2.0,29039.999999999996,I ,buy,7575.94,-0.3554459597492049,0.0006442316408256849,1324.68163149566,-496.1692251855381,0.16255481674279004,SPXW,2026-08-21,7445.0,put,29040.0,buy
2026-06-03 11:08:58.711000-04:00,.CRWD261218C460,321.45,327.85,324.65,325.24999999999994,1.0,32464.999999999996,f ,undefined,756.9447,0.8845036964225614,0.00048249476675205484,108.48293813142675,-72.32506878484011,0.7242139938762258,CRWD,2026-12-18,460.0,call,32465.0,mid
2026-06-03 11:08:57.751000-04:00,.IONQ260605P69,2.9,3.05,2.9,2.7849995,141.0,40890.0,I ,sell,69.19,-0.4628295131483895,0.05393818776041154,2.138760065191062,-242.23330333891013,1.3676677169039595,IONQ,2026-06-05,69.0,put,40890.0,sell
2026-06-03 11:08:57.722000-04:00,.SOXL270115C255,127.8,129.5,129.5,129.5,2.0,25900.0,I ,buy,280.9377,0.7448769952317466,0.0009913201980227084,70.62251385646601,-83.94127156484195,1.473564582301243,SOXL,2027-01-15,255.0,call,25900.0,buy
2026-06-03 11:08:57.466000-04:00,.SPY280121P660,31.97,32.17,32.17,32.10999833333334,8.0,25736.0,I ,buy,756.2385,-0.2511022243084614,0.0016960257784237084,308.0351836803237,-18.278721249511516,0.19419384645039847,SPY,2028-01-21,660.0,put,25736.0,buy
2026-06-03 11:09:29.538000-04:00,.HOOD270115C120,8.85,8.95,8.92,8.950000000000001,40.0,35680.0,I ,buy,83.8553,0.3644391511875842,0.007872680461897935,24.762303323076136,-14.461225258995416,0.723983331918395,HOOD,2027-01-15,120.0,call,35680.0,buy
2026-06-03 11:09:29.528000-04:00,.SOXL260605C280,17.15,18.1,17.15,16.653952720761104,18.0,30870.0,I ,sell,280.4635,0.5273727895919117,0.00945103875403944,8.647481520109432,-1389.017997324384,1.938220392331664,SOXL,2026-06-05,280.0,call,30870.0,sell
2026-06-03 11:09:29.428000-04:00,.ARM260612C400,26.6,27.9,26.6,26.10692217270035,49.0,130340.00000000001,I ,sell,398.9388,0.5233387093053757,0.005893051847399207,25.181704746552068,-533.7819982687761,1.0688252497753372,ARM,2026-06-12,400.0,call,130340.0,sell
2026-06-03 11:09:59.902000-04:00,.GOOG260612P360,9.15,9.35,9.25,9.279167083333332,100.0,92500.0,a ,sell,356.7273,-0.5580058617592082,0.02097904666961716,22.358805840257066,-147.28094941882574,0.33215370299734615,GOOG,2026-06-12,360.0,put,92500.0,sell
2026-06-03 11:09:59.879000-04:00,.QQQ260618P750,14.22,14.27,14.24,14.388346309330984,19.0,27056.0,I ,sell,745.5875,-0.5503727740080868,0.013148027155825966,60.21751151644815,-143.00693526295663,0.19782250657962422,QQQ,2026-06-18,750.0,put,27056.0,sell
2026-06-03 11:09:59.857000-04:00,.MU261218C1250,229.9,237.25,233.53,236.44718643189304,2.0,46706.0,f ,sell,1066.6208,0.5522304694327279,0.0005261830723399442,312.3976941335539,-273.6882130820882,0.9516746291441021,MU,2026-12-18,1250.0,call,46706.0,sell
2026-06-03 11:09:59.857000-04:00,.MU261218C1300,216.75,222.9,219.83,223.03560000953385,2.0,43966.0,f ,buy,1066.6208,0.5303195783515967,0.0005286173544618132,314.1916458017533,-275.5657110057899,0.952732018173481,MU,2026-12-18,1300.0,call,43966.0,buy
2026-06-03 11:10:31.613000-04:00,.BE261120C230,119.7,121.8,121.8,121.18023062000472,52.0,633360.0,I ,buy,293.9046,0.7622945773849898,0.0012456658072109814,62.137296105915595,-82.29850917941094,1.2355171967511793,BE,2026-11-20,230.0,call,633360.0,buy
2026-06-03 11:10:31.606000-04:00,.AVGO260821C480,57.1,57.95,57.69,57.37919547983723,10.0,57690.0,f ,buy,487.7892,0.5775807895144089,0.0028874111381143983,88.90060501148164,-122.23672159053108,0.5967226728280198,AVGO,2026-08-21,480.0,call,57690.0,buy
2026-06-03 11:10:31.606000-04:00,.AVGO260821C500,48.8,49.7,49.07,48.45,10.0,49070.0,f ,sell,487.7892,0.5185188626982604,0.0029420076135517497,90.46056209412399,-124.38543487770272,0.5967336980691131,AVGO,2026-08-21,500.0,call,49070.0,sell
2026-06-03 11:10:31.601000-04:00,.MU260605C1150,10.4,10.8,10.8,10.584869574534855,25.0,27000.0,I ,buy,1067.8238,0.20832791759288022,0.0030584022557303575,23.76650050901343,-2229.217368087649,1.1319933410256726,MU,2026-06-05,1150.0,call,27000.0,buy
2026-06-03 11:10:31.600000-04:00,.ASX260618C35,5.8,6.4,6.0,5.886417872743346,42.0,25200.0,I ,sell,40.1252,0.801583513732768,0.03931215455818815,2.276350575920431,-23.706221301652015,0.8675075914553535,ASX,2026-06-18,35.0,call,25200.0,sell
2026-06-03 11:10:31.555000-04:00,.MU260618C1050,93.15,94.5,94.5,97.0,28.0,264600.0,I ,buy,1067.8238,0.5844767898720058,0.0018191291001984015,85.48877958582162,-1003.354955930812,0.9778615837933966,MU,2026-06-18,1050.0,call,264600.0,buy
2026-06-03 11:10:31.550000-04:00,.MU261218C900,358.2,362.1,362.1,365.46263976895654,1.0,36210.0,I ,buy,1067.8238,0.7258208081121889,0.0004409198041192188,263.16035491039935,-231.77076186296762,0.956705789256287,MU,2026-12-18,900.0,call,36210.0,buy
2026-06-03 11:10:31.425000-04:00,.SPX261016P5400,23.1,23.4,23.3,23.299999999999997,15.0,34950.0,I ,buy,7577.95,-0.03476237459806997,4.888513038791118e-05,358.260326837743,-163.43278433838435,0.33712387517457465,SPX,2026-10-16,5400.0,put,34950.0,buy
2026-06-03 11:10:31.415000-04:00,.SPY280121P755,57.19,57.48,57.19,57.395834166666674,15.0,85784.99999999999,I ,sell,756.2511,-0.45879517052729535,0.002727029637429943,383.7663230825152,-17.643780559302126,0.15045751392275467,SPY,2028-01-21,755.0,put,85785.0,sell
2026-06-03 11:10:31.415000-04:00,.SPY280121P755,57.19,57.48,57.19,57.395834166666674,5.0,28595.0,I ,sell,756.2511,-0.45879517052729535,0.002727029637429943,383.7663230825152,-17.643780559302126,0.15045751392275467,SPY,2028-01-21,755.0,put,28595.0,sell
2026-06-03 11:10:59.854000-04:00,.FUBO260605C5,4.75,5.35,5.05,5.093543307152229,51.0,25755.0,g ,buy,9.88,0.9250409823434391,0.02429607807690126,0.10811974272613628,-68.32754864995383,7.621662826130035,FUBO,2026-06-05,5.0,call,25755.0,buy
2026-06-03 11:10:59.270000-04:00,.AMD260918C570,75.55,77.0,77.0,64.15,84.0,646800.0,I ,buy,537.3385,0.4907059889614764,0.0019171278007744043,113.69371943805959,-138.864105752817,0.729788211054132,AMD,2026-09-18,570.0,call,646800.0,buy
2026-06-03 11:10:59.255000-04:00,.AMD260918C570,75.55,77.0,77.0,64.15,15.0,115500.0,I ,buy,537.3385,0.4907059889614764,0.0019171278007744043,113.69371943805959,-138.864105752817,0.729788211054132,AMD,2026-09-18,570.0,call,115500.0,buy
2026-06-03 11:11:31.120000-04:00,.MU281215C2140,368.0,380.0,375.06,366.0,1.0,37506.0,f ,buy,1068.818,0.578532288873868,0.0002643146670889671,656.2853514837526,-114.06825015334785,0.8821774806256437,MU,2028-12-15,2140.0,call,37506.0,buy
2026-06-03 11:11:31.076000-04:00,.AVGO260618C440,57.25,59.35,58.3,57.944444017591124,5.0,29150.0,f ,sell,488.4263,0.7711497680357575,0.004059071370732972,30.10821491635283,-271.1813865700965,0.75022188265753,AVGO,2026-06-18,440.0,call,29150.0,sell
2026-06-03 11:11:30.963000-04:00,.AAPL270115C315,26.75,26.8,26.8,26.8,10.0,26800.0,I ,buy,311.0837,0.5239056805967021,0.005547363999073379,97.50367366741345,-23.060110715650307,0.2931913732332542,AAPL,2027-01-15,315.0,call,26800.0,buy
2026-06-03 11:12:01.705000-04:00,.IBM260821C270,51.0,52.45,52.45,52.45,30.0,157350.0,I ,buy,307.6331,0.7398123852607147,0.004095356972865265,46.57965302164359,-59.24236489622493,0.5519548425065514,IBM,2026-08-21,270.0,call,157350.0,buy
2026-06-03 11:12:01.138000-04:00,.SPXW261016C7575,348.1,348.8,348.39,347.95000000000005,1.0,34839.0,f ,sell,7579.15,0.5692390459057677,0.0005213852528781669,1833.903495535213,-399.69558139576037,0.16146189921615203,SPXW,2026-10-16,7575.0,call,34839.0,sell
2026-06-03 11:12:01.138000-04:00,.SPXW261016C7600,332.1,333.0,332.59,332.19999999999993,1.0,33259.0,f ,buy,7579.15,0.5561818341273926,0.0005288425131484598,1843.5234797023388,-398.2044600299653,0.16002013571700335,SPXW,2026-10-16,7600.0,call,33259.0,buy
2026-06-03 11:12:01.032000-04:00,.DELL270115C100,321.45,325.4,323.43,323.6906172772375,1.0,32343.0,f ,buy,421.3755,0.9859172682911719,0.00010614297942289107,11.901392799137627,-9.777440384432584,1.0184482877887895,DELL,2027-01-15,100.0,call,32343.0,buy
2026-06-03 11:12:00.774000-04:00,.MU270115C800,424.0,429.45,425.0,426.250334016976,1.0,42500.0,I ,sell,1067.4873,0.7761070016577651,0.0003721923344320626,251.26561327815568,-193.85560092057935,0.9564394645839693,MU,2027-01-15,800.0,call,42500.0,sell
2026-06-03 11:12:00.765000-04:00,.SPXW260603C7525,54.1,54.7,54.53,55.8,8.0,43624.0,f ,buy,7579.15,0.8895597194912002,0.0042935858030110395,33.496470432163804,-7537.887286110294,0.24725743215657037,SPXW,2026-06-03,7525.0,call,43624.0,buy
2026-06-03 11:12:00.765000-04:00,.SPXW260701C7750,39.7,40.1,39.81,39.85000000000001,8.0,31848.0,f ,sell,7579.15,0.26947003839925276,0.0013434007675941515,697.1969064776343,-525.6074943205053,0.11649560951549676,SPXW,2026-07-01,7750.0,call,31848.0,sell
2026-06-03 11:12:00.765000-04:00,.SPXW260701P7300,37.4,37.8,37.68,37.75,8.0,30144.0,f ,buy,7579.15,-0.19082558756227175,0.0007746384543559605,574.2894227751109,-618.4702602210353,0.1664146147385505,SPXW,2026-07-01,7300.0,put,30144.0,buy
2026-06-03 11:12:31.836000-04:00,.COIN260618P190,25.25,26.1,25.71,25.806353696308204,10.0,25710.000000000004,f ,buy,166.7853,-0.8002821609861132,0.011718183267386422,9.515062699317033,-80.1661239057645,0.7017597708787091,COIN,2026-06-18,190.0,put,25710.0,buy
2026-06-03 11:12:31.792000-04:00,.RCAT261016C5,9.0,9.2,9.0,9.462449962326893,32.0,28800.0,I ,sell,13.7963,0.9327900721849792,0.009125134580323954,1.0911478837802333,-2.504602675185886,1.700482998535778,RCAT,2026-10-16,5.0,call,28800.0,sell
2026-06-03 11:12:31.728000-04:00,.AMZN280616C270,54.0,56.9,55.42,55.78,20.0,110840.00000000001,f ,sell,250.778,0.5799218468628673,0.002450068800836609,139.93818053853826,-15.2949344201117,0.4456956590515639,AMZN,2028-06-16,270.0,call,110840.0,sell
2026-06-03 11:12:31.728000-04:00,.AMZN280616C260,57.9,60.8,59.39,59.34102995983226,20.0,118780.0,f ,buy,250.778,0.6030352772405461,0.0024079988621156013,137.8941045445099,-15.139229074209819,0.44769848471517765,AMZN,2028-06-16,260.0,call,118780.0,buy
2026-06-03 11:12:31.381000-04:00,.RGTI260918C30,4.5,4.6,4.55,4.8,196.0,89180.0,I ,sell,24.5255,0.5196101596955305,0.024555923172828776,5.430585221877724,-11.006167829130264,1.1906031342968455,RGTI,2026-09-18,30.0,call,89180.0,sell
2026-06-03 11:12:31.353000-04:00,.TSLA260618C500,2.33,2.36,2.36,2.415000420305857,200.0,47200.0,I ,buy,431.9242,0.1080845254047863,0.003816376770172293,16.380089784157935,-108.45420773568442,0.5515003962511049,TSLA,2026-06-18,500.0,call,47200.0,buy
2026-06-03 11:12:31.293000-04:00,.GOOG260918C385,17.4,17.9,17.65,17.624999999999996,29.0,51185.0,I ,buy,356.6157,0.38997675916117364,0.005358022694096226,74.17746076286768,-46.77143181897972,0.3703783973143302,GOOG,2026-09-18,385.0,call,51185.0,buy
2026-06-03 11:12:31.045000-04:00,.CRWD260821C760,88.45,90.15,88.45,87.80736933359638,4.0,35380.0,I ,sell,758.1643,0.5547044759555504,0.0017696164652684933,139.5022064422889,-203.35543216543113,0.6326190883982967,CRWD,2026-08-21,760.0,call,35380.0,sell
2026-06-03 11:12:30.747000-04:00,.SPXW260603C7140,438.3,439.4,438.85,438.6012012717785,1.0,43885.0,f ,sell,7578.15,0.9717748169516576,0.0002725031894946099,11.504630562921083,-13925.873432589657,1.3344443240583257,SPXW,2026-06-03,7140.0,call,43885.0,sell
2026-06-03 11:12:30.747000-04:00,.SPXW260603C7130,448.3,449.4,448.85,448.600331675042,1.0,44885.0,f ,undefined,7578.15,0.9722676834690486,0.0002633528879127506,11.337068898988077,-13993.042913986303,1.3606990208404266,SPXW,2026-06-03,7130.0,call,44885.0,mid
2026-06-03 11:13:04.036000-04:00,.AAPL270115C315,26.5,26.65,26.55,26.6,10.0,26550.0,I ,sell,310.6279,0.5220465609146707,0.005560866150965949,97.42908343775116,-23.016614638260698,0.2928609105665854,AAPL,2027-01-15,315.0,call,26550.0,sell
2026-06-03 11:13:03.809000-04:00,.BE260918C480,30.15,32.2,31.3,31.396524359950536,20.0,62600.0,I ,buy,294.0495,0.33702035810132547,0.0018980664261464817,58.3491984181292,-119.6038053464468,1.2040430150220152,BE,2026-09-18,480.0,call,62600.0,buy
2026-06-03 11:13:03.796000-04:00,.SNDK260918C2200,274.0,288.8,282.78,281.69665012199147,3.0,84833.99999999999,f ,buy,1796.3058,0.47679452077235396,0.0003813666337563362,387.64402752964367,-708.0663726765096,1.0729346323444213,SNDK,2026-09-18,2200.0,call,84834.0,buy
2026-06-03 11:13:03.664000-04:00,.AMD260612P540,27.65,28.25,27.65,27.625000000000004,37.0,102305.0,I ,sell,536.7728,-0.4980169703801012,0.006185172575172313,33.975024739510665,-510.4409171113925,0.7573520368721185,AMD,2026-06-12,540.0,put,102305.0,sell
2026-06-03 11:13:03.664000-04:00,.AMD260612P540,27.65,28.25,27.65,27.625000000000004,17.0,47004.99999999999,I ,sell,536.7728,-0.4980169703801012,0.006185172575172313,33.975024739510665,-510.4409171113925,0.7573520368721185,AMD,2026-06-12,540.0,put,47005.0,sell
2026-06-03 11:13:03.664000-04:00,.AMD260612P540,27.65,28.25,27.65,27.625000000000004,20.0,55300.0,I ,sell,536.7728,-0.4980169703801012,0.006185172575172313,33.975024739510665,-510.4409171113925,0.7573520368721185,AMD,2026-06-12,540.0,put,55300.0,sell
2026-06-03 11:13:03.664000-04:00,.AMD260612P540,27.65,28.25,27.65,27.625000000000004,25.0,69125.0,I ,sell,536.7728,-0.4980169703801012,0.006185172575172313,33.975024739510665,-510.4409171113925,0.7573520368721185,AMD,2026-06-12,540.0,put,69125.0,sell
2026-06-03 11:13:03.247000-04:00,.ORCL260612C220,21.8,22.4,22.1,21.70323775430224,15.0,33150.0,f ,sell,231.949,0.6508566093067434,0.009443994742022354,13.60551462926936,-287.6693137691642,1.0658405168280356,ORCL,2026-06-12,220.0,call,33150.0,sell
2026-06-03 11:13:02.944000-04:00,.TQQQ260605P89,2.6,2.85,2.85,2.795000000000001,100.0,28500.0,I ,buy,87.0452,-0.6615269726536941,0.08695904672604801,2.4740428270701424,-127.64519984305082,0.6218871487553723,TQQQ,2026-06-05,89.0,put,28500.0,buy
2026-06-03 11:13:35.244000-04:00,.AMD260605C190,344.5,351.65,347.73,347.36382844176984,3.0,104319.0,g ,sell,537.9607,0.9909889893232098,9.266886764639833e-05,1.0133021058838874,-530.0704763168917,6.305228764463589,AMD,2026-06-05,190.0,call,104319.0,sell
2026-06-03 11:13:35.244000-04:00,.AMD260612C190,344.85,350.15,347.84,347.44736833857087,3.0,104352.0,g ,buy,537.9607,0.9904007766287719,9.671101566786877e-05,2.1901361677895905,-135.65756849990694,3.122374637197749,AMD,2026-06-12,190.0,call,104352.0,buy
2026-06-03 11:13:34.862000-04:00,.RDDT260918C165,26.8,28.55,28.03,27.766663703417553,23.0,64469.00000000001,a ,buy,166.2131,0.5879908417443437,0.005636297876062025,35.01094005313784,-45.752835933688445,0.7676183978150377,RDDT,2026-09-18,165.0,call,64469.0,buy
2026-06-03 11:13:34.862000-04:00,.RDDT260918C165,26.8,28.55,27.91,27.766663703417553,12.0,33492.0,a ,buy,166.2131,0.5879908417443437,0.005636297876062025,35.01094005313784,-45.752835933688445,0.7676183978150377,RDDT,2026-09-18,165.0,call,33492.0,buy
2026-06-03 11:13:34.555000-04:00,.TSLA260605C450,1.98,2.0,1.98,1.97,168.0,33264.0,I ,sell,431.9214,0.1878328309423521,0.013802262371544735,9.033424710673426,-436.5247645449888,0.5823267343890669,TSLA,2026-06-05,450.0,call,33264.0,sell
2026-06-03 11:13:34.527000-04:00,.TSLA260605C400,32.25,32.75,32.48,32.43,10.0,32479.999999999996,a ,sell,431.9214,0.9445312203890633,0.005300131090190555,3.754572512999341,-196.37719693533683,0.6302478782914984,TSLA,2026-06-05,400.0,call,32480.0,sell
2026-06-03 11:13:34.513000-04:00,.CRWD270115C950,85.7,91.05,88.5,88.4045951854215,3.0,26550.0,f ,buy,757.6588,0.41893666377730104,0.001035452035390541,233.16282698810025,-118.90448981981352,0.6321908210321994,CRWD,2027-01-15,950.0,call,26550.0,buy
2026-06-03 11:13:34.513000-04:00,.CRWD260821C760,87.3,91.65,89.35,87.92424447439397,3.0,26804.999999999996,f ,sell,758.0119,0.5551234963904135,0.0017691609215856033,139.52566128134083,-203.35134539311204,0.6324903563805574,CRWD,2026-08-21,760.0,call,26805.0,sell
2026-06-03 11:14:10.718000-04:00,.AMD281215P680,290.0,293.9,293.9,320.2,10.0,293900.0,I ,buy,538.2979,-0.44337290239786586,0.0008370857400892552,312.28810385219873,-36.20802830411119,0.5966029116707049,AMD,2028-12-15,680.0,put,293900.0,buy
2026-06-03 11:14:10.687000-04:00,.AMD281215P660,276.0,279.65,279.65,285.5,10.0,279650.0,I ,buy,538.2979,-0.4183518220701288,0.0008116576097939129,324.64610844185984,-36.99072245421825,0.5788784062682611,AMD,2028-12-15,660.0,put,279650.0,buy
2026-06-03 11:14:10.526000-04:00,.AMD281215P660,276.0,285.0,279.3,285.5,10.0,279300.0,I ,sell,538.2979,-0.4183518220701288,0.0008116576097939129,324.64610844185984,-36.99072245421825,0.5788784062682611,AMD,2028-12-15,660.0,put,279300.0,sell
2026-06-03 11:14:10.515000-04:00,.AMD281215P680,293.6,300.0,293.6,320.2,10.0,293600.0,I ,sell,538.2979,-0.44337290239786586,0.0008370857400892552,312.28810385219873,-36.20802830411119,0.5966029116707049,AMD,2028-12-15,680.0,put,293600.0,sell
2026-06-03 11:14:10.515000-04:00,.AMD281215P690,300.85,306.85,300.85,309.1,10.0,300850.0,I ,sell,538.2979,-0.441248760058102,0.0008288995864452756,326.74064069150876,-36.82055543807081,0.5749465289391977,AMD,2028-12-15,690.0,put,300850.0,sell
2026-06-03 11:14:10.437000-04:00,.AMD281215P670,283.0,286.75,286.75,293.91,1.0,28675.0,I ,buy,538.2979,-0.4697772648580246,0.0009352239662322032,313.42161625092945,-33.123515125876075,0.5398564541853581,AMD,2028-12-15,670.0,put,28675.0,buy
2026-06-03 11:14:10.237000-04:00,.AMD281215P670,286.45,292.0,286.45,293.91,1.0,28645.0,I ,sell,538.2979,-0.4697772648580246,0.0009352239662322032,313.42161625092945,-33.123515125876075,0.5398564541853581,AMD,2028-12-15,670.0,put,28645.0,sell
2026-06-03 11:14:10.036000-04:00,.SPX270521P8125,641.2,642.8,641.94,640.7499999999998,1.0,64194.00000000001,f ,sell,7576.75,-0.5629316648617954,0.000329763200105125,3032.497709728156,-244.12112003124247,0.15521007406941456,SPX,2027-05-21,8125.0,put,64194.0,sell
2026-06-03 11:14:10.036000-04:00,.SPX270521P7625,439.5,441.0,440.29,439.34999999999997,1.0,44029.0,f ,buy,7576.75,-0.4028275044903298,0.00028170444984777163,2979.2340237857143,-275.8176860737332,0.17849765931380318,SPX,2027-05-21,7625.0,put,44029.0,buy
2026-06-03 11:14:09.820000-04:00,.SNDK261016P1500,275.1,282.9,278.97,277.1980685714287,1.0,27897.000000000004,f ,sell,1801.6944,-0.2739139518975192,0.00029291718831104445,364.01644406087865,-511.07425838597607,1.0401050401801049,SNDK,2026-10-16,1500.0,put,27897.0,sell
2026-06-03 11:14:09.820000-04:00,.SNDK261016P2060,598.0,615.2,608.24,607.6168517156297,1.0,60824.0,f ,buy,1801.6944,-0.4669115785777478,0.0003609390711121492,434.5725837633538,-591.1226629932611,1.0076958791398138,SNDK,2026-10-16,2060.0,put,60824.0,buy
2026-06-03 11:14:09.784000-04:00,.SNDK260605C1800,66.5,69.0,67.89,64.51,5.0,33945.0,a ,buy,1801.6944,0.5142150643951423,0.002435418452468147,55.65278463578746,-5416.5636895225825,1.1727569427109696,SNDK,2026-06-05,1800.0,call,33945.0,buy
2026-06-03 11:14:09.713000-04:00,.CRWV260612C105,11.9,12.5,12.5,12.329528258880963,20.0,25000.0,I ,buy,114.1395,0.7117527121429064,0.018118624299024902,6.156859481398072,-127.55523692173331,1.0443920770788448,CRWV,2026-06-12,105.0,call,25000.0,buy
2026-06-03 11:14:09.703000-04:00,.NBIS270115C260,87.65,90.65,89.15,91.0,8.0,71320.0,a ,sell,259.5927,0.6753313840173886,0.0015333453389458841,74.03052377896556,-68.08878592525883,1.1402096439605338,NBIS,2027-01-15,260.0,call,71320.0,sell
2026-06-03 11:14:09.576000-04:00,.SPXW260807C7670,158.6,159.1,158.86,159.7,24.0,381264.00000000006,f ,buy,7576.75,0.47297961242533654,0.0008799870276069022,1282.8467465361289,-503.9235192065161,0.14033750981320778,SPXW,2026-08-07,7670.0,call,381264.0,buy
2026-06-03 11:14:09.576000-04:00,.SPXW260807C7570,217.5,218.1,217.79,219.03962118740364,24.0,522696.0,f ,sell,7576.75,0.5590514993215441,0.0008260079317422323,1271.6853467523506,-527.5534416135889,0.148207679776317,SPXW,2026-08-07,7570.0,call,522696.0,sell
2026-06-03 11:14:09.576000-04:00,.SPXW260731C7615,173.8,174.3,174.04,175.13511971751305,24.0,417696.0,f ,sell,7576.75,0.5160273714967316,0.0009210698378119246,1212.9271105594335,-540.9622769967023,0.14223010723581167,SPXW,2026-07-31,7615.0,call,417696.0,sell
2026-06-03 11:14:09.576000-04:00,.SPXW260731C7515,237.7,238.3,238.02,239.3769017157291,24.0,571248.0,f ,buy,7576.75,0.6027493141651408,0.0008392536585796976,1173.4189929764875,-555.6523039342858,0.15101123706462058,SPXW,2026-07-31,7515.0,call,571248.0,buy
2026-06-03 11:14:09.488000-04:00,.FSLY260605C19.5,1.95,2.35,2.1,2.187680012547679,200.0,42000.0,I ,sell,21.38,0.8001345197593417,0.11078664063330607,0.46471244735017225,-58.64083611896004,1.5211596828542935,FSLY,2026-06-05,19.5,call,42000.0,sell
2026-06-03 11:14:42.276000-04:00,.LITE260618P860,29.8,35.4,31.51,32.40999,50.0,157550.0,f ,sell,969.035,-0.246315920308263,0.0015829709758743314,62.37202364688197,-753.9576827604407,1.0067074857309355,LITE,2026-06-18,860.0,put,157550.0,sell
2026-06-03 11:14:41.772000-04:00,.AAPL260603C220,89.95,91.7,90.85,90.9,10.0,90850.0,g ,buy,310.6141,0.9891244478166192,0.000592600147945057,0.20802014704582028,-1272.6849827332553,6.670190395341451,AAPL,2026-06-03,220.0,call,90850.0,buy
2026-06-03 11:14:41.772000-04:00,.AAPL260603C225,85.05,86.7,85.86,85.97,10.0,85860.0,g ,sell,310.6141,0.9853831540725124,0.0007768923875631628,0.2686819555538787,-1619.5263268460883,6.571616657717719,AAPL,2026-06-03,225.0,call,85860.0,sell
2026-06-03 11:14:41.751000-04:00,.MU260717C1380,58.35,59.45,59.45,58.84198557084554,5.0,29725.0,I ,buy,1068.5291,0.2930488906387051,0.0009061169750592403,127.75999102053552,-539.1729565805086,1.0220719858958973,MU,2026-07-17,1380.0,call,29725.0,buy
2026-06-03 11:14:41.621000-04:00,.GOOGL271217C515,30.15,32.4,31.8,33.65,10.0,31800.0,f ,buy,359.5848,0.3427785804957302,0.0019246805582222816,165.19806267962554,-22.745986765146696,0.4248733414120265,GOOGL,2027-12-17,515.0,call,31800.0,buy
2026-06-03 11:14:41.621000-04:00,.GOOGL261218C385,31.15,32.35,31.75,31.960385122855957,10.0,31750.0,f ,buy,359.5848,0.46707861732751343,0.00377681563239211,105.50948607931507,-38.530131373251784,0.39667847601757605,GOOGL,2026-12-18,385.0,call,31750.0,buy
2026-06-03 11:14:41.615000-04:00,.GOOGL271217P370,60.65,61.0,61.0,49.02,5.0,30500.0,I ,buy,359.5848,-0.4673611612465395,0.0035641068480403186,179.49125637270595,-14.249619094860272,0.24712272882100042,GOOGL,2027-12-17,370.0,put,30500.0,buy
2026-06-03 11:14:41.580000-04:00,.MU261120C1390,175.8,181.5,179.19,179.28324904890187,2.0,35838.0,f ,buy,1068.5291,0.47081292712522693,0.0005671521325438625,290.02549418401054,-299.2207625570356,0.9624000691122698,MU,2026-11-20,1390.0,call,35838.0,buy
2026-06-03 11:14:41.579000-04:00,.MU261120C1390,175.8,181.5,179.19,179.28324904890187,2.0,35838.0,f ,buy,1068.5291,0.47081292712522693,0.0005671521325438625,290.02549418401054,-299.2207625570356,0.9624000691122698,MU,2026-11-20,1390.0,call,35838.0,buy
2026-06-03 11:14:41.529000-04:00,.MU270617C1500,271.55,279.05,275.0,271.0,1.0,27500.0,I ,sell,1068.5291,0.5396399017198267,0.00039891910349909094,429.3008436098581,-189.7040807471559,0.9201775539233857,MU,2027-06-17,1500.0,call,27500.0,sell
2026-06-03 11:14:41.480000-04:00,.SOXX260717C510,115.9,119.7,119.7,118.40079435530825,6.0,71820.0,I ,buy,616.2564,0.838397583340164,0.0018552197862523904,52.491965124915076,-133.48538072917356,0.6158705139776304,SOXX,2026-07-17,510.0,call,71820.0,buy
2026-06-03 11:14:41.450000-04:00,.MU260605C1035,53.95,54.9,54.9,54.083423079836976,5.0,27450.0,I ,buy,1068.5291,0.6572127764264883,0.004055306202920052,30.44916858833193,-2764.8339791273916,1.0940376567438037,MU,2026-06-05,1035.0,call,27450.0,buy
2026-06-03 11:15:13.479000-04:00,.TSLA260618C415,26.05,26.2,26.11,26.600000413808296,10.0,26110.000000000004,a ,sell,431.3201,0.6758781650598059,0.00840801659001649,31.696014695243345,-184.583989769972,0.48499342036656606,TSLA,2026-06-18,415.0,call,26110.0,sell
2026-06-03 11:15:13.182000-04:00,.MU260605C1040,50.7,51.6,51.37,50.925,5.0,25684.999999999996,a ,buy,1069.1152,0.6363705359900458,0.0041523179301169635,31.099635927770123,-2816.8378243389443,1.091302600429988,MU,2026-06-05,1040.0,call,25685.0,buy
2026-06-03 11:15:12.629000-04:00,.MRVL260918C290,73.0,74.1,74.1,74.47454011071136,5.0,37050.0,I ,buy,307.1818,0.649508373648687,0.002172108882375032,61.79354878498257,-107.64013353067779,1.0231945966164127,MRVL,2026-09-18,290.0,call,37050.0,buy
2026-06-03 11:15:12.432000-04:00,.SPX260717C4000,3581.8,3600.3,3589.62,3610.4952009999197,1.0,358962.0,f ,sell,7576.24,0.9998702622870679,3.6780924666832157e-07,1.333443916362321,-2.889472356556826,0.5208379384230983,SPX,2026-07-17,4000.0,call,358962.0,sell
2026-06-03 11:15:12.318000-04:00,.LITE260605P1050,93.4,93.4,93.4,92.24234113243395,12.0,112080.00000000001,I ,buy,967.917,-0.7764321721659639,0.003128023396543627,22.48611984707716,-2369.457533514712,1.2695673847961257,LITE,2026-06-05,1050.0,put,112080.0,buy
2026-06-03 11:15:12.318000-04:00,.LITE260605P1050,93.4,93.4,93.4,92.24234113243395,15.0,140100.0,I ,buy,967.917,-0.7764321721659639,0.003128023396543627,22.48611984707716,-2369.457533514712,1.2695673847961257,LITE,2026-06-05,1050.0,put,140100.0,buy
2026-06-03 11:15:12.318000-04:00,.LITE260605P1050,93.4,93.4,93.4,92.24234113243395,7.0,65380.00000000001,I ,buy,967.917,-0.7764321721659639,0.003128023396543627,22.48611984707716,-2369.457533514712,1.2695673847961257,LITE,2026-06-05,1050.0,put,65380.0,buy
2026-06-03 11:15:12.317000-04:00,.LITE260605P1050,93.4,93.4,93.4,92.24234113243395,6.0,56040.00000000001,I ,buy,967.917,-0.7764321721659639,0.003128023396543627,22.48611984707716,-2369.457533514712,1.2695673847961257,LITE,2026-06-05,1050.0,put,56040.0,buy
2026-06-03 11:15:12.315000-04:00,.LITE260605P1050,93.4,93.4,93.4,92.24234113243395,6.0,56040.00000000001,I ,buy,967.917,-0.7764321721659639,0.003128023396543627,22.48611984707716,-2369.457533514712,1.2695673847961257,LITE,2026-06-05,1050.0,put,56040.0,buy
2026-06-03 11:15:12.315000-04:00,.LITE260605P1050,93.4,93.4,93.4,92.24234113243395,31.0,289540.0,I ,buy,967.917,-0.7764321721659639,0.003128023396543627,22.48611984707716,-2369.457533514712,1.2695673847961257,LITE,2026-06-05,1050.0,put,289540.0,buy
2026-06-03 11:15:44.423000-04:00,.SPX260717C7350,325.3,327.1,326.2,326.3469236043823,7.0,228340.0,f ,sell,7575.84,0.7453004912125618,0.0007655968792834394,846.6624744938875,-559.6443801637095,0.15887686333200587,SPX,2026-07-17,7350.0,call,228340.0,sell
2026-06-03 11:15:44.423000-04:00,.SPX260717C7350,325.3,327.1,326.2,326.3469236043823,15.0,489300.0,f ,sell,7575.84,0.7453004912125618,0.0007655968792834394,846.6624744938875,-559.6443801637095,0.15887686333200587,SPX,2026-07-17,7350.0,call,489300.0,sell
2026-06-03 11:15:44.423000-04:00,.SPX260717P6950,26.6,27.0,26.8,26.799995000000003,15.0,40200.0,f ,buy,7575.84,-0.09937132417416827,0.0003157615929780615,460.88925451282734,-402.0920992689359,0.20969485673150717,SPX,2026-07-17,6950.0,put,40200.0,buy
2026-06-03 11:15:44.335000-04:00,.FSLY260918C20,5.3,5.8,5.41,5.558555074543112,276.0,149316.0,a ,sell,21.2413,0.6603758438648699,0.028995324078730282,4.258083291278284,-7.87612235961537,1.0864888705199185,FSLY,2026-09-18,20.0,call,149316.0,sell
2026-06-03 11:15:44.335000-04:00,.FSLY260918C20,5.3,5.8,5.41,5.558555074543112,200.0,108200.0,a ,sell,21.2413,0.6603758438648699,0.028995324078730282,4.258083291278284,-7.87612235961537,1.0864888705199185,FSLY,2026-09-18,20.0,call,108200.0,sell
2026-06-03 11:15:44.279000-04:00,.AGX260618C750,32.3,39.0,35.38,35.88362570803151,10.0,35380.0,g ,sell,676.6639,0.3740906644128958,0.0024132924283674527,52.40862283795112,-714.3349812746718,1.1351326163199005,AGX,2026-06-18,750.0,call,35380.0,sell
2026-06-03 11:15:44.279000-04:00,.AGX260717C680,77.0,84.0,81.11,80.71441865959446,10.0,81110.0,g ,buy,676.6639,0.5560631585587527,0.0019221525791107872,93.16796499236165,-335.15884924615045,0.871228421463167,AGX,2026-07-17,680.0,call,81110.0,buy
2026-06-03 11:15:44.112000-04:00,.TSLA260605P455,24.85,25.1,25.04,24.8,15.0,37560.0,a ,buy,431.1856,-0.8797025348791365,0.010395112702806995,6.706953583036883,-320.76861718131494,0.575965719109342,TSLA,2026-06-05,455.0,put,37560.0,buy
2026-06-03 11:15:44.081000-04:00,.MU260618C1000,120.95,123.95,121.93,121.82,4.0,48772.0,a ,sell,1069.0611,0.6647338844411916,0.0016823398349159976,79.45827556244305,-946.9006467058086,0.9935015983128652,MU,2026-06-18,1000.0,call,48772.0,sell
2026-06-03 11:15:43.985000-04:00,.QQQ261218C790,39.4,39.41,39.4,39.459999999999994,22.0,86680.0,I ,sell,745.7233,0.41991395034825196,0.002719920470169876,214.85328564619832,-51.71235229898599,0.2614454173124924,QQQ,2026-12-18,790.0,call,86680.0,sell
2026-06-03 11:15:43.981000-04:00,.QQQ260604P745,3.49,3.5,3.5,3.43,100.0,35000.0,S ,buy,745.7233,-0.4630072043149678,0.041346203014300635,16.973770187714063,-581.3096891320478,0.22483360834450283,QQQ,2026-06-04,745.0,put,35000.0,buy
2026-06-03 11:15:43.826000-04:00,.CRWD281215C1000,228.0,235.3,230.2,231.14457255797998,5.0,115100.0,a ,sell,756.7468,0.5921596055257428,0.000505491282387727,468.5974325527654,-58.75533050512072,0.6363676993610874,CRWD,2028-12-15,1000.0,call,115100.0,sell
2026-06-03 11:16:15.297000-04:00,.SNDK270115C2520,396.1,401.6,401.6,398.4322835811485,1.0,40160.0,I ,buy,1804.1131,0.5096494435891497,0.000262146690041739,564.6819796707651,-489.4563948548194,1.0745278990097096,SNDK,2027-01-15,2520.0,call,40160.0,buy
2026-06-03 11:16:15.158000-04:00,.ABBV261016C185,37.45,37.8,37.8,37.85438644263607,20.0,75600.0,I ,buy,217.9867,0.8124142304486826,0.005948179660270819,35.672353883862804,-16.45026549218081,0.34162323025117103,ABBV,2026-10-16,185.0,call,75600.0,buy
2026-06-03 11:16:15.126000-04:00,.SPXW260605P7700,119.8,126.7,123.11,122.89865567283431,10.0,123109.99999999999,f ,sell,7576.17,-0.9642165109650249,0.00117481900867699,46.26756955319445,-437.6676596984591,0.11390539052389094,SPXW,2026-06-05,7700.0,put,123110.0,sell
2026-06-03 11:16:15.033000-04:00,.TSLA281215C500,132.4,133.0,133.0,125.08,2.0,26600.0,I ,buy,430.8129,0.6054654929099615,0.0009989129455295195,256.95501226115994,-29.19885657124375,0.5772372171978415,TSLA,2028-12-15,500.0,call,26600.0,buy
2026-06-03 11:16:15.016000-04:00,.PLTR261218P150,24.9,25.2,25.01,25.1,25.0,62525.0,a ,sell,145.4124,-0.4544208515231195,0.0070172897835565655,42.47786845936589,-20.607756005167683,0.526980235877775,PLTR,2026-12-18,150.0,put,62525.0,sell
2026-06-03 11:16:14.993000-04:00,.SNDK270115C2520,401.2,410.8,401.2,398.4322835811485,1.0,40120.0,I ,sell,1804.1131,0.5096494435891497,0.000262146690041739,564.6819796707651,-489.4563948548194,1.0745278990097096,SNDK,2027-01-15,2520.0,call,40120.0,sell
2026-06-03 11:16:14.767000-04:00,.MU260605C1195,4.85,5.4,5.21,5.122600328892952,79.0,41159.0,f ,buy,1068.0868,0.11407019116409756,0.002014229405995056,15.996859386388605,-1535.4499860273609,1.155844498517139,MU,2026-06-05,1195.0,call,41159.0,buy
2026-06-03 11:16:14.767000-04:00,.MU260605C1115,17.7,18.9,17.96,18.325,79.0,141884.0,f ,sell,1068.0868,0.3228584265705282,0.003941876461923349,29.752997275586463,-2714.1483877795126,1.0985032040233447,MU,2026-06-05,1115.0,call,141884.0,sell
2026-06-03 11:16:14.662000-04:00,.MUU261218C1500,410.0,427.6,415.96,418.99167124884855,1.0,41596.0,g ,sell,1041.3364,0.6518263116355202,0.0002668460262427989,284.682396202347,-471.50928337375075,1.799102452026279,MUU,2026-12-18,1500.0,call,41596.0,sell
2026-06-03 11:16:14.662000-04:00,.MUU260918C1135,362.0,378.8,372.84,371.8957038020928,1.0,37284.0,g ,buy,1041.3364,0.6607985922251421,0.0003519453140603976,207.29820112436087,-648.2698305210324,1.83688282386275,MUU,2026-09-18,1135.0,call,37284.0,buy
2026-06-03 11:16:14.646000-04:00,.QQQ260612P730,4.17,4.21,4.21,4.145,156.0,65676.0,I ,buy,745.6201,-0.26154301306755356,0.012648677818317527,38.518491838108936,-166.0625261871078,0.217269385711542,QQQ,2026-06-12,730.0,put,65676.0,buy
2026-06-03 11:16:47.063000-04:00,.MU270115C1000,332.6,338.4,335.27,335.4650160344448,1.0,33527.0,f ,sell,1067.8658,0.6775837821804983,0.0004510453839451082,301.70862233229377,-230.15311894883018,0.9456585421066531,MU,2027-01-15,1000.0,call,33527.0,sell
2026-06-03 11:16:46.475000-04:00,.TSLA260605C450,1.81,1.82,1.81,1.78,444.0,80364.0,I ,sell,430.8676,0.17424962333978505,0.013258765703333796,8.595307410350836,-414.0770831730912,0.5798932306595052,TSLA,2026-06-05,450.0,call,80364.0,sell
2026-06-03 11:16:46.162000-04:00,.MRVL260821C145,164.1,167.95,165.98,166.0493079553955,3.0,49793.99999999999,g ,sell,307.3257,0.9533867752335121,0.0005976050244751289,13.951039395732058,-36.66226392549336,1.1404123389835632,MRVL,2026-08-21,145.0,call,49794.0,sell
2026-06-03 11:16:46.162000-04:00,.MRVL260821C145,164.1,167.95,165.98,166.0493079553955,4.0,66392.0,g ,sell,307.3257,0.9533867752335121,0.0005976050244751289,13.951039395732058,-36.66226392549336,1.1404123389835632,MRVL,2026-08-21,145.0,call,66392.0,sell
2026-06-03 11:16:46.162000-04:00,.MRVL260821C155,154.9,158.55,156.75,157.02123899954847,4.0,62700.0,g ,buy,307.3257,0.9425121961276374,0.0007218726946387865,16.480905007228984,-42.35667760079892,1.1152956911310978,MRVL,2026-08-21,155.0,call,62700.0,buy
2026-06-03 11:16:46.162000-04:00,.MRVL260821C155,154.9,158.55,156.75,157.02123899954847,3.0,47025.0,g ,buy,307.3257,0.9425121961276374,0.0007218726946387865,16.480905007228984,-42.35667760079892,1.1152956911310978,MRVL,2026-08-21,155.0,call,47025.0,buy
2026-06-03 11:16:45.708000-04:00,.QCOM260626C250,23.9,24.95,23.9,24.01389676722392,128.0,305920.0,I ,sell,250.2825,0.5515062032585336,0.006635602989411041,24.995992209113368,-185.56024837937088,0.9436039805635679,QCOM,2026-06-26,250.0,call,305920.0,sell
2026-06-03 11:16:45.707000-04:00,.QCOM260626C250,22.85,24.95,23.9,24.01389676722392,36.0,86040.0,I ,buy,250.2825,0.5515062032585336,0.006635602989411041,24.995992209113368,-185.56024837937088,0.9436039805635679,QCOM,2026-06-26,250.0,call,86040.0,buy
2026-06-03 11:16:45.705000-04:00,.QCOM260626C250,22.85,24.95,23.9,24.01389676722392,36.0,86040.0,I ,buy,250.2825,0.5515062032585336,0.006635602989411041,24.995992209113368,-185.56024837937088,0.9436039805635679,QCOM,2026-06-26,250.0,call,86040.0,buy
2026-06-03 11:17:18.326000-04:00,.META270319P900,288.85,288.85,288.85,299.45,1.0,28885.000000000004,I ,undefined,617.3641,-0.9796007072840374,0.0004345021336539537,26.39913873097511,-3.5091627311629967,0.21134573104291302,META,2027-03-19,900.0,put,28885.0,buy
2026-06-03 11:17:18.318000-04:00,.MU280121C1550,347.35,361.65,354.95,334.66,1.0,35495.0,I ,buy,1066.8123,0.5901881208431295,0.000325371244367116,509.8512668291694,-141.40695088050936,0.9107839500222434,MU,2028-01-21,1550.0,call,35495.0,buy
2026-06-03 11:17:18.085000-04:00,.MU280121C1550,354.45,363.95,354.45,334.66,1.0,35445.0,I ,sell,1066.8123,0.5901881208431295,0.000325371244367116,509.8512668291694,-141.40695088050936,0.9107839500222434,MU,2028-01-21,1550.0,call,35445.0,sell
2026-06-03 11:17:17.902000-04:00,.KEYS260717C350,23.8,27.0,25.54,25.399999999999995,10.0,25539.999999999996,f ,buy,352.72,0.5519113800879302,0.006534159114444532,48.547125675995765,-98.87783704444684,0.4932552033438438,KEYS,2026-07-17,350.0,call,25540.0,buy
2026-06-03 11:17:17.765000-04:00,.ASML260612C1820,25.5,28.0,27.5,27.01678818955039,50.0,137500.0,e ,buy,1730.421,0.2967360893784174,0.0022965201156450775,95.05283446911795,-1034.1831923923532,0.548315715140191,ASML,2026-06-12,1820.0,call,137500.0,buy
2026-06-03 11:17:17.046000-04:00,.SPXW260603C7225,352.5,353.6,353.05,352.92872542576833,1.0,35305.0,f ,undefined,7577.81,0.9833026048961955,0.00024380967255584546,7.318398076187918,-6530.954050340812,0.9660203846977198,SPXW,2026-06-03,7225.0,call,35305.0,mid
2026-06-03 11:17:17.046000-04:00,.SPXW260603C7200,377.5,378.6,378.05,377.9263254257677,1.0,37805.0,f ,buy,7577.81,0.984214540367848,0.0002188037060346395,6.974638175498853,-6609.737212921977,1.0258602501951382,SPXW,2026-06-03,7200.0,call,37805.0,buy
2026-06-03 11:17:16.814000-04:00,.WDC280121C580,261.0,270.25,265.33,262.40881270198395,1.0,26533.0,f ,sell,598.4559,0.7240597664796443,0.0004922629624879022,255.9123365002382,-69.3449710220321,0.8867664356950766,WDC,2028-01-21,580.0,call,26533.0,sell
2026-06-03 11:17:16.814000-04:00,.WDC280121C520,280.0,290.0,285.33,287.3511747045269,1.0,28533.0,f ,buy,598.4559,0.7594017608891006,0.00044535232595484936,238.34978784408696,-66.48987287264316,0.9129063552819972,WDC,2028-01-21,520.0,call,28533.0,buy
2026-06-03 11:17:16.695000-04:00,.MSFT270115C420,51.7,52.15,52.15,51.9552904224165,6.0,31289.999999999996,I ,buy,426.8384,0.5774743705720119,0.003165188173535086,131.32548692212373,-39.04158067097318,0.368539055169021,MSFT,2027-01-15,420.0,call,31290.0,buy
2026-06-03 11:17:44.350000-04:00,.SHOP260821C135,7.25,7.65,7.45,7.600552993839041,90.0,67050.0,a ,buy,113.9938,0.35884980938283995,0.010136426711184785,19.841103226982344,-31.748263466481276,0.6943906920344096,SHOP,2026-08-21,135.0,call,67050.0,buy
2026-06-03 11:17:44.276000-04:00,.GOOGL270115P310,16.05,16.3,16.17,16.01,32.0,51744.00000000001,f ,sell,358.9912,-0.24521716867883459,0.0032851519233440653,89.02161666397339,-24.28972790016732,0.3382442093622255,GOOGL,2027-01-15,310.0,put,51744.0,sell
2026-06-03 11:17:44.276000-04:00,.GOOGL270115P370,41.85,42.35,42.09,41.86,16.0,67344.0,f ,sell,358.9912,-0.4957486288120112,0.00442669585378754,112.91203351251825,-28.99932762443703,0.3183837524985316,GOOGL,2027-01-15,370.0,put,67344.0,sell
2026-06-03 11:17:43.776000-04:00,.NDXP260604P29810,12.2,14.6,13.4,12.2,20.0,26800.0,g ,sell,30631.7021,-0.054374724284493414,0.00020948455016260088,193.44738498984742,-8842.681553215005,0.29989495637771263,NDXP,2026-06-04,29810.0,put,26800.0,sell
2026-06-03 11:17:43.672000-04:00,.AMD260605P510,4.7,5.1,5.1,4.77,50.0,25499.999999999996,I ,buy,536.0163,-0.2131925025394772,0.007646326185002122,12.138437737056105,-918.5633386833654,0.9108527837038485,AMD,2026-06-05,510.0,put,25500.0,buy
2026-06-03 11:17:43.367000-04:00,.SPXW260612C7330,259.8,264.2,261.98,261.30910968256075,1.0,26198.0,g ,sell,7577.28,0.9097545953713436,0.0008384699254117728,195.87359788376497,-626.5884189695466,0.16121878789511354,SPXW,2026-06-12,7330.0,call,26198.0,sell
2026-06-03 11:17:43.367000-04:00,.SPXW260610C7310,272.2,277.3,274.78,274.19940842571776,1.0,27477.999999999996,g ,buy,7577.28,0.9430080612117536,0.0006531622383272823,121.77673154242818,-508.1209526070208,0.1645600987111255,SPXW,2026-06-10,7310.0,call,27478.0,buy
2026-06-03 11:17:43.231000-04:00,.TLT260612C80.5,4.9,5.05,4.97,4.923674203662269,100.0,49700.0,g ,sell,85.33,0.927208300160081,0.04010522728108196,1.873671582877571,-9.471385092549145,0.2547541762912963,TLT,2026-06-12,80.5,call,49700.0,sell
2026-06-03 11:17:43.231000-04:00,.TLT260612C80,5.4,5.55,5.47,5.4210039349557775,100.0,54700.0,g ,sell,85.33,0.9330190394117968,0.03496058562479152,1.757466519935541,-9.559231039506464,0.27411776715528713,TLT,2026-06-12,80.0,call,54700.0,sell
2026-06-03 11:18:20.805000-04:00,.BMNR260612C16.5,1.16,1.19,1.18,1.2174631570259276,1500.0,177000.0,f ,buy,17.145,0.6482331572802877,0.17261125548442519,1.0113262369154103,-15.83118984265481,0.7887954485842199,BMNR,2026-06-12,16.5,call,177000.0,buy
2026-06-03 11:18:20.597000-04:00,.ROKU261218C100,31.8,32.1,32.1,32.92507881808225,125.0,401250.0,I ,buy,120.8621,0.7371565088488405,0.005627533448276048,29.049724172812375,-17.405163304786758,0.6508189817622063,ROKU,2026-12-18,100.0,call,401250.0,buy
2026-06-03 11:18:20.376000-04:00,.META260618C650,7.75,7.9,7.77,7.95,54.0,41958.0,f ,sell,618.3939,0.2765217623911935,0.00689794774761796,42.229899499338536,-194.87337428221383,0.38428639970704354,META,2026-06-18,650.0,call,41958.0,sell
2026-06-03 11:18:20.247000-04:00,.SPXW260605P7600,41.9,42.1,42.11,41.11359890350877,60.0,252660.0,t ,buy,7577.15,-0.6183634918392631,0.005297396877697119,224.11323837670716,-2279.9437368431054,0.12243175409077561,SPXW,2026-06-05,7600.0,put,252660.0,buy
2026-06-03 11:18:20.247000-04:00,.SPX260618P7600,82.5,83.0,82.82,81.9424287712243,60.0,496920.0,t ,buy,7577.15,-0.5215887683622998,0.002107312905867827,609.9206916867004,-924.6436136149365,0.12346523612900433,SPX,2026-06-18,7600.0,put,496920.0,buy
2026-06-03 11:18:20.247000-04:00,.SPXW260605C7600,20.1,20.3,20.14,20.71692992714156,60.0,120840.00000000001,t ,sell,7577.15,0.38837495144275574,0.005022913345843729,225.27131815747077,-2429.4487037042763,0.129789418388607,SPXW,2026-06-05,7600.0,call,120840.0,sell
2026-06-03 11:18:20.247000-04:00,.SPX260618C7600,70.1,70.5,70.15,71.05317859781181,60.0,420900.0,t ,sell,7577.15,0.4791132891278831,0.0020606981680377566,609.9779417629187,-945.7373531414739,0.12626997552880412,SPX,2026-06-18,7600.0,call,420900.0,sell
2026-06-03 11:18:19.994000-04:00,.SMCI270319C30,23.0,23.0,23.0,25.35,20.0,46000.0,I ,sell,47.0911,0.8452180102695299,0.0054806968958070225,10.560193336342484,-6.506431498195244,0.9792377892589068,SMCI,2027-03-19,30.0,call,46000.0,sell
2026-06-03 11:18:19.859000-04:00,.AMZN260603C205,45.1,45.85,45.47,45.5168142343413,6.0,27282.0,f ,sell,250.6516,0.996259466700557,0.0005858753691095743,0.06483320286110832,-197.33566197312186,3.276552604608516,AMZN,2026-06-03,205.0,call,27282.0,sell
2026-06-03 11:18:19.484000-04:00,.ROKU261218C100,31.8,32.15,32.15,32.92507881808225,125.0,401875.0,I ,buy,120.8621,0.7371565088488405,0.005627533448276048,29.049724172812375,-17.405163304786758,0.6508189817622063,ROKU,2026-12-18,100.0,call,401875.0,buy
2026-06-03 11:18:47.020000-04:00,.SOXX261120P595,70.7,75.4,73.01,73.1722396352922,18.0,131418.0,f ,sell,614.5811,-0.39314288898365,0.0018071809632367554,161.65997001624632,-87.7197268380718,0.5061610843922929,SOXX,2026-11-20,595.0,put,131418.0,sell
2026-06-03 11:18:46.903000-04:00,.NKE280121P52.5,14.35,16.5,14.35,14.56067806818182,25.0,35875.0,I ,sell,43.605,-0.5476998066854001,0.018143699559306732,22.103120430280413,-2.642233979909749,0.391203085651479,NKE,2028-01-21,52.5,put,35875.0,sell
2026-06-03 11:18:46.455000-04:00,.MSFT260821C430,27.55,27.95,27.74,27.55,10.0,27739.999999999996,f ,sell,427.2768,0.5170149622910216,0.005482409157472026,79.25881987532844,-66.77513441464889,0.3656037217587568,MSFT,2026-08-21,430.0,call,27740.0,sell
2026-06-03 11:18:46.207000-04:00,.HOOD260612C88,2.12,2.23,2.19,2.1800000000000006,971.0,212648.99999999997,g ,buy,83.9878,0.3598165110430639,0.039527141516974215,4.986010386312996,-70.24446055405306,0.7099292126413561,HOOD,2026-06-12,88.0,call,212649.0,buy
2026-06-03 11:18:46.207000-04:00,.HOOD260612C94,0.91,0.99,0.94,0.9450001632653788,971.0,91273.99999999999,g ,sell,83.9878,0.18457636695979907,0.02693877452863369,3.5530311642908066,-52.338507113682795,0.7422982870898633,HOOD,2026-06-12,94.0,call,91274.0,sell
2026-06-03 11:18:45.701000-04:00,.QCOM260605C240,13.6,14.1,14.1,14.099999999999998,25.0,35250.0,I ,buy,250.1246,0.718903062933455,0.01699013324418225,6.5530300781061275,-556.3421685997631,1.0216285973018078,QCOM,2026-06-05,240.0,call,35250.0,buy
2026-06-03 11:19:19.415000-04:00,.NVDA281215C20,193.75,201.65,196.82,196.79535772643536,5.0,98409.99999999999,g ,sell,216.4991,0.996623605317084,4.2574718632541735e-05,3.5085571864196243,-0.47922622450913643,0.6932209298815925,NVDA,2028-12-15,20.0,call,98410.0,sell
2026-06-03 11:19:19.173000-04:00,.VCX270115C160,54.0,57.2,55.82,55.52175601693498,5.0,27910.000000000004,f ,buy,159.9999,0.6735869982973988,0.002509374748893278,45.47450256040216,-41.78975729103586,1.1392122564087814,VCX,2027-01-15,160.0,call,27910.0,buy
2026-06-03 11:19:19.097000-04:00,.SNDK270115P1810,556.6,568.6,560.61,564.123917977474,1.0,56061.0,f ,sell,1799.0354,-0.34826282275823506,0.0002582099849752754,523.480369702906,-427.0495778174738,1.0113128230305373,SNDK,2027-01-15,1810.0,put,56061.0,sell
2026-06-03 11:19:19.097000-04:00,.SNDK270115P1200,220.9,228.8,225.9,225.35599614004113,2.0,45180.0,f ,buy,1799.0354,-0.1828347234008072,0.0001821929917311979,375.1744943320035,-310.8747669969961,1.0272112909763722,SNDK,2027-01-15,1200.0,put,45180.0,buy
2026-06-03 11:19:17.901000-04:00,.SNDK260605C1700,126.7,128.9,128.0,131.18511617269846,10.0,128000.0,I ,buy,1800.1647,0.742024953508418,0.0018398297369699504,45.17176549176519,-4713.1603984105805,1.2557734769804962,SNDK,2026-06-05,1700.0,call,128000.0,buy
2026-06-03 11:19:53.637000-04:00,.WMT271217C115,20.7,20.7,20.7,20.049436069553725,80.0,165600.0,I ,buy,116.26,0.5935392541685975,0.007857069217950775,55.94011142329235,-6.216982980433399,0.3423832608808259,WMT,2027-12-17,115.0,call,165600.0,buy
2026-06-03 11:19:53.597000-04:00,.ROKU261218C100,31.4,31.6,31.6,32.551175186379396,145.0,458200.0,I ,buy,120.3877,0.7385984191588075,0.005733982967862407,28.979675836307987,-16.986106235039333,0.6366808458787341,ROKU,2026-12-18,100.0,call,458200.0,buy
2026-06-03 11:19:53.320000-04:00,.CEVA260918C40,16.0,16.6,16.0,16.0,30.0,48000.0,I ,sell,50.1605,0.7503171032096342,0.010956768954028728,8.608116400287834,-15.66980094757133,1.0692219754943646,CEVA,2026-09-18,40.0,call,48000.0,sell
2026-06-03 11:19:53.084000-04:00,.MU260605P1065,35.3,35.85,35.33,35.25000000000001,11.0,38863.0,I ,sell,1064.177,-0.48579165305360117,0.004543634761982823,32.913863020501545,-2908.343948777499,1.0628861669919147,MU,2026-06-05,1065.0,put,38863.0,sell
2026-06-03 11:20:25.647000-04:00,.RKLB260702C85,31.25,34.5,32.87,33.31887874376814,13.0,42730.99999999999,g ,sell,115.1702,0.8737937924703572,0.005741249616036923,6.781542236781605,-46.760785760508014,1.1030674212759337,RKLB,2026-07-02,85.0,call,42731.0,sell
2026-06-03 11:20:25.647000-04:00,.RKLB260710C85,32.05,35.25,33.67,33.849999999999994,13.0,43771.0,g ,buy,115.1702,0.862489623408264,0.005698930900016448,8.121193896257973,-41.62237237112827,1.0445544705001892,RKLB,2026-07-10,85.0,call,43771.0,buy
2026-06-03 11:20:25.498000-04:00,.FSLR260717C230,89.0,90.5,90.5,91.5830421903145,3.0,27150.0,I ,buy,316.21,0.8991039152996451,0.00197871784537565,19.469718891118,-65.11838612547372,0.8099465013478728,FSLR,2026-07-17,230.0,call,27150.0,buy
2026-06-03 11:20:25.484000-04:00,.SNDK260605C1790,71.0,78.5,76.05,70.35000000000001,5.0,38025.0,a ,buy,1804.5042,0.5367078967603789,0.002378215626837956,55.38111508699043,-5516.379290601437,1.1981739708751604,SNDK,2026-06-05,1790.0,call,38025.0,buy
2026-06-03 11:20:25.422000-04:00,.SNDK260612C1800,122.1,127.5,127.5,122.60952718110184,5.0,63750.0,I ,buy,1804.5042,0.5313587524605639,0.0012808794734075941,113.47447318837665,-2450.873742445106,1.0882402173730512,SNDK,2026-06-12,1800.0,call,63750.0,buy
2026-06-03 11:20:25.346000-04:00,.SMH260717P635,40.2,41.45,40.67,40.97083416666666,10.0,40670.00000000001,f ,sell,638.674,-0.45642120861818525,0.003724414118196894,88.00456449032492,-174.36150687295913,0.479793152470968,SMH,2026-07-17,635.0,put,40670.0,sell
2026-06-03 11:20:25.346000-04:00,.SMH260717P550,12.6,13.1,12.85,13.000000000000002,20.0,25700.0,f ,sell,638.674,-0.1852027821078417,0.0022734494419508274,59.2773359642977,-129.59559379809244,0.5294320012609585,SMH,2026-07-17,550.0,put,25700.0,sell
2026-06-03 11:20:25.342000-04:00,.MU260710C1290,62.45,68.7,65.51,62.975301638205394,4.0,26204.000000000004,f ,sell,1065.9022,0.32847300775390387,0.0010493286333977166,122.24967065821754,-610.3674567650114,1.0185780494869412,MU,2026-07-10,1290.0,call,26204.0,sell
2026-06-03 11:20:25.341000-04:00,.MU260710C1290,62.45,68.7,65.51,62.975301638205394,4.0,26204.000000000004,f ,sell,1065.9022,0.32847300775390387,0.0010493286333977166,122.24967065821754,-610.3674567650114,1.0185780494869412,MU,2026-07-10,1290.0,call,26204.0,sell
2026-06-03 11:20:25.302000-04:00,.SNDK260605C1790,70.8,75.0,75.0,70.35000000000001,5.0,37500.0,S ,buy,1804.5042,0.5367078967603789,0.002378215626837956,55.38111508699043,-5516.379290601437,1.1981739708751604,SNDK,2026-06-05,1790.0,call,37500.0,buy
2026-06-03 11:20:25.266000-04:00,.SNDK260605C1790,74.9,78.6,74.9,70.35000000000001,5.0,37450.0,I ,sell,1804.5042,0.5367078967603789,0.002378215626837956,55.38111508699043,-5516.379290601437,1.1981739708751604,SNDK,2026-06-05,1790.0,call,37450.0,sell
2026-06-03 11:20:25.248000-04:00,.SNDK260605C1790,70.8,75.1,75.1,70.35000000000001,5.0,37550.0,S ,buy,1804.5042,0.5367078967603789,0.002378215626837956,55.38111508699043,-5516.379290601437,1.1981739708751604,SNDK,2026-06-05,1790.0,call,37550.0,buy
2026-06-03 11:20:25.208000-04:00,.MU260618C1050,92.35,93.1,93.1,93.9,3.0,27929.999999999996,I ,buy,1065.9022,0.5732675954192669,0.0018300628876033174,85.46320300453837,-1009.3416745630199,0.9834663074412037,MU,2026-06-18,1050.0,call,27930.0,buy
2026-06-03 11:20:25.208000-04:00,.MU260618C1050,92.35,93.1,93.1,93.9,4.0,37240.0,I ,buy,1065.9022,0.5732675954192669,0.0018300628876033174,85.46320300453837,-1009.3416745630199,0.9834663074412037,MU,2026-06-18,1050.0,call,37240.0,buy
2026-06-03 11:20:25.200000-04:00,.SNDK260605C1790,74.9,76.1,74.9,70.35000000000001,5.0,37450.0,I ,sell,1804.5042,0.5367078967603789,0.002378215626837956,55.38111508699043,-5516.379290601437,1.1981739708751604,SNDK,2026-06-05,1790.0,call,37450.0,sell
2026-06-03 11:20:25.180000-04:00,.INTC270115P120,31.05,31.05,31.05,30.8,10.0,31050.0,I ,buy,113.1409,-0.4177794148428966,0.0057419974278693185,34.917528416345135,-21.413910589576144,0.7603272750700357,INTC,2027-01-15,120.0,put,31050.0,buy
2026-06-03 11:20:25.170000-04:00,.STX270617C630,466.1,483.0,475.08,474.6042448479195,1.0,47508.0,f ,buy,957.0873,0.8188073492014847,0.0002918931308727789,256.00703003682224,-114.47259263914412,0.9290718123709811,STX,2027-06-17,630.0,call,47508.0,buy
2026-06-03 11:20:25.170000-04:00,.STX270617C630,466.1,483.0,474.5,474.6042448479195,2.0,94900.0,f ,sell,957.0873,0.8188073492014847,0.0002918931308727789,256.00703003682224,-114.47259263914412,0.9290718123709811,STX,2027-06-17,630.0,call,94900.0,sell
2026-06-03 11:20:25.154000-04:00,.SNDK260605C1790,70.7,75.1,75.1,70.35000000000001,5.0,37550.0,S ,buy,1804.5042,0.5367078967603789,0.002378215626837956,55.38111508699043,-5516.379290601437,1.1981739708751604,SNDK,2026-06-05,1790.0,call,37550.0,buy
2026-06-03 11:20:25.151000-04:00,.STX270617C630,466.1,483.0,474.45,474.6042448479195,2.0,94890.0,f ,sell,957.0873,0.8188073492014847,0.0002918931308727789,256.00703003682224,-114.47259263914412,0.9290718123709811,STX,2027-06-17,630.0,call,94890.0,sell
2026-06-03 11:20:25.124000-04:00,.MU260717P1310,309.1,314.0,309.1,308.4346165394566,5.0,154550.0,I ,sell,1065.9022,-0.6770293429861128,0.0010162354485014847,132.97518700482604,-523.6643480964293,0.9536629540918968,MU,2026-07-17,1310.0,put,154550.0,sell
2026-06-03 11:20:25.085000-04:00,.STX270617C630,466.1,483.0,474.45,474.6042448479195,1.0,47445.0,f ,sell,957.0873,0.8188073492014847,0.0002918931308727789,256.00703003682224,-114.47259263914412,0.9290718123709811,STX,2027-06-17,630.0,call,47445.0,sell
2026-06-03 11:20:25.072000-04:00,.STX270617C630,466.1,483.0,474.45,474.6042448479195,1.0,47445.0,f ,sell,957.0873,0.8188073492014847,0.0002918931308727789,256.00703003682224,-114.47259263914412,0.9290718123709811,STX,2027-06-17,630.0,call,47445.0,sell
2026-06-03 11:20:25.065000-04:00,.MU260605C1050,43.55,44.25,44.25,43.199999999999996,10.0,44250.0,I ,buy,1065.9022,0.5812872926817326,0.0043617465352073425,32.248689552912694,-2908.4070123353886,1.0848331751275808,MU,2026-06-05,1050.0,call,44250.0,buy
2026-06-03 11:20:25.056000-04:00,.SNDK260605P1700,26.0,27.5,26.0,27.22547972775728,40.0,104000.0,I ,sell,1804.5042,-0.25831643536014126,0.0019396575326858614,45.068289871353905,-4479.185582174108,1.1955161158386316,SNDK,2026-06-05,1700.0,put,104000.0,sell
2026-06-03 11:20:25.049000-04:00,.MU260605P1060,32.0,32.6,32.0,32.75000000000001,10.0,32000.0,I ,sell,1065.9022,-0.46307019612959777,0.0045222938560901945,32.793541838355566,-2900.743550754475,1.0639981106158565,MU,2026-06-05,1060.0,put,32000.0,sell
2026-06-03 11:20:25.048000-04:00,.SNDK260605P1800,63.0,64.0,63.0,66.74999999999999,20.0,126000.0,I ,sell,1804.5042,-0.4875651033535042,0.0024275661217085308,55.589698922776414,-5445.020657815903,1.1782370283933723,SNDK,2026-06-05,1800.0,put,126000.0,sell
2026-06-03 11:20:25.040000-04:00,.AVGO260717C480,45.2,46.0,46.0,45.425,8.0,36800.0,I ,buy,489.103,0.5749724775026369,0.003770248182641754,66.61468450994222,-168.19660547272426,0.6114470741785508,AVGO,2026-07-17,480.0,call,36800.0,buy
2026-06-03 11:20:25.039000-04:00,.AVGO260918C460,76.85,78.0,78.0,77.225,10.0,78000.0,I ,buy,489.103,0.635827562509384,0.0023378351861324588,99.43402116370285,-102.73114694454313,0.6068471973318553,AVGO,2026-09-18,460.0,call,78000.0,buy
2026-06-03 11:20:25.037000-04:00,.SNDK260605C2000,9.6,11.2,11.2,10.44,46.0,51519.99999999999,I ,buy,1804.5042,0.1331481736159147,0.0013290433308457573,30.06266271830358,-2894.4736358598257,1.157669406154556,SNDK,2026-06-05,2000.0,call,51520.0,buy
2026-06-03 11:20:25.031000-04:00,.SNDK260605P1800,63.0,64.0,63.0,66.74999999999999,10.0,63000.0,I ,sell,1804.5042,-0.4875651033535042,0.0024275661217085308,55.589698922776414,-5445.020657815903,1.1782370283933723,SNDK,2026-06-05,1800.0,put,63000.0,sell
2026-06-03 11:20:57.403000-04:00,.LRCX270115P400,103.65,105.65,104.6,104.09249500000003,5.0,52300.0,I ,sell,341.9753,-0.5300567682215034,0.0023795795057647987,107.15865653090567,-53.64752177985519,0.6206157531659297,LRCX,2027-01-15,400.0,put,52300.0,sell
2026-06-03 11:20:56.684000-04:00,.MU260717C750,340.35,346.85,342.31,345.1163518883916,3.0,102693.0,a ,sell,1063.7498,0.8701859114226584,0.0005335969737219853,78.28226408958403,-345.63644203049137,1.0692239119456821,MU,2026-07-17,750.0,call,102693.0,sell
2026-06-03 11:20:55.799000-04:00,.BE260605P272.5,6.2,6.45,6.45,6.13250125,120.0,77400.0,I ,buy,291.4468,-0.2644595811987809,0.009138028811982715,7.413492526778366,-974.0548932763368,1.580378215259475,BE,2026-06-05,272.5,put,77400.0,buy
2026-06-03 11:21:28.051000-04:00,.LITE261120C1000,254.0,254.0,254.0,255.36198367362312,1.0,25400.0,I ,undefined,968.0514,0.6206382956835288,0.000558991242104325,252.0097042319964,-277.7497879520728,1.0280731192077346,LITE,2026-11-20,1000.0,call,25400.0,buy
2026-06-03 11:21:27.797000-04:00,.MRVL260605C310,13.6,14.4,14.05,14.711648254017048,19.0,26695.0,I ,buy,306.6379,0.5073355659382326,0.010241983713439333,9.53258065558213,-1292.1724984279283,1.6295913473709807,MRVL,2026-06-05,310.0,call,26695.0,buy
2026-06-03 11:21:27.576000-04:00,.QCOM280121C350,61.0,63.5,61.0,61.149957618535296,5.0,30500.0,I ,sell,249.8719,0.5313856752656689,0.0017636733556691292,127.53073077379263,-27.404746065418088,0.7032238347361749,QCOM,2028-01-21,350.0,call,30500.0,sell
2026-06-03 11:21:27.575000-04:00,.IONQ260605C75,1.0,1.13,1.0,1.0749999999999997,663.0,66300.0,I ,sell,68.5373,0.2443024116531895,0.03996392437889916,1.6756214920045824,-205.0563788684354,1.4712607929229249,IONQ,2026-06-05,75.0,call,66300.0,sell
2026-06-03 11:21:27.421000-04:00,.QQQ260608P740,4.26,4.29,4.27,4.0878568571428575,100.0,42699.99999999999,a ,sell,745.0628,-0.35922073770010565,0.022621222185738015,33.255795389282234,-217.09047298116826,0.18577291539723326,QQQ,2026-06-08,740.0,put,42700.0,sell
2026-06-03 11:21:27.141000-04:00,.SPXW260618P7495,48.5,48.8,48.63,47.950000714285714,10.0,48630.0,f ,sell,7575.29,-0.32899523546664755,0.0016555318321025963,559.9770662491092,-949.2184864960423,0.14112436527685374,SPXW,2026-06-18,7495.0,put,48630.0,sell
2026-06-03 11:21:27.141000-04:00,.SPXW260618P7500,49.8,50.1,49.98,49.299998571428574,10.0,49979.99999999999,f ,buy,7575.29,-0.33675268543502734,0.001678626176558351,565.1652736218211,-953.5867065265454,0.14047232611791924,SPXW,2026-06-18,7500.0,put,49980.0,buy
2026-06-03 11:21:59.936000-04:00,.META270617C900,34.9,35.8,34.9,35.25,10.0,34900.0,I ,sell,616.5864,0.26250172304245867,0.001196491363514366,204.7626489567962,-42.7342863878846,0.43369237265357946,META,2027-06-17,900.0,call,34900.0,sell
2026-06-03 11:21:59.771000-04:00,.VEEV260618P160,5.7,6.0,6.0,5.999999999999999,45.0,27000.0,I ,buy,176.1557,-0.2721824645770319,0.01019250555439148,11.918077311490055,-129.87621056175198,0.9072471597100499,VEEV,2026-06-18,160.0,put,27000.0,buy
2026-06-03 11:21:59.686000-04:00,.META260717C640,21.25,21.75,21.39,21.88574616291328,20.0,42780.0,a ,sell,616.5864,0.4138423807566563,0.004961052147865323,83.71476137033726,-126.34816885085047,0.3654828183753963,META,2026-07-17,640.0,call,42780.0,sell
2026-06-03 11:21:59.358000-04:00,.SMH260821P515,14.85,15.05,14.85,14.92,33.0,49005.0,f ,sell,637.555,-0.16076829249516922,0.0015570135990750794,72.48541652357352,-88.17140062401069,0.5278396355009642,SMH,2026-08-21,515.0,put,49005.0,sell
2026-06-03 11:21:59.358000-04:00,.SMH260821P615,44.5,45.1,44.61,44.5,11.0,49071.0,f ,sell,637.555,-0.3921731354734963,0.0027295969692181124,114.12377398325013,-124.67305181586602,0.47404695681459535,SMH,2026-08-21,615.0,put,49071.0,sell
2026-06-03 11:21:58.916000-04:00,.ASML260717C1720,135.8,139.2,137.79,138.21670551589236,2.0,27558.0,a ,buy,1728.5471,0.550587379066041,0.0011808641369580471,238.23765307163433,-547.6487498032103,0.5566587005940619,ASML,2026-07-17,1720.0,call,27558.0,buy
2026-06-03 11:22:30.316000-04:00,.NDXP260603P30490,24.8,25.0,25.0,15.273771873544955,10.0,25000.0,I ,buy,30605.612,-0.18438108343357174,0.0017594446330738962,187.92269086450383,-37998.48599523924,0.214599433989054,NDXP,2026-06-03,30490.0,put,25000.0,buy
2026-06-03 11:22:30.308000-04:00,.INTC261120C110,26.6,27.15,26.6,26.892761028397658,18.0,47880.0,I ,sell,112.5115,0.631920188116038,0.005782781582690099,29.124724963130948,-26.338468455845707,0.8435594744609957,INTC,2026-11-20,110.0,call,47880.0,sell
2026-06-03 11:22:30.273000-04:00,.TSLA260618C310,120.55,121.25,121.25,122.96207227603281,5.0,60625.0,I ,buy,430.2056,0.9717135265234396,0.0008200818178656144,5.712735316624781,-61.4765223577702,0.896213882082449,TSLA,2026-06-18,310.0,call,60625.0,buy
2026-06-03 11:22:30.155000-04:00,.LITE281215C1100,510.1,520.0,510.1,512.1003655862886,1.0,51010.0,I ,sell,965.9696,0.7528980322012842,0.00021260154737436971,487.81333490673654,-92.43213505681021,0.9616740996787165,LITE,2028-12-15,1100.0,call,51010.0,sell
2026-06-03 11:22:30.069000-04:00,.QCOM270617P190,31.8,31.85,31.85,32.92820324621733,8.0,25480.0,I ,buy,250.1594,-0.22736796458479758,0.001768401036613423,77.08557579685751,-24.771284633792664,0.6676881251138117,QCOM,2027-06-17,190.0,put,25480.0,buy
2026-06-03 11:22:29.559000-04:00,.QCOM270617C300,54.0,57.65,56.26,55.92915799121061,5.0,28130.0,f ,buy,250.1594,0.5470032746324185,0.002168032337946365,101.22576323701384,-34.84170611032034,0.7151655674692872,QCOM,2027-06-17,300.0,call,28130.0,buy
2026-06-03 11:22:29.559000-04:00,.QCOM270617C300,54.0,57.65,56.25,55.92915799121061,5.0,28125.0,f ,buy,250.1594,0.5470032746324185,0.002168032337946365,101.22576323701384,-34.84170611032034,0.7151655674692872,QCOM,2027-06-17,300.0,call,28125.0,buy
2026-06-03 11:22:29.559000-04:00,.QCOM270617C190,95.0,98.95,96.21,96.87091268197825,10.0,96209.99999999999,f ,sell,250.1594,0.7718150688852048,0.0016665582206389627,77.2413383067543,-26.391382340108997,0.7099219300828616,QCOM,2027-06-17,190.0,call,96210.0,sell
2026-06-03 11:22:29.559000-04:00,.INTC260821C110,18.95,19.0,18.95,19.375,15.0,28425.0,I ,sell,112.5115,0.606795029010671,0.008461182400346195,20.26705269854343,-40.27836728495324,0.8624009842333586,INTC,2026-08-21,110.0,call,28425.0,sell
2026-06-03 11:22:29.559000-04:00,.INTC260821C110,18.95,19.0,18.95,19.375,45.0,85275.0,I ,sell,112.5115,0.606795029010671,0.008461182400346195,20.26705269854343,-40.27836728495324,0.8624009842333586,INTC,2026-08-21,110.0,call,85275.0,sell
2026-06-03 11:22:29.559000-04:00,.QCOM270617C190,95.0,98.95,96.2,96.87091268197825,8.0,76960.0,f ,sell,250.1594,0.7718150688852048,0.0016665582206389627,77.2413383067543,-26.391382340108997,0.7099219300828616,QCOM,2027-06-17,190.0,call,76960.0,sell
2026-06-03 11:22:29.559000-04:00,.QCOM270617C190,95.0,98.95,96.41,96.87091268197825,10.0,96409.99999999999,f ,sell,250.1594,0.7718150688852048,0.0016665582206389627,77.2413383067543,-26.391382340108997,0.7099219300828616,QCOM,2027-06-17,190.0,call,96410.0,sell
2026-06-03 11:22:29.456000-04:00,.QCOM270617C190,95.0,98.95,96.45,96.87091268197825,52.0,501540.00000000006,f ,sell,250.1594,0.7718150688852048,0.0016665582206389627,77.2413383067543,-26.391382340108997,0.7099219300828616,QCOM,2027-06-17,190.0,call,501540.0,sell
2026-06-03 11:22:29.456000-04:00,.QCOM270617C300,54.0,57.65,56.13,55.92915799121061,26.0,145938.0,f ,buy,250.1594,0.5470032746324185,0.002168032337946365,101.22576323701384,-34.84170611032034,0.7151655674692872,QCOM,2027-06-17,300.0,call,145938.0,buy
2026-06-03 11:22:29.439000-04:00,.MU260605P1070,39.9,40.75,40.33,38.39,15.0,60494.99999999999,a ,buy,1060.5228,-0.5062421050369552,0.004461105029810665,32.925245092648225,-2967.9809288474044,1.0832840170332272,MU,2026-06-05,1070.0,put,60495.0,buy
2026-06-03 11:23:01.503000-04:00,.GLD260605P407,2.36,2.61,2.6,2.328714428571428,224.0,58240.0,I ,buy,407.6546,-0.4361412463695338,0.05531527303195494,12.458972141331683,-233.2630389230765,0.22504483894380367,GLD,2026-06-05,407.0,put,58240.0,buy
2026-06-03 11:23:01.236000-04:00,.SPXW260831C7300,451.9,456.7,453.78,458.28166647955317,1.0,45378.0,f ,sell,7572.29,0.7164635460751813,0.0005190222442156273,1278.6935316329877,-452.1530004734612,0.1728187075097779,SPXW,2026-08-31,7300.0,call,45378.0,sell
2026-06-03 11:23:01.216000-04:00,.GLD260605P410,3.9,4.15,4.15,3.7845711428571422,77.0,31955.0,I ,buy,407.6546,-0.6077039592843323,0.056541495828899495,12.158221295586962,-217.31982874560714,0.21484965134839193,GLD,2026-06-05,410.0,put,31955.0,buy
2026-06-03 11:23:01.199000-04:00,.INTC260605C114,2.91,3.05,2.95,3.3359738270386807,760.0,224200.0,f ,sell,112.3717,0.4801306962215105,0.0425473652134834,3.494968498566391,-310.4180929363932,1.067642911507994,INTC,2026-06-05,114.0,call,224200.0,sell
2026-06-03 11:23:01.199000-04:00,.INTC260605C116,2.23,2.28,2.25,2.42,760.0,171000.0,f ,sell,112.3717,0.3818258811937884,0.04006339673924729,3.330690543138537,-302.00957071327605,1.0896119784249236,INTC,2026-06-05,116.0,call,171000.0,sell
2026-06-03 11:23:01.198000-04:00,.INTC260605C116,2.23,2.28,2.23,2.42,200.0,44600.0,f ,sell,112.3717,0.3818258811937884,0.04006339673924729,3.330690543138537,-302.00957071327605,1.0896119784249236,INTC,2026-06-05,116.0,call,44600.0,sell
2026-06-03 11:23:01.198000-04:00,.INTC260605C114,2.91,3.05,2.93,3.3359738270386807,200.0,58600.0,f ,sell,112.3717,0.4801306962215105,0.0425473652134834,3.494968498566391,-310.4180929363932,1.067642911507994,INTC,2026-06-05,114.0,call,58600.0,sell
2026-06-03 11:23:01.189000-04:00,.QQQ260603P746,2.74,2.76,2.75,2.18,100.0,27500.0,I ,sell,744.4471,-0.5905363129000023,0.09373263989439683,6.657760345365107,-1523.7054069576861,0.24201442124730196,QQQ,2026-06-03,746.0,put,27500.0,sell
2026-06-03 11:23:33.305000-04:00,.QURE261016C29,8.8,10.0,9.9,8.7,199.0,197010.0,a ,buy,29.1021,0.6431002060115079,0.015314298204939066,6.1179271603060315,-12.090428139405006,1.4849135799688988,QURE,2026-10-16,29.0,call,197010.0,buy
2026-06-03 11:23:33.305000-04:00,.QURE261016C29,8.8,10.0,9.9,8.7,167.0,165330.0,a ,buy,29.1021,0.6431002060115079,0.015314298204939066,6.1179271603060315,-12.090428139405006,1.4849135799688988,QURE,2026-10-16,29.0,call,165330.0,buy
2026-06-03 11:23:33.025000-04:00,.QQQ270617P775,77.59,78.28,78.28,78.31,15.0,117420.0,I ,buy,744.3835,-0.5382230569470235,0.0026136919557018068,301.2590610103462,-29.038236961791245,0.20027495884942031,QQQ,2027-06-17,775.0,put,117420.0,buy
2026-06-03 11:23:32.864000-04:00,.QQQ260603C745,1.5,1.51,1.5,1.51,299.0,44850.0,I ,sell,744.3835,0.4406543110007382,0.08557081249427918,6.736035829121089,-1728.241271791936,0.2700275572131467,QQQ,2026-06-03,745.0,call,44850.0,sell
2026-06-03 11:23:32.488000-04:00,.AVGO260605P505,32.15,34.25,33.2,32.50223146404552,10.0,33200.0,f ,sell,487.4893,-0.5882279908152412,0.0067615941920682555,14.734125509956332,-1864.0540634951255,1.5200285750946525,AVGO,2026-06-05,505.0,put,33200.0,sell
2026-06-03 11:23:32.488000-04:00,.AVGO260612P505,35.9,38.25,37.08,36.28061832349987,10.0,37079.99999999999,f ,buy,487.4893,-0.5685171225483886,0.00584804139563109,30.470829254311685,-524.4344500781649,0.8669368006907039,AVGO,2026-06-12,505.0,put,37080.0,buy
2026-06-03 11:23:32.431000-04:00,.MU260702C1550,19.7,21.6,20.62,21.723594132918244,40.0,82480.0,f ,sell,1059.0597,0.14547645809990173,0.0006896494100490025,68.61857373860069,-472.98862374716725,1.1026100561865182,MU,2026-07-02,1550.0,call,82480.0,sell
2026-06-03 11:24:03.916000-04:00,.CRWD260605P680,7.7,8.45,8.1,8.143633382352943,40.0,32400.0,f ,buy,756.6935,-0.1650412338736531,0.002817249113066099,14.557399656998449,-1821.2230802671083,1.5029706511230316,CRWD,2026-06-05,680.0,put,32400.0,buy
2026-06-03 11:24:03.916000-04:00,.CRWD260605P690,9.65,10.55,10.11,10.278077457983194,40.0,40440.0,f ,buy,756.6935,-0.1980366077925816,0.0031581542845723633,16.31816328385348,-2041.4088448598395,1.5028992838406836,CRWD,2026-06-05,690.0,put,40440.0,buy
2026-06-03 11:24:03.612000-04:00,.MU260918C450,618.2,624.0,624.0,628.3604202258867,12.0,748800.0,I ,buy,1058.9339,0.954224420008579,0.00014483909889484537,55.31684594982449,-108.55381449416525,1.1526313384027425,MU,2026-09-18,450.0,call,748800.0,buy
2026-06-03 11:24:03.611000-04:00,.MU260612C1000,98.1,99.0,99.0,102.74897370546516,4.0,39600.0,I ,buy,1058.9339,0.6739955649347033,0.0020763847649028474,60.74762384322868,-1241.6563273431889,1.0295740127916964,MU,2026-06-12,1000.0,call,39600.0,buy
2026-06-03 11:24:03.592000-04:00,.NOK260821C15,3.9,4.0,3.9,3.950000000000001,99.0,38610.0,I ,sell,17.12,0.6988383001815156,0.04674381450794947,2.7771553171958465,-5.980806319401354,0.9345064585111565,NOK,2026-08-21,15.0,call,38610.0,sell
2026-06-03 11:24:03.592000-04:00,.NOK260821C15,3.9,4.0,3.9,3.950000000000001,156.0,60840.0,I ,sell,17.12,0.6988383001815156,0.04674381450794947,2.7771553171958465,-5.980806319401354,0.9345064585111565,NOK,2026-08-21,15.0,call,60840.0,sell
2026-06-03 11:24:03.494000-04:00,.SPXW260603P7575,11.2,11.3,11.3,11.0,30.0,33900.0,I ,buy,7570.19,-0.48407390219499646,0.013777609776108108,69.22153816216284,-10976.409798383705,0.16661439318990837,SPXW,2026-06-03,7575.0,put,33900.0,buy
2026-06-03 11:24:03.206000-04:00,.AAPL260717C255,58.1,58.1,58.1,57.96641963567012,5.0,29050.0,I ,sell,311.1226,0.9255968693449484,0.0031019658125837936,15.243250234434168,-26.353135190140744,0.4186416449092922,AAPL,2026-07-17,255.0,call,29050.0,sell
2026-06-03 11:24:03.085000-04:00,.AMD280616C800,151.1,156.1,156.1,144.65,3.0,46829.99999999999,g ,buy,531.7086,0.5471528849479292,0.0007226442779063234,293.8241838971707,-53.19885564592182,0.7391158342335937,AMD,2028-06-16,800.0,call,46830.0,buy
2026-06-03 11:24:03.085000-04:00,.AMD271217C570,177.7,184.45,183.64,166.23,3.0,55091.99999999999,g ,buy,531.7086,0.6373779126020399,0.000798755004989647,243.8410324808984,-56.65880067488352,0.7221946512574876,AMD,2027-12-17,570.0,call,55092.0,buy
2026-06-03 11:24:03.042000-04:00,.TSLA260605C405,26.4,26.85,26.85,26.31110270134561,20.0,53700.0,a ,buy,430.7205,0.8936727097705722,0.00863037939748651,6.118501074465058,-324.70866511742173,0.6376351444646542,TSLA,2026-06-05,405.0,call,53700.0,buy
2026-06-03 11:24:34.648000-04:00,.VCX260618P155,17.0,21.0,19.05,18.66373395604396,25.0,47625.0,f ,buy,158.493,-0.4042634139235951,0.007373384494586153,12.566874566120564,-244.4992244552927,1.6196574604177414,VCX,2026-06-18,155.0,put,47625.0,buy
2026-06-03 11:24:34.648000-04:00,.VCX260618P160,20.0,23.9,21.95,22.02994332417583,25.0,54875.0,f ,sell,158.493,-0.4397829209394184,0.007296955861888045,12.793617707819882,-256.0559227554891,1.6661512634534155,VCX,2026-06-18,160.0,put,54875.0,sell
2026-06-03 11:24:34.118000-04:00,.SPY260605P757,3.71,3.77,3.75,3.72,93.0,34875.0,I ,buy,755.5002,-0.5809107983027176,0.05384350384021227,22.875107845224957,-236.03255245745453,0.12393967230423496,SPY,2026-06-05,757.0,put,34875.0,buy
2026-06-03 11:24:34.106000-04:00,.SPX261218P7375,259.1,259.8,259.43,259.33,2.0,51886.0,f ,sell,7570.7,-0.34472087801203366,0.0003533725312670353,2091.986980118257,-354.03938672640277,0.18351675669789672,SPX,2026-12-18,7375.0,put,51886.0,sell
2026-06-03 11:24:34.106000-04:00,.SPX261218P7750,383.7,384.5,384.14,383.89,1.0,38414.0,f ,buy,7570.7,-0.4922754579936993,0.0004363483123991187,2265.4468498531855,-336.2334115282539,0.16094226624153032,SPX,2026-12-18,7750.0,put,38414.0,buy
2026-06-03 11:24:33.939000-04:00,.META260717C555,70.55,71.45,71.02,71.22664322405902,4.0,28408.0,a ,buy,616.6707,0.8081718714084132,0.0033606871772373973,58.60925135874699,-91.55765775167934,0.37828280635753664,META,2026-07-17,555.0,call,28408.0,buy
2026-06-03 11:24:33.725000-04:00,.SPXW260604C7480,93.4,94.5,94.0,98.70724773039177,5.0,47000.0,I ,buy,7570.7,0.9701896670197955,0.0012887931661935467,29.320552111371303,-543.9161018577375,0.12123527767167028,SPXW,2026-06-04,7480.0,call,47000.0,buy
2026-06-03 11:24:33.698000-04:00,.SPXW260604C7480,93.4,94.6,94.0,98.70724773039177,5.0,47000.0,I ,buy,7570.7,0.9701896670197955,0.0012887931661935467,29.320552111371303,-543.9161018577375,0.12123527767167028,SPXW,2026-06-04,7480.0,call,47000.0,buy
2026-06-03 11:25:06.790000-04:00,.AMD260618C150,379.7,385.2,382.45,358.0,3.0,114734.99999999999,g ,undefined,530.9387,0.9535541219119461,0.0001944606180196027,11.236878990938386,-442.27473413511814,4.326115763002574,AMD,2026-06-18,150.0,call,114735.0,mid
2026-06-03 11:25:06.790000-04:00,.AMD270115C150,385.45,391.5,388.45,392.289948353863,3.0,116534.99999999999,g ,sell,530.9387,0.9768441772706979,0.00012728370614131492,23.177347087799852,-19.032854341205695,1.0179765150300508,AMD,2027-01-15,150.0,call,116535.0,sell
2026-06-03 11:25:06.686000-04:00,.ADBE280121C380,32.3,33.75,33.01,33.12691516692688,8.0,26408.0,a ,sell,256.0815,0.39046435219556547,0.0022978622531076463,125.90485108182662,-19.589562293003535,0.509170627327588,ADBE,2028-01-21,380.0,call,26408.0,sell
2026-06-03 11:25:06.357000-04:00,.DRAM260717C77,5.4,5.5,5.5,5.621633926970249,50.0,27500.0,I ,buy,69.0168,0.423345356864535,0.01816343837949394,9.406263711187512,-34.85874188523655,0.8973676473463887,DRAM,2026-07-17,77.0,call,27500.0,buy
2026-06-03 11:25:06.247000-04:00,.SPY280121P675,35.29,35.49,35.49,35.395,12.0,42588.0,I ,buy,755.4542,-0.27778153880490364,0.0018503256819097174,324.04506754188,-18.569379556121756,0.1875310263034318,SPY,2028-01-21,675.0,put,42588.0,buy
2026-06-03 11:25:06.247000-04:00,.SPY280121P675,35.29,35.49,35.49,35.395,16.0,56784.0,I ,buy,755.4542,-0.27778153880490364,0.0018503256819097174,324.04506754188,-18.569379556121756,0.1875310263034318,SPY,2028-01-21,675.0,put,56784.0,buy
2026-06-03 11:25:06.182000-04:00,.MU260605P1060,35.15,35.8,35.8,34.72,10.0,35800.0,I ,buy,1058.9863,-0.4820242317990565,0.00455539752341639,32.74138370868838,-2904.0943067187172,1.0649138771293385,MU,2026-06-05,1060.0,put,35800.0,buy
2026-06-03 11:25:06.177000-04:00,.MU260605C1000,72.0,72.9,72.44,72.34015845874487,5.0,36220.0,a ,sell,1058.9863,0.759761015645604,0.003403845401564719,25.51992871830301,-2366.845338606362,1.113752006760951,MU,2026-06-05,1000.0,call,36220.0,sell
2026-06-03 11:25:06.138000-04:00,.NVDA260717P275,58.85,59.6,59.53,59.425000000000004,20.0,119059.99999999999,n ,buy,216.1201,-0.9462154085708525,0.00353396656197591,8.223434748709021,-13.958713572153103,0.41102309717584373,NVDA,2026-07-17,275.0,put,119060.0,buy
2026-06-03 11:25:06.138000-04:00,.NVDA260717P275,58.85,59.6,59.53,59.425000000000004,30.0,178590.0,n ,buy,216.1201,-0.9462154085708525,0.00353396656197591,8.223434748709021,-13.958713572153103,0.41102309717584373,NVDA,2026-07-17,275.0,put,178590.0,buy
2026-06-03 11:25:05.697000-04:00,.META270115C800,28.0,28.15,28.0,28.75,17.0,47600.0,I ,sell,615.7967,0.2695276111574799,0.0016155550240446986,160.76815699660844,-54.49175701669454,0.4201862264510188,META,2027-01-15,800.0,call,47600.0,sell
2026-06-03 11:25:05.640000-04:00,.AMD260605C535,13.0,13.0,13.0,13.377727285310456,20.0,26000.0,I ,sell,530.9387,0.4785552271426168,0.010632339542781895,16.410024467487315,-1243.1096165054694,0.9095487083267749,AMD,2026-06-05,535.0,call,26000.0,sell
2026-06-03 11:25:37.798000-04:00,.TSLA260603C437.5,0.54,0.55,0.54,0.52,717.0,38718.0,I ,sell,430.6663,0.15390877935150155,0.036341249130971164,2.3369745610971586,-1479.0762270091618,0.6623579102123027,TSLA,2026-06-03,437.5,call,38718.0,sell
2026-06-03 11:25:37.701000-04:00,.TSLA260603C420,10.65,10.85,10.65,10.83,33.0,35145.0,S ,sell,430.6663,0.9643550751234082,0.012951807962625498,0.7725087083835803,-454.2880899356551,0.614888455475832,TSLA,2026-06-03,420.0,call,35145.0,sell
2026-06-03 11:25:37.653000-04:00,.ARM260717P350,28.4,29.3,29.3,29.3,14.0,41020.0,I ,buy,395.9385,-0.29479362398286657,0.002633244212678978,47.537483126927405,-186.58895860172953,0.9504247856433822,ARM,2026-07-17,350.0,put,41020.0,buy
2026-06-03 11:25:37.623000-04:00,.TSLA270319P440,73.45,73.8,73.45,73.49166333333334,4.0,29380.0,I ,sell,430.6663,-0.44236919538964625,0.002302207288258349,151.31526442826788,-42.71952083425086,0.44736943985434263,TSLA,2027-03-19,440.0,put,29380.0,sell
2026-06-03 11:25:37.515000-04:00,.ARM260717C300,107.6,111.5,109.9,111.40811076379674,5.0,54950.0,g ,buy,395.9385,0.8373102912357976,0.0017834170311667832,34.010384940266924,-140.1018765994239,0.9974839916793914,ARM,2026-07-17,300.0,call,54950.0,buy
2026-06-03 11:25:37.515000-04:00,.ARM260717C400,52.15,55.0,53.4,54.242164203711404,5.0,26700.0,g ,sell,395.9385,0.5622869358808555,0.002825256403655151,54.48784438123099,-226.99440524253666,1.008762793849592,ARM,2026-07-17,400.0,call,26700.0,sell
2026-06-03 11:25:37.345000-04:00,.ARM280121C550,138.5,143.3,141.5,142.64948007986246,10.0,141500.0,I ,buy,395.9385,0.6257917858956097,0.0008024003170190708,192.62067769036324,-54.68570268506969,0.9290771217817098,ARM,2028-01-21,550.0,call,141500.0,buy
2026-06-03 11:25:37.303000-04:00,.AMD260618C230,298.9,304.6,300.85,287.36,1.0,30085.000000000004,n ,sell,530.032,0.9902577380601197,0.00013382563814548398,2.8231674371024957,-57.62912556545315,1.7963161681359212,AMD,2026-06-18,230.0,call,30085.0,sell
2026-06-03 11:25:37.094000-04:00,.SMCX260717C30,6.1,7.5,6.5,6.864906874301393,42.0,27300.0,a ,sell,29.9878,0.6154790625404849,0.02201338985339729,4.000681311341192,-27.391266732659123,1.6578888324370673,SMCX,2026-07-17,30.0,call,27300.0,sell
2026-06-03 11:25:37.037000-04:00,.SPXW260603C7575,6.9,7.0,6.95,7.3,45.0,31275.0,f ,sell,7569.93,0.43999286223492157,0.017690219818742012,68.27677322283478,-8412.111455088789,0.12879921900545185,SPXW,2026-06-03,7575.0,call,31275.0,sell
2026-06-03 11:26:07.941000-04:00,.TSLA260605P455,25.3,25.75,25.5,25.359998750000003,20.0,51000.0,a ,sell,430.4437,-0.8910128129189936,0.009874579764991466,6.232624222288532,-294.2447926445242,0.5669182284561967,TSLA,2026-06-05,455.0,put,51000.0,sell
2026-06-03 11:26:39.592000-04:00,.CWVX260918P85,53.5,55.1,54.3,50.35,5.0,27150.0,g ,undefined,34.948,-0.6465268344015869,0.010220975932106269,8.201389484567898,-22.606456895925866,1.6483690151689596,CWVX,2026-09-18,85.0,put,27150.0,mid
2026-06-03 11:26:39.461000-04:00,.MU260605C1070,29.6,30.1,29.6,30.5,20.0,59200.0,I ,sell,1058.7585,0.4677911493193148,0.004460699744545949,32.625119719134105,-2952.634734682408,1.0864957271043572,MU,2026-06-05,1070.0,call,59200.0,sell
2026-06-03 11:26:39.456000-04:00,.MU260605C1050,39.0,39.5,39.0,39.824998290443276,10.0,39000.0,I ,sell,1058.7585,0.556401178896229,0.004451932005753153,32.40419625046742,-2917.660644862131,1.0812636430648943,MU,2026-06-05,1050.0,call,39000.0,sell
2026-06-03 11:26:39.353000-04:00,.TSLA260717C520,6.6,6.65,6.6,6.56,110.0,72600.0,I ,sell,430.2025,0.16973048459852347,0.0032216843891478887,37.79723431773955,-81.84262192551293,0.5248052599019989,TSLA,2026-07-17,520.0,call,72600.0,sell
2026-06-03 11:27:10.823000-04:00,.QCOM280121P200,45.8,48.0,48.0,47.63184186218474,15.0,72000.0,I ,buy,249.239,-0.25029461908225614,0.0015992789793913972,101.26782628429743,-19.318888726084673,0.6242961474112941,QCOM,2028-01-21,200.0,put,72000.0,buy
2026-06-03 11:27:09.909000-04:00,.MU260717P1060,138.75,140.0,140.0,140.39065472527474,2.0,28000.0,I ,buy,1057.3317,-0.4374201265536719,0.0011270657598478693,144.95152972782162,-568.893595988362,0.9503269001079525,MU,2026-07-17,1060.0,put,28000.0,buy
2026-06-03 11:27:41.744000-04:00,.OKLO280121C150,18.5,19.0,19.0,19.049173480573543,67.0,127300.0,I ,buy,65.5769,0.517554962889582,0.00457090156799037,33.34065782818754,-10.619320877630155,1.0423237098748235,OKLO,2028-01-21,150.0,call,127300.0,buy
2026-06-03 11:27:41.744000-04:00,.OKLO280121C150,18.5,19.0,19.0,19.049173480573543,33.0,62700.0,I ,buy,65.5769,0.517554962889582,0.00457090156799037,33.34065782818754,-10.619320877630155,1.0423237098748235,OKLO,2028-01-21,150.0,call,62700.0,buy
2026-06-03 11:27:41.130000-04:00,.SPXW260807C7850,78.1,78.8,78.6,77.05,12.0,94320.0,I ,buy,7574.83,0.3009008289560699,0.0008396154758348647,1121.0386433281767,-404.17329843132393,0.12878530661740945,SPXW,2026-08-07,7850.0,call,94320.0,buy
2026-06-03 11:27:40.796000-04:00,.TSLA260605C405,25.35,25.85,25.73,26.577968970028518,20.0,51460.0,a ,buy,429.711,0.8891487803049153,0.008649049431557131,6.3037476567790796,-344.4051932562566,0.6557123613089613,TSLA,2026-06-05,405.0,call,51460.0,buy
2026-06-03 11:28:12.376000-04:00,.WDC260605C575,29.25,35.65,32.5,31.903648611229105,15.0,48750.0,f ,buy,596.4094,0.6650964882524255,0.00694760202347524,16.781963651745148,-1591.364230537205,1.1380872360818581,WDC,2026-06-05,575.0,call,48750.0,buy
2026-06-03 11:28:12.376000-04:00,.WDC260605C600,16.05,20.3,18.09,17.646574260858596,30.0,54270.00000000001,f ,sell,596.4094,0.4752212973532439,0.00790398711407702,18.343720589951765,-1671.2737908879044,1.0934751368457434,WDC,2026-06-05,600.0,call,54270.0,sell
2026-06-03 11:28:12.281000-04:00,.NVDA260717P290,73.6,74.4,74.31,74.09481748003995,130.0,966030.0000000001,n ,buy,216.0581,-0.9889157928256868,0.0010767306121234536,2.191095431507113,-3.2598455214312634,0.36024501761483835,NVDA,2026-07-17,290.0,put,966030.0,buy
2026-06-03 11:28:11.930000-04:00,.NDXP260603P30500,27.2,28.0,27.2,33.97202187328835,36.0,97920.0,I ,sell,30591.8625,-0.3101494518331671,0.002075329653780281,246.25650560303075,-57614.690462423605,0.2436400912789223,NDXP,2026-06-03,30500.0,put,97920.0,sell
2026-06-03 11:28:11.846000-04:00,.AMD270115P550,123.75,126.55,125.11,122.87768857142859,6.0,75066.0,f ,sell,530.772,-0.409708561774754,0.0013318886076377654,164.38767680626452,-91.49974816573257,0.689998585249697,AMD,2027-01-15,550.0,put,75066.0,sell
2026-06-03 11:28:11.846000-04:00,.AMD270115P500,94.3,97.0,95.65,94.12499999999997,6.0,57390.00000000001,f ,sell,530.772,-0.34283292626564676,0.0012506578843836215,155.45837266286077,-87.14430211690163,0.694900202847376,AMD,2027-01-15,500.0,put,57390.0,sell
2026-06-03 11:28:11.529000-04:00,.NBIS260717P260,38.4,39.85,38.99,38.99166333333334,25.0,97475.0,a ,sell,256.2987,-0.445144574569996,0.004273797795428395,35.20326533984789,-150.89586513273582,1.0379104796546175,NBIS,2026-07-17,260.0,put,97475.0,sell
2026-06-03 11:28:42.496000-04:00,.NVDA260717C225,8.95,9.05,9.01,8.899999999999997,30.0,27030.0,a ,buy,216.1159,0.41885925850984446,0.012312728406067562,29.359014532707153,-51.19148360783564,0.42218857815201927,NVDA,2026-07-17,225.0,call,27030.0,buy
2026-06-03 11:28:42.360000-04:00,.NDXP260604P30650,170.3,181.7,175.0,189.8750177130387,9.0,157500.0,a ,sell,30602.8225,-0.5733314128979665,0.0010375173035132859,684.3950788874595,-22757.66122236405,0.21660891260467097,NDXP,2026-06-04,30650.0,put,157500.0,sell
2026-06-03 11:29:14.945000-04:00,.NVO260821C50,1.2,1.24,1.23,1.23,250.0,30750.0,a ,buy,42.1698,0.2498589129131391,0.034675992623673935,6.240600656681343,-6.707416002491237,0.46636744396075486,NVO,2026-08-21,50.0,call,30750.0,buy
2026-06-03 11:29:14.885000-04:00,.SNDK260618P2000,275.8,291.0,284.92,288.2493208205549,1.0,28492.0,a ,buy,1791.212,-0.6665244691870158,0.0009646459424012317,132.50350204324454,-1647.226310894641,1.0346611617044,SNDK,2026-06-18,2000.0,put,28492.0,buy
2026-06-03 11:29:13.846000-04:00,.FIX260717P1840,120.5,132.0,125.0,127.31766397260274,25.0,312500.0,I ,sell,1946.245,-0.36402848248811703,0.0008401765192040088,253.65486619059803,-693.2500450264598,0.6617573983698893,FIX,2026-07-17,1840.0,put,312500.0,sell
2026-06-03 11:29:44.879000-04:00,.SPXW260616P7450,28.8,28.9,28.8,29.730369642857145,16.0,46080.0,I ,sell,7576.54,-0.2519448015953287,0.0016383533434770042,459.55512085634155,-859.8985463715295,0.13522608031531355,SPXW,2026-06-16,7450.0,put,46080.0,sell
2026-06-03 11:29:44.450000-04:00,.PYPL281215C70,5.5,5.8,5.5,5.543534470944707,142.0,78100.0,I ,sell,42.61,0.3718422644018714,0.012304083954527704,25.710529536641243,-2.2902463909594895,0.4520926012039168,PYPL,2028-12-15,70.0,call,78100.0,sell
2026-06-03 11:30:15.498000-04:00,.NBIS270115C360,59.55,62.6,59.55,63.85014858355904,10.0,59550.0,e ,sell,256.9324,0.5340442756900509,0.001711090453480894,82.14050439261604,-74.44053899135723,1.1241375047743363,NBIS,2027-01-15,360.0,call,59550.0,sell
2026-06-03 11:30:15.475000-04:00,.TSM260618P480,43.0,43.7,43.37,44.2166675,8.0,34696.0,f ,buy,441.717,-0.7740688517606915,0.006548396895539539,27.07277867259212,-165.82463899066843,0.5097437940023875,TSM,2026-06-18,480.0,put,34696.0,buy
2026-06-03 11:30:47.883000-04:00,.STX260918P700,56.1,65.0,59.0,62.34558177404616,5.0,29500.0,I ,sell,963.9246,-0.18692086721310808,0.0005683673586883705,139.85010789982476,-216.19477133175744,0.9079548635594841,STX,2026-09-18,700.0,put,29500.0,sell
2026-06-03 11:30:47.542000-04:00,.NVDA260717P280,63.65,64.35,63.77,64.32499999999999,40.0,255080.00000000003,n ,sell,216.6894,-0.9584291381902621,0.0028685848206229975,6.687329624743962,-11.38130727057993,0.4120764386085292,NVDA,2026-07-17,280.0,put,255080.0,sell
2026-06-03 11:30:47.263000-04:00,.IBIT261016P39,4.35,4.5,4.42,4.439285999999999,500.0,221000.0,f ,sell,37.695,-0.5100424242500623,0.0435143926836072,9.133012651113347,-4.9344317261083885,0.4002191748100623,IBIT,2026-10-16,39.0,put,221000.0,sell
2026-06-03 11:30:47.263000-04:00,.IBIT261016P36,2.99,3.1,3.03,3.0449999999999995,500.0,151500.0,f ,sell,37.6902,-0.3820048873360611,0.03901359249487077,8.733329237605615,-5.0325219172082205,0.4268552714426712,IBIT,2026-10-16,36.0,put,151500.0,sell
2026-06-03 11:30:47.255000-04:00,.SPXW260622C7580,90.4,90.8,90.5,89.37421868373691,3.0,27150.0,a ,sell,7578.82,0.5150712113299355,0.0018315869313352074,693.3099935309934,-825.2969060559644,0.12515408443582526,SPXW,2026-06-22,7580.0,call,27150.0,sell
2026-06-03 11:30:47.247000-04:00,.BIRK261016P45,7.3,7.7,7.3,7.4,50.0,36500.0,I ,sell,42.25,-0.5037087969673397,0.02747646028037422,10.267020287116697,-7.818953315106425,0.5641276581839453,BIRK,2026-10-16,45.0,put,36500.0,sell
2026-06-03 11:30:47.206000-04:00,.MU260605C1000,77.45,78.3,78.01,76.77,5.0,39005.0,a ,buy,1065.4454,0.7894077304327594,0.003245583775754337,23.815005154846414,-2142.485203424017,1.078163815421638,MU,2026-06-05,1000.0,call,39005.0,buy
2026-06-03 11:30:47.145000-04:00,.NVDA271217P115,6.15,6.3,6.15,6.225,81.0,49815.0,I ,sell,216.6837,-0.08391734281530683,0.0012307884745213354,41.34919243286439,-6.264414265664108,0.46672824274945796,NVDA,2027-12-17,115.0,put,49815.0,sell
2026-06-03 11:30:46.908000-04:00,.SMH270115C475,199.4,201.25,201.25,199.4593772754859,5.0,100625.0,I ,buy,638.082,0.809790459855094,0.0009494521709838568,136.13153625830603,-62.65243953859555,0.5705123565971032,SMH,2027-01-15,475.0,call,100625.0,buy
2026-06-03 11:30:46.790000-04:00,.SMH261218C300,346.6,348.4,348.4,347.0732093565255,1.0,34840.0,I ,buy,638.082,0.9465272792287971,0.0003016623600578125,51.05168830593855,-36.120581690074246,0.768509806494724,SMH,2026-12-18,300.0,call,34840.0,buy
2026-06-03 11:31:19.775000-04:00,.AMD260821C500,91.5,93.7,92.63,96.0,40.0,370520.0,g ,buy,532.9054,0.649087223883789,0.0018782863007855172,92.90582400605312,-168.62950476899,0.787692357083883,AMD,2026-08-21,500.0,call,370520.0,buy
2026-06-03 11:31:19.775000-04:00,.AMD260821C450,119.55,122.5,120.99,119.0,10.0,120989.99999999999,g ,sell,532.9054,0.7370071702011817,0.0016727943734019053,80.70542915645207,-146.63028851108723,0.7885463686848386,AMD,2026-08-21,450.0,call,120990.0,sell
2026-06-03 11:31:19.775000-04:00,.AMD260821C450,119.55,122.5,120.99,119.0,40.0,483959.99999999994,g ,sell,532.9054,0.7370071702011817,0.0016727943734019053,80.70542915645207,-146.63028851108723,0.7885463686848386,AMD,2026-08-21,450.0,call,483960.0,sell
2026-06-03 11:31:19.775000-04:00,.AMD260821C500,91.5,93.7,92.63,96.0,10.0,92630.0,g ,buy,532.9054,0.649087223883789,0.0018782863007855172,92.90582400605312,-168.62950476899,0.787692357083883,AMD,2026-08-21,500.0,call,92630.0,buy
2026-06-03 11:31:19.459000-04:00,.SNDK260605C1900,24.3,29.0,26.94,26.806809317904825,17.0,45798.0,g ,buy,1793.2129,0.2761127479278704,0.002026339899153153,46.36488213099856,-4601.172368928272,1.189769261176486,SNDK,2026-06-05,1900.0,call,45798.0,buy
2026-06-03 11:31:19.459000-04:00,.SNDK260605C1870,32.9,38.4,35.24,34.89541730713405,17.0,59908.00000000001,g ,sell,1793.2129,0.3361938608808299,0.0022163542742649448,50.59253766076404,-5008.829222286817,1.1869520153142665,SNDK,2026-06-05,1870.0,call,59908.0,sell
2026-06-03 11:31:18.828000-04:00,.MSTR260618P160,27.85,29.45,28.65,28.694370800962684,10.0,28650.0,f ,buy,133.0296,-0.8385892291410115,0.010732514088506116,6.644336629845732,-67.04542396393649,0.8397548242536902,MSTR,2026-06-18,160.0,put,28650.0,buy
2026-06-03 11:31:18.828000-04:00,.MSTR260626P155,24.75,26.25,25.5,25.51829695783132,10.0,25500.0,f ,sell,133.0296,-0.7477705845725963,0.012077907401987862,10.71129850241076,-66.42517001266289,0.7879327641772119,MSTR,2026-06-26,155.0,put,25500.0,sell
2026-06-03 11:31:18.828000-04:00,.MSTR260618P165,32.4,34.5,33.26,33.26515625863175,10.0,33260.0,f ,sell,133.0296,-0.8728814087816295,0.008942732432902363,5.655173837601157,-58.28932629285427,0.8577842541274008,MSTR,2026-06-18,165.0,put,33260.0,sell
2026-06-03 11:31:18.828000-04:00,.MSTR260626P160,28.55,30.5,29.7,29.603088704819275,10.0,29700.0,f ,buy,133.0296,-0.7980963563094964,0.010728942844562052,9.445999097371768,-58.15391981363117,0.7822214143786298,MSTR,2026-06-26,160.0,put,29700.0,buy
2026-06-03 11:31:18.585000-04:00,.SNDK260605C1900,24.3,29.0,26.8,26.806809317904825,12.0,32160.000000000004,g ,buy,1793.2129,0.2761127479278704,0.002026339899153153,46.36488213099856,-4601.172368928272,1.189769261176486,SNDK,2026-06-05,1900.0,call,32160.0,buy
2026-06-03 11:31:18.585000-04:00,.SNDK260605C1900,24.3,29.0,26.85,26.806809317904825,44.0,118140.00000000001,g ,buy,1793.2129,0.2761127479278704,0.002026339899153153,46.36488213099856,-4601.172368928272,1.189769261176486,SNDK,2026-06-05,1900.0,call,118140.0,buy
2026-06-03 11:31:18.585000-04:00,.SNDK260605C1950,14.3,19.0,16.44,16.679208218367272,44.0,72336.0,g ,sell,1793.2129,0.19099346474108675,0.0016462680267422954,37.75304670900123,-3754.9654563278464,1.1924422133523789,SNDK,2026-06-05,1950.0,call,72336.0,sell
2026-06-03 11:31:44.492000-04:00,.NOW260821C100,27.3,27.3,27.3,27.66601039816554,10.0,27300.0,I ,buy,120.6979,0.7680287483145015,0.007431694149075897,17.199834381182303,-28.866668281860335,0.728227460890629,NOW,2026-08-21,100.0,call,27300.0,buy
2026-06-03 11:31:43.591000-04:00,.AMD270115C440,166.8,170.4,168.49,166.94863019653528,3.0,50547.0,g ,sell,533.8767,0.730381873652693,0.001023133812360074,138.19192482486827,-86.077846431621,0.772137478960727,AMD,2027-01-15,440.0,call,50547.0,sell
2026-06-03 11:31:43.591000-04:00,.AMD270115C420,176.1,182.25,179.29,177.52499999999998,3.0,53787.0,g ,buy,533.8767,0.7550017831059506,0.0009712869972887678,131.4800309673137,-82.0787093742485,0.773849716004625,AMD,2027-01-15,420.0,call,53787.0,buy
2026-06-03 11:32:26.636000-04:00,.AVGO261218P400,33.55,34.0,34.0,33.95,10.0,34000.0,I ,buy,489.351,-0.23988549027561246,0.00159992123120544,112.09125154366086,-55.58282169507206,0.5386047306731087,AVGO,2026-12-18,400.0,put,34000.0,buy
2026-06-03 11:32:25.259000-04:00,.MRVL260618C205,105.3,107.35,105.3,104.85967583761848,4.0,42120.0,I ,sell,308.8008,0.9593841482912657,0.0011197340314034526,5.489528194120669,-81.69834948226735,1.2384498936938064,MRVL,2026-06-18,205.0,call,42120.0,sell
2026-06-03 11:32:57.771000-04:00,.TSLA260605P455,25.95,26.4,25.95,25.825001250000007,15.0,38925.0,I ,sell,429.819,-0.9057274322638333,0.009227739145793085,5.593077767591305,-255.46543556534613,0.5472689617590658,TSLA,2026-06-05,455.0,put,38925.0,sell
2026-06-03 11:32:57.051000-04:00,.GOOGL260618P360,9.75,9.85,9.75,9.65,31.0,30225.0,I ,sell,359.2002,-0.49845772872885896,0.01710330676420616,29.23985924108574,-111.83033959129212,0.31824257374303283,GOOGL,2026-06-18,360.0,put,30225.0,sell
2026-06-03 11:32:56.911000-04:00,.FSLR260618C180,135.9,139.6,137.39,137.7648973444498,2.0,27477.999999999996,g ,sell,317.2956,0.9957002580513237,0.0001761268554580659,0.8189151120914495,-10.898074697442599,1.1074186455458386,FSLR,2026-06-18,180.0,call,27478.0,sell
2026-06-03 11:33:28.288000-04:00,.INTC260821C135,11.05,11.35,11.17,11.124998332371714,28.0,31276.0,a ,sell,113.1345,0.41210715216506816,0.008356145102113223,20.52381464101686,-41.782820586196465,0.8833394623425147,INTC,2026-08-21,135.0,call,31276.0,sell
2026-06-03 11:33:28.243000-04:00,.QQQ260626C704,45.27,48.85,46.21,46.76659314309561,7.0,32347.000000000004,g ,sell,745.3655,0.8156562581648401,0.005382930223318163,50.0529320481225,-103.7255892696722,0.2632847294789238,QQQ,2026-06-26,704.0,call,32347.0,sell
2026-06-03 11:33:28.243000-04:00,.QQQ260626C707,42.69,46.24,43.73,44.22768390974427,7.0,30610.999999999996,g ,sell,745.3655,0.8008405893625347,0.005715650293398908,52.479623272709034,-107.38939195717215,0.25998001093351525,QQQ,2026-06-26,707.0,call,30611.0,sell
2026-06-03 11:33:28.065000-04:00,.EWY260605C121,90.4,92.6,91.5,91.55545484550683,9.0,82350.0,g ,sell,212.2261,0.9907227040062931,0.0004655098068646162,0.41027754384264026,-111.71914588474307,3.262216893947568,EWY,2026-06-05,121.0,call,82350.0,sell
2026-06-03 11:33:28.065000-04:00,.EWY260605C120,91.4,93.6,92.5,92.5544680298778,9.0,83250.0,g ,buy,212.2261,0.9908799117987155,0.0004528956881840823,0.40418570338211596,-111.44604409647464,3.3032898436772142,EWY,2026-06-05,120.0,call,83250.0,buy
2026-06-03 11:33:27.641000-04:00,.SPY260608P756,3.7,3.71,3.71,3.6,100.0,37100.0,I ,buy,755.9719,-0.491291992538784,0.04332816311879403,35.948652993051766,-129.20249363884477,0.10213163384345901,SPY,2026-06-08,756.0,put,37100.0,buy
2026-06-03 11:33:59.731000-04:00,.MU260626C1100,97.0,98.65,97.0,96.0,10.0,97000.0,I ,sell,1065.5235,0.5011765417274526,0.0014231139301793712,106.91091505815852,-880.218781928845,1.0460552846465028,MU,2026-06-26,1100.0,call,97000.0,sell
2026-06-03 11:33:59.455000-04:00,.IBB260717P170,6.2,8.5,7.0,7.853965669312171,575.0,402500.0,e ,sell,166.0838,-0.5964155600569438,0.027845038722061035,22.361946975779667,-22.24243609350965,0.24081835371923804,IBB,2026-07-17,170.0,put,402500.0,sell
2026-06-03 11:33:59.142000-04:00,.SPXW260626P7200,21.1,21.4,21.24,20.95000590517241,13.0,27612.0,f ,sell,7575.66,-0.11933238721638939,0.0005689571452249734,381.3644203500944,-549.2721875215229,0.18297781262842594,SPXW,2026-06-26,7200.0,put,27612.0,sell
2026-06-03 11:33:59.142000-04:00,.SPXW260626P7400,45.3,45.6,45.49,44.786487697494906,13.0,59137.0,f ,buy,7575.66,-0.2481095039979897,0.0010643297246924308,605.7578814436413,-740.8133068139138,0.15536768571165613,SPXW,2026-06-26,7400.0,put,59137.0,buy
2026-06-03 11:33:59.060000-04:00,.FTAI260918C95,153.7,157.6,153.7,153.617362895457,3.0,46110.0,I ,sell,247.0825,0.9763892099659693,0.0004017898685263545,7.459342633429878,-13.149980620119349,1.0353722726428922,FTAI,2026-09-18,95.0,call,46110.0,sell
2026-06-03 11:33:59.039000-04:00,.SPXW260626P7200,21.1,21.4,21.24,20.95000590517241,13.0,27612.0,f ,sell,7575.66,-0.11933238721638939,0.0005689571452249734,381.3644203500944,-549.2721875215229,0.18297781262842594,SPXW,2026-06-26,7200.0,put,27612.0,sell
2026-06-03 11:33:59.039000-04:00,.SPXW260626P7400,45.3,45.6,45.49,44.786487697494906,13.0,59137.0,f ,buy,7575.66,-0.2481095039979897,0.0010643297246924308,605.7578814436413,-740.8133068139138,0.15536768571165613,SPXW,2026-06-26,7400.0,put,59137.0,buy
2026-06-03 11:33:58.905000-04:00,.NDX260918P29400,959.2,962.3,962.3,958.3052140543867,1.0,96230.0,I ,buy,30622.6179,-0.324777954767955,8.587696915284779e-05,6040.366046160401,-2566.888111953563,0.2495832996346854,NDX,2026-09-18,29400.0,put,96230.0,buy
2026-06-03 11:33:58.898000-04:00,.MU261016C1200,198.5,202.1,199.97,201.08932216563113,4.0,79988.0,a ,sell,1065.5235,0.5377158487499945,0.0006314252882091874,257.72759599208496,-337.23891969670626,0.9692683192846488,MU,2026-10-16,1200.0,call,79988.0,sell
2026-06-03 11:33:58.807000-04:00,.MU261016C1030,260.0,265.15,260.0,261.5221940497778,2.0,52000.0,I ,sell,1065.5235,0.638139929112514,0.0005962578765971412,243.2056493540417,-318.01748848954486,0.9686002927997707,MU,2026-10-16,1030.0,call,52000.0,sell
2026-06-03 11:33:58.804000-04:00,.QQQ260618C630,116.82,118.76,116.93,117.29603331140284,3.0,35079.0,f ,sell,745.2734,0.948723975363287,0.001324057982641117,16.000928544771494,-100.50533456679494,0.5226362052399401,QQQ,2026-06-18,630.0,call,35079.0,sell
2026-06-03 11:33:58.795000-04:00,.MU261016C1200,199.35,202.1,200.0,201.08932216563113,2.0,40000.0,I ,sell,1065.5235,0.5377158487499945,0.0006314252882091874,257.72759599208496,-337.23891969670626,0.9692683192846488,MU,2026-10-16,1200.0,call,40000.0,sell
2026-06-03 11:34:29.801000-04:00,.MU260605P1085,45.5,46.85,46.48,44.64035368421053,95.0,441559.99999999994,a ,buy,1063.6993,-0.5698891978907554,0.004582591959202367,32.41053927390598,-2811.581460458741,1.03885730963868,MU,2026-06-05,1085.0,put,441560.0,buy
2026-06-03 11:34:29.730000-04:00,.CLS280121P530,205.0,212.5,208.5,207.89325256756757,11.0,229350.0,I ,sell,461.3534,-0.3830780262326732,0.0009183530965099006,225.66979438524223,-48.47527452217285,0.7029482289589064,CLS,2028-01-21,530.0,put,229350.0,sell
2026-06-03 11:34:29.652000-04:00,.GOOGL270115P380,47.65,48.3,47.86,47.726264342930335,10.0,47860.0,f ,sell,359.1466,-0.5384901886724808,0.004432781748695885,112.4264808235588,-28.694715421062703,0.3163879533501334,GOOGL,2027-01-15,380.0,put,47860.0,sell
2026-06-03 11:34:29.440000-04:00,.SPXW260603P7580,12.2,12.4,12.4,12.0,28.0,34720.0,I ,buy,7572.98,-0.5372539772614975,0.014844381728171225,67.656593525571,-10516.6570233517,0.15709042580194402,SPXW,2026-06-03,7580.0,put,34720.0,buy
2026-06-03 11:34:29.282000-04:00,.AMZN260821C270,10.15,10.25,10.2,10.35,43.0,43860.0,I ,buy,249.6021,0.3690038479680214,0.00839595079855385,43.96056791095814,-39.063942797723016,0.3855633240032842,AMZN,2026-08-21,270.0,call,43860.0,buy
2026-06-03 11:35:01.361000-04:00,.TSLA260821C390,61.25,61.9,61.58,64.25,10.0,61579.99999999999,f ,buy,428.1017,0.7028821200928063,0.0032585434403699445,69.576785143574,-84.7050950642331,0.5285537299368888,TSLA,2026-08-21,390.0,call,61580.0,buy
2026-06-03 11:35:01.361000-04:00,.TSLA260618P422.5,13.15,13.2,13.2,12.700000000000003,28.0,36960.0,S ,buy,428.1017,-0.4107938292145945,0.00959496845459036,34.08948855468488,-189.41870414354358,0.46245708813939806,TSLA,2026-06-18,422.5,put,36960.0,buy
2026-06-03 11:35:01.351000-04:00,.ALAB280121C340,172.5,177.5,175.0,175.8468817713357,2.0,35000.0,g ,sell,356.36,0.7519056464768994,0.0006902230274437595,144.78636323024983,-44.34470137719334,1.0022834605743594,ALAB,2028-01-21,340.0,call,35000.0,sell
2026-06-03 11:35:01.351000-04:00,.ALAB270115C220,173.6,177.5,175.55,176.64166498044054,2.0,35110.0,g ,buy,356.36,0.8411209148129789,0.0008092640790006683,68.19310350464444,-58.47318512126883,1.0629128619623867,ALAB,2027-01-15,220.0,call,35110.0,buy
2026-06-03 11:35:00.984000-04:00,.ASML260717C1740,127.1,129.7,127.1,128.2005203471693,9.0,114389.99999999999,I ,sell,1725.7487,0.5254598873496601,0.0011904278298304665,239.4999789846735,-549.9614151152548,0.5559559488969648,ASML,2026-07-17,1740.0,call,114390.0,sell
2026-06-03 11:35:00.671000-04:00,.ARM260918C420,78.25,80.0,78.25,78.89749446282701,6.0,46950.0,I ,sell,397.9437,0.5731484266670522,0.0017862418971936022,84.94764694814634,-146.6362052623695,1.013822078382025,ARM,2026-09-18,420.0,call,46950.0,sell
2026-06-03 11:35:32.120000-04:00,.AAPL260717C310,11.65,11.95,11.8,11.95,27.0,31860.000000000004,I ,sell,311.5035,0.5413879760208039,0.014209398124905832,43.02434228053816,-45.76666211650424,0.25753668683144587,AAPL,2026-07-17,310.0,call,31860.0,sell
2026-06-03 11:35:32.105000-04:00,.CIEN260618C410,216.4,221.8,221.8,221.96471624693555,5.0,110900.0,I ,buy,629.0001,0.9560525615896924,0.0005438772823707709,11.922170905057925,-191.11782057181406,1.3337547857913397,CIEN,2026-06-18,410.0,call,110900.0,buy
2026-06-03 11:35:31.807000-04:00,.MU270115C1100,292.75,295.8,295.05,296.373398883096,3.0,88515.00000000001,I ,buy,1062.202,0.6283199510716337,0.00047720966002726866,316.6478536729854,-241.7002042028271,0.9461936298005551,MU,2027-01-15,1100.0,call,88515.0,buy
2026-06-03 11:36:03.802000-04:00,.TSLA260605C415,15.25,15.5,15.33,16.216763908781026,20.0,30660.000000000004,a ,sell,427.7337,0.7782980396520105,0.015822488051547953,9.864399102917695,-467.06889320458475,0.5666894253144907,TSLA,2026-06-05,415.0,call,30660.0,sell
2026-06-03 11:36:03.789000-04:00,.QQQ260612P744,8.83,8.89,8.87,8.698333815789473,50.0,44349.99999999999,a ,buy,744.695,-0.47966509069851504,0.017457765665165374,47.071730992898374,-180.69157388284435,0.1931710150845609,QQQ,2026-06-12,744.0,put,44350.0,buy
2026-06-03 11:36:03.734000-04:00,.TSLA260717C450,19.6,19.6,19.6,19.62,50.0,98000.00000000001,I ,buy,427.7337,0.41396332674713376,0.005413444170193797,57.98497270338769,-115.83203008145266,0.48362899586210534,TSLA,2026-07-17,450.0,call,98000.0,buy
2026-06-03 11:36:03.234000-04:00,.SPY260821C750,27.51,27.58,27.51,27.41628238385641,29.0,79779.00000000001,I ,sell,755.6577,0.5530516315917675,0.006420488610788736,139.17465541079824,-56.12416926985422,0.17497107835780526,SPY,2026-08-21,750.0,call,79779.0,sell
2026-06-03 11:36:03.230000-04:00,.SPY260821C750,27.51,27.58,27.51,27.41628238385641,29.0,79779.00000000001,I ,sell,755.6577,0.5530516315917675,0.006420488610788736,139.17465541079824,-56.12416926985422,0.17497107835780526,SPY,2026-08-21,750.0,call,79779.0,sell
2026-06-03 11:36:03.201000-04:00,.META261218C800,23.8,24.25,24.23,24.55,15.0,36345.0,I ,buy,614.8671,0.2482849463486137,0.001644845820074492,143.74866588178455,-56.10918207883746,0.4239692642364126,META,2026-12-18,800.0,call,36345.0,buy
2026-06-03 11:36:02.828000-04:00,.AMZN260717C260,7.55,7.7,7.55,7.5,45.0,33975.0,I ,sell,249.7877,0.38824735830760876,0.013065097632341177,33.29611680879896,-46.42027092383737,0.33753014904743706,AMZN,2026-07-17,260.0,call,33975.0,sell
2026-06-03 11:36:34.442000-04:00,.CLS280121P450,157.5,160.4,157.5,157.8797344943085,7.0,110250.0,I ,sell,461.0645,-0.3110873668225924,0.000821668660758096,208.51547647813982,-46.42920029776274,0.7286660117307048,CLS,2028-01-21,450.0,put,110250.0,sell
2026-06-03 11:36:34.374000-04:00,.FPS260618C50,8.8,9.2,9.2,9.65,109.0,100280.0,I ,buy,58.1216,0.7909470169551575,0.02338925087126721,3.4023800989661837,-42.45670683312335,1.0382053691670186,FPS,2026-06-18,50.0,call,100280.0,buy
2026-06-03 11:36:34.374000-04:00,.FPS260618C50,8.8,9.2,9.2,9.65,110.0,101199.99999999999,I ,buy,58.1216,0.7909470169551575,0.02338925087126721,3.4023800989661837,-42.45670683312335,1.0382053691670186,FPS,2026-06-18,50.0,call,101200.0,buy
2026-06-03 11:36:34.313000-04:00,.SPXW260622C7575,90.9,91.3,91.3,91.26143423472159,3.0,27389.999999999996,a ,buy,7572.11,0.5306051105825188,0.0018774647058935785,691.9884189443384,-801.6925859075347,0.12178352725054589,SPXW,2026-06-22,7575.0,call,27390.0,buy
2026-06-03 11:36:34.257000-04:00,.IBM270115C310,47.9,48.8,47.9,48.298551561158696,9.0,43110.0,I ,sell,307.35,0.572184572507048,0.003148675268705948,94.96258654276156,-39.449139519787295,0.5149485579557228,IBM,2027-01-15,310.0,call,43110.0,sell
2026-06-03 11:36:34.227000-04:00,.TSLA260605C415,15.1,15.3,15.23,15.33,20.0,30460.000000000004,a ,buy,427.6313,0.7684300130358854,0.01668981213118729,10.085199115734003,-465.30903158644855,0.5519572324812883,TSLA,2026-06-05,415.0,call,30460.0,buy
2026-06-03 11:36:34.176000-04:00,.IBM270115C310,47.95,48.8,47.95,48.298551561158696,6.0,28770.000000000004,I ,sell,307.35,0.572184572507048,0.003148675268705948,94.96258654276156,-39.449139519787295,0.5149485579557228,IBM,2027-01-15,310.0,call,28770.0,sell
2026-06-03 11:36:33.567000-04:00,.CRWV281215P120,50.6,56.05,53.0,54.051814308836654,300.0,1590000.0,e ,sell,112.4771,-0.30457245984849124,0.0027359568400259805,62.58058370877576,-8.825162944629126,0.7157101230743815,CRWV,2028-12-15,120.0,put,1590000.0,sell
2026-06-03 11:36:33.360000-04:00,.WDC260717C450,166.1,173.65,169.28,168.87163913985793,2.0,33856.0,f ,sell,600.5593,0.8489070908956635,0.0011699936846415206,48.9476814363102,-193.78286981790623,0.9584908087672966,WDC,2026-07-17,450.0,call,33856.0,sell
2026-06-03 11:36:33.360000-04:00,.WDC260717C500,128.8,135.1,131.98,131.4179612681561,2.0,26395.999999999996,f ,buy,600.5593,0.7675093507306703,0.0015838141860631076,63.820529862694904,-243.36114137971947,0.9231994185661082,WDC,2026-07-17,500.0,call,26396.0,buy
2026-06-03 11:36:33.296000-04:00,.SPXW260604P7490,3.7,3.9,3.8,3.7193652480120014,100.0,38000.0,f ,sell,7572.11,-0.10791471745721204,0.0025983334758767256,80.04904513603711,-2040.2090386732077,0.16537845948252292,SPXW,2026-06-04,7490.0,put,38000.0,sell
2026-06-03 11:36:33.296000-04:00,.SPXW260604P7500,4.6,4.8,4.7,4.535372938577129,100.0,47000.0,f ,sell,7572.11,-0.12993097633669604,0.003046190034848084,91.27135248888044,-2262.3991211701764,0.1608404086934317,SPXW,2026-06-04,7500.0,put,47000.0,sell
2026-06-03 11:36:33.117000-04:00,.QQQ260605C740,8.34,8.37,8.35,8.36903963387584,33.0,27555.0,f ,sell,744.7312,0.6368727045829496,0.026463215100302754,21.617742120685207,-444.60261148537154,0.2461115766650777,QQQ,2026-06-05,740.0,call,27555.0,sell
2026-06-03 11:36:33.117000-04:00,.QQQ260717C750,21.2,21.26,21.24,21.31087523423158,33.0,70092.0,f ,buy,744.7312,0.48129054171449187,0.0066972788580089,103.26789669998809,-97.94105252896463,0.22961514700638191,QQQ,2026-07-17,750.0,call,70092.0,buy
2026-06-03 11:36:59.169000-04:00,.NVDA260603C217.5,0.6,0.62,0.61,0.56,416.0,25376.0,a ,buy,216.3821,0.3184680234810142,0.1307699121655374,1.7289790666877851,-969.839553733405,0.5633444502482977,NVDA,2026-06-03,217.5,call,25376.0,buy
2026-06-03 11:36:58.705000-04:00,.SPX270617P7275,356.8,357.7,356.8,357.27998750000006,3.0,107040.00000000001,I ,sell,7573.14,-0.3139447018440398,0.0002248053374421329,2840.0607931872996,-269.63599508113793,0.19708584728748227,SPX,2027-06-17,7275.0,put,107040.0,sell
2026-06-03 11:37:36.009000-04:00,.SPX270219P7225,267.7,268.5,268.1,267.6,1.0,26810.000000000004,I ,undefined,7572.58,-0.3012978579965214,0.0002726366688950305,2287.133903157292,-311.38862761601143,0.19462902650404032,SPX,2027-02-19,7225.0,put,26810.0,mid
2026-06-03 11:37:35.951000-04:00,.IWM260612P285,2.56,2.59,2.57,2.505,190.0,48829.99999999999,a ,sell,288.13,-0.3628209495670509,0.03782901311339294,17.153178909885668,-73.92458122125815,0.2168536556847953,IWM,2026-06-12,285.0,put,48830.0,sell
2026-06-03 11:37:35.938000-04:00,.MRVL260717C360,27.7,28.4,27.7,27.925,20.0,55400.0,I ,sell,307.5005,0.4099485848868641,0.003359604064101458,41.651635049486536,-185.79202194470056,1.079909816623054,MRVL,2026-07-17,360.0,call,55400.0,sell
2026-06-03 11:38:07.449000-04:00,.IBM260717P315,26.05,26.65,26.65,26.205002500000003,10.0,26650.0,I ,buy,306.4559,-0.5183563115862836,0.007233571881849245,42.626991372394166,-90.68968276671868,0.5150655876632975,IBM,2026-07-17,315.0,put,26650.0,buy
2026-06-03 11:38:06.722000-04:00,.AMKR280121C110,22.5,24.5,24.5,24.199999999999996,13.0,31850.0,I ,buy,76.5243,0.5885016296791119,0.0046032817812947345,38.01580197371977,-10.049542433265453,0.8650816136644773,AMKR,2028-01-21,110.0,call,31850.0,buy
2026-06-03 11:38:06.511000-04:00,.SPXW260603P7585,18.2,18.5,18.41,17.3,174.0,320334.0,f ,buy,7568.58,-0.6735285549270059,0.013862966998697863,60.995203661811004,-9399.179208581934,0.15376219663713162,SPXW,2026-06-03,7585.0,put,320334.0,buy
2026-06-03 11:38:06.511000-04:00,.SPXW260603P7580,14.7,14.9,14.76,13.84,174.0,256823.99999999997,f ,sell,7568.58,-0.6043895344203289,0.015209415249348728,65.14326583353784,-9782.569085431767,0.1497624401115392,SPXW,2026-06-03,7580.0,put,256824.0,sell
2026-06-03 11:38:38.181000-04:00,.DELL270115C280,172.2,175.7,172.2,174.575,5.0,86100.0,I ,sell,420.4007,0.833686181258887,0.0009425604945306637,82.94693279744908,-53.28289156161114,0.7962767689192013,DELL,2027-01-15,280.0,call,86100.0,sell
2026-06-03 11:38:37.771000-04:00,.COIN260626C145,23.45,27.25,25.35,25.41498468002948,10.0,25350.0,f ,sell,165.3529,0.7822576224598367,0.00897168172731109,12.30664027512351,-76.0198823517938,0.7846754110312417,COIN,2026-06-26,145.0,call,25350.0,sell
2026-06-03 11:38:37.771000-04:00,.COIN260626C140,27.45,31.3,29.35,29.655362825351382,10.0,29350.0,f ,sell,165.3529,0.819980957778228,0.007552925105503595,10.971866351122019,-71.7741203179429,0.8309783830800225,COIN,2026-06-26,140.0,call,29350.0,sell
2026-06-03 11:38:37.642000-04:00,.TEAM260717C90,17.3,18.0,17.3,17.85,15.0,25950.0,I ,sell,101.9323,0.7224766413338475,0.011682746043546743,11.908617411408732,-39.71894468386545,0.8074690705578141,TEAM,2026-07-17,90.0,call,25950.0,sell
2026-06-03 11:38:37.624000-04:00,.IREN280121C50,39.75,40.35,39.75,40.2,106.0,421350.0,I ,sell,67.1384,0.8221926930541412,0.0027075434234515756,22.565558688829025,-7.6513457081820295,1.1097013814558,IREN,2028-01-21,50.0,call,421350.0,sell
2026-06-03 11:38:37.621000-04:00,.IREN280121C50,39.5,40.35,39.75,40.2,24.0,95400.0,I ,sell,67.1384,0.8221926930541412,0.0027075434234515756,22.565558688829025,-7.6513457081820295,1.1097013814558,IREN,2028-01-21,50.0,call,95400.0,sell
2026-06-03 11:38:37.423000-04:00,.AMD260612C600,6.95,7.3,7.2,7.157336477328359,185.0,133200.0,I ,buy,533.9585,0.20029316387233725,0.004128310637265379,23.777175336970902,-377.9918721643503,0.7998894730360739,AMD,2026-06-12,600.0,call,133200.0,buy
2026-06-03 11:39:09.580000-04:00,.FIX260717C1900,199.8,207.1,207.1,209.11165442047275,25.0,517750.0,I ,buy,1940.8013,0.5889080967332115,0.0008312523385308788,263.68592351249987,-751.9211306221584,0.6903439095427604,FIX,2026-07-17,1900.0,call,517750.0,buy
2026-06-03 11:39:09.117000-04:00,.CDNS261218C380,73.5,77.0,75.0,75.7,5.0,37500.0,I ,sell,401.935,0.6355726433889045,0.002269515521547501,111.48680612629083,-57.254304972442284,0.5577969658092816,CDNS,2026-12-18,380.0,call,37500.0,sell
2026-06-03 11:39:09.109000-04:00,.SSO260605C51.5,16.8,19.5,18.11,18.160153643369828,23.0,41653.0,f ,sell,69.2099,0.9356365599853467,0.008696824778899367,0.6734017093532639,-152.27461819499916,2.7034872855886976,SSO,2026-06-05,51.5,call,41653.0,sell
2026-06-03 11:39:09.109000-04:00,.SSO260605C51,17.2,19.9,18.58,18.660149143369832,23.0,42734.0,f ,buy,69.2099,0.9371462311402974,0.008319733777998037,0.6610792536357922,-153.4042660153695,2.7743096699063328,SSO,2026-06-05,51.0,call,42734.0,buy
2026-06-03 11:39:09.070000-04:00,.TSLA260702P425,20.75,20.85,20.75,20.375,23.0,47725.0,I ,sell,426.4027,-0.4600699404045715,0.0073910316439395754,47.92554223682337,-133.321711689211,0.44481834826122046,TSLA,2026-07-02,425.0,put,47725.0,sell
2026-06-03 11:39:08.973000-04:00,.ZS260717C175,3.0,3.2,3.0,3.10009448259133,272.0,81600.0,I ,sell,135.705,0.18673192583976594,0.007922459913337353,12.691323007857118,-37.58133752653001,0.7168785662440839,ZS,2026-07-17,175.0,call,81600.0,sell
2026-06-03 11:39:08.861000-04:00,.CDNS261218C380,73.4,76.9,74.9,75.7,5.0,37450.0,I ,sell,401.935,0.6355726433889045,0.002269515521547501,111.48680612629083,-57.254304972442284,0.5577969658092816,CDNS,2026-12-18,380.0,call,37450.0,sell
2026-06-03 11:39:45.809000-04:00,.AMD281215C900,158.45,166.0,158.45,162.27,2.0,31689.999999999996,I ,sell,534.0126,0.5589502212935521,0.0006262382507563013,334.32057749069685,-48.985812953456836,0.7436438446865555,AMD,2028-12-15,900.0,call,31690.0,sell
2026-06-03 11:39:44.886000-04:00,.INTC260821C195,3.4,3.5,3.5,3.549999999999999,295.0,103250.0,I ,buy,112.7674,0.16051989748883566,0.004808473481604618,12.819455703189364,-28.49702400260999,0.9644751905035817,INTC,2026-08-21,195.0,call,103250.0,buy
2026-06-03 11:39:44.645000-04:00,.SVXY260618C51,3.5,4.8,4.19,4.3243947390955775,100.0,41900.00000000001,g ,buy,54.765,0.7990080495611318,0.05734780604295364,3.1353640293417495,-16.52734343759527,0.43850444127220056,SVXY,2026-06-18,51.0,call,41900.0,buy
2026-06-03 11:39:44.645000-04:00,.SVXY260717C51,4.3,5.7,4.95,5.063060887211384,100.0,49500.0,g ,sell,54.765,0.726015556391555,0.045821202205738626,6.344332082658793,-10.000161837866575,0.3815936585012717,SVXY,2026-07-17,51.0,call,49500.0,sell
2026-06-03 11:40:17.285000-04:00,.SPX260918P7500,199.7,200.2,199.95,199.76046264107617,8.0,159960.0,f ,buy,7569.29,-0.3963123310843637,0.0005711919636541068,1594.3518304839,-444.13564703873834,0.1630932983503992,SPX,2026-09-18,7500.0,put,159960.0,buy
2026-06-03 11:40:17.285000-04:00,.SPX260918P7200,128.7,129.2,128.95,128.64421772987978,8.0,103159.99999999999,f ,sell,7569.29,-0.2601540652431422,0.0004178665772892856,1342.3009416238692,-430.3200132736253,0.187692231902132,SPX,2026-09-18,7200.0,put,103160.0,sell
2026-06-03 11:40:17.282000-04:00,.AMZN281215C240,74.0,77.6,74.0,75.89069283116788,11.0,81400.0,I ,sell,249.604,0.6646930244152969,0.0019666402633628927,145.0834407125905,-13.307148141475334,0.4655004285247495,AMZN,2028-12-15,240.0,call,81400.0,sell
2026-06-03 11:40:16.814000-04:00,.MSFT270115C575,10.55,10.6,10.6,10.8,25.0,26500.0,I ,buy,426.346,0.18410053115349512,0.0021805379049897235,89.3991589133958,-26.201240539122715,0.36329817622689403,MSFT,2027-01-15,575.0,call,26500.0,buy
2026-06-03 11:40:16.506000-04:00,.TEAM270115C125,16.9,19.2,18.05,18.049999999999997,25.0,45125.0,f ,undefined,101.61,0.49777019633985803,0.006183442065478278,32.02249779024955,-20.76357262572891,0.8037501437637153,TEAM,2027-01-15,125.0,call,45125.0,mid
2026-06-03 11:40:16.432000-04:00,.REMX261120C70,31.2,34.3,32.28,32.8,10.0,32280.0,a ,sell,98.9504,0.8546506802303988,0.0056440148519485405,15.453943004331535,-9.900027557994857,0.5975217724200059,REMX,2026-11-20,70.0,call,32280.0,sell
2026-06-03 11:40:43.417000-04:00,.FWONK261120C100,3.0,4.8,4.55,4.038325711044136,1270.0,577850.0,m ,buy,85.7069,0.31979963172082293,0.0161216701637912,20.91520160395946,-8.500224031025562,0.37907203686105984,FWONK,2026-11-20,100.0,call,577850.0,buy
2026-06-03 11:40:43.359000-04:00,.FWONK261120C100,3.0,4.8,4.55,4.038325711044136,221.0,100555.0,m ,buy,85.7069,0.31979963172082293,0.0161216701637912,20.91520160395946,-8.500224031025562,0.37907203686105984,FWONK,2026-11-20,100.0,call,100555.0,buy
2026-06-03 11:40:43.359000-04:00,.FWONK261120C115,0.75,2.3,1.65,1.5276264645833884,2540.0,419100.0,m ,buy,85.7069,0.15091845250812108,0.010760068097811834,13.695662059830711,-5.46093913365458,0.3719098978847856,FWONK,2026-11-20,115.0,call,419100.0,buy
2026-06-03 11:40:43.359000-04:00,.FWONK261120C115,0.75,2.3,1.65,1.5276264645833884,442.0,72930.0,m ,buy,85.7069,0.15091845250812108,0.010760068097811834,13.695662059830711,-5.46093913365458,0.3719098978847856,FWONK,2026-11-20,115.0,call,72930.0,buy
2026-06-03 11:40:43.356000-04:00,.LULU260702C135,4.7,4.9,4.95,4.849999999999999,450.0,222750.0,I ,buy,124.39,0.35631390217008563,0.016886953626025356,13.12170419215504,-51.46631105516521,0.6271326599429641,LULU,2026-07-02,135.0,call,222750.0,buy
2026-06-03 11:40:42.792000-04:00,.IBM260821C350,17.0,17.5,17.25,17.25,25.0,43125.0,a ,sell,305.4997,0.35595615776310396,0.004523069082244203,53.02551785589288,-70.76299657459933,0.5789957210448282,IBM,2026-08-21,350.0,call,43125.0,sell
2026-06-03 11:40:42.761000-04:00,.AMD260717C400,140.65,146.55,143.6,143.69528868540993,5.0,71800.0,f ,sell,533.7957,0.8817892525120681,0.0013415059325615419,36.77317301373385,-120.6328616299307,0.794145372910643,AMD,2026-07-17,400.0,call,71800.0,sell
2026-06-03 11:40:42.761000-04:00,.AMD260605C385,147.25,152.25,149.75,149.44414723923194,5.0,74875.0,f ,undefined,533.7957,0.9858884853087008,0.0004353558471293568,1.4829908987343168,-248.2357449138694,1.9997396688952491,AMD,2026-06-05,385.0,call,74875.0,mid
2026-06-03 11:40:42.756000-04:00,.RIVN260618C16,2.14,2.22,2.18,2.22,250.0,54500.0,f ,sell,17.845,0.8091547224704507,0.10691618361568486,0.9962964977432641,-8.306675781157873,0.6950951659650302,RIVN,2026-06-18,16.0,call,54500.0,sell
2026-06-03 11:40:42.756000-04:00,.RIVN260618C16,2.14,2.22,2.18,2.22,232.0,50576.00000000001,f ,sell,17.845,0.8091547224704507,0.10691618361568486,0.9962964977432641,-8.306675781157873,0.6950951659650302,RIVN,2026-06-18,16.0,call,50576.0,sell
2026-06-03 11:40:42.326000-04:00,.RKLB270115C210,14.05,15.65,14.77,17.3,30.0,44310.0,f ,sell,115.7822,0.3804137713278597,0.004003908671808591,37.05076893256619,-29.11513614849576,0.9779098330246072,RKLB,2027-01-15,210.0,call,44310.0,sell
2026-06-03 11:40:42.326000-04:00,.RKLB270115C175,19.1,21.7,20.47,24.47,30.0,61409.99999999999,f ,buy,115.7822,0.48380398275856434,0.004060672993188344,38.87122073974177,-31.449579082871793,1.0066482885844483,RKLB,2027-01-15,175.0,call,61410.0,buy
2026-06-03 11:41:19.360000-04:00,.MRVL260605C108,196.9,199.85,198.4,198.5819189999997,2.0,39680.0,g ,buy,306.3026,0.9999929241883829,4.2471904211765216e-07,0.0007632690322750836,-0.20444443793222425,3.200408473251871,MRVL,2026-06-05,108.0,call,39680.0,buy
2026-06-03 11:41:19.360000-04:00,.MRVL260605C113,191.95,194.9,193.41,193.5819939999995,2.0,38682.0,g ,sell,306.4457,0.9999884919218399,6.879657596656147e-07,0.0012131419516198847,-0.3188439397509955,3.1403228525944438,MRVL,2026-06-05,113.0,call,38682.0,sell
2026-06-03 11:41:19.286000-04:00,.QQQ260603C746,0.86,0.88,0.87,0.87,300.0,26100.0,I ,buy,743.9145,0.3145276733894632,0.08261169436769693,5.862677799471637,-1547.8757409052794,0.2602211451519936,QQQ,2026-06-03,746.0,call,26100.0,buy
2026-06-03 11:41:19.252000-04:00,.TSLA270319C420,83.35,83.7,83.7,83.82499999999999,10.0,83700.0,I ,buy,426.3695,0.6075421892411504,0.0018721200642206064,145.9382807907286,-49.80029762518471,0.5407156283912493,TSLA,2027-03-19,420.0,call,83700.0,buy
2026-06-03 11:41:50.422000-04:00,.CRCL260918P70,6.25,6.45,6.25,6.300000000000001,50.0,31250.0,I ,sell,93.3718,-0.19906009221578258,0.006294534691042329,14.130725248334395,-21.082304071867338,0.876208002636874,CRCL,2026-09-18,70.0,put,31250.0,sell
2026-06-03 11:41:50.078000-04:00,.TSLA260605C415,13.85,14.1,13.99,14.35,20.0,27980.0,a ,buy,426.2242,0.7486331035837164,0.017625769547499906,10.507707076093107,-482.2815270402432,0.5483982647358435,TSLA,2026-06-05,415.0,call,27980.0,buy
2026-06-03 11:41:49.623000-04:00,.SPXW260603P7590,22.5,23.1,23.0,22.4,27.0,62100.0,I ,buy,7569.02,-0.783047493299424,0.011918330394102445,49.35028114140326,-7348.572358846919,0.14668158909024237,SPXW,2026-06-03,7590.0,put,62100.0,buy
2026-06-03 11:41:49.623000-04:00,.SPXW260603P7590,22.5,23.0,23.0,22.4,20.0,46000.0,I ,buy,7569.02,-0.783047493299424,0.011918330394102445,49.35028114140326,-7348.572358846919,0.14668158909024237,SPXW,2026-06-03,7590.0,put,46000.0,buy
2026-06-03 11:41:49.623000-04:00,.SPXW260603P7590,22.5,23.0,23.0,22.4,132.0,303600.0,I ,buy,7569.02,-0.783047493299424,0.011918330394102445,49.35028114140326,-7348.572358846919,0.14668158909024237,SPXW,2026-06-03,7590.0,put,303600.0,buy
2026-06-03 11:41:49.512000-04:00,.NOK260618C20,0.53,0.53,0.53,0.59,1439.0,76267.0,I ,sell,17.1986,0.2855928928318722,0.09228947663420417,1.2018384915062934,-15.038698003939762,1.0412200487900796,NOK,2026-06-18,20.0,call,76267.0,sell
2026-06-03 11:41:49.292000-04:00,.SPXW260603P7590,22.8,23.0,23.0,22.4,20.0,46000.0,I ,buy,7569.02,-0.783047493299424,0.011918330394102445,49.35028114140326,-7348.572358846919,0.14668158909024237,SPXW,2026-06-03,7590.0,put,46000.0,buy
2026-06-03 11:42:15.594000-04:00,.SPXW260603C7530,41.0,41.2,41.2,41.50247652066955,8.0,32960.0,I ,buy,7568.96,0.9584134694229189,0.0037355415804799074,14.974707324245477,-2140.644225842605,0.14140067244663157,SPXW,2026-06-03,7530.0,call,32960.0,buy
2026-06-03 11:42:14.867000-04:00,.MRVL260918P310,66.5,66.6,66.6,66.55416833333335,6.0,39960.0,I ,buy,305.6305,-0.40287848158149653,0.0023669810603331935,64.3039229675612,-107.77325603155803,0.9842983081519939,MRVL,2026-09-18,310.0,put,39960.0,buy
2026-06-03 11:42:14.867000-04:00,.MRVL260918P310,66.5,66.6,66.6,66.55416833333335,4.0,26639.999999999996,I ,buy,305.6305,-0.40287848158149653,0.0023669810603331935,64.3039229675612,-107.77325603155803,0.9842983081519939,MRVL,2026-09-18,310.0,put,26640.0,buy
2026-06-03 11:42:52.992000-04:00,.SNDK270617C2470,570.0,585.2,578.73,577.8682482891413,1.0,57873.0,f ,buy,1788.0,0.5991840946579355,0.00019771716300636438,704.7337469576331,-363.73193109781664,1.072354243395713,SNDK,2027-06-17,2470.0,call,57873.0,buy
2026-06-03 11:42:52.992000-04:00,.SNDK270617C1090,1010.5,1025.9,1019.32,1019.8491890866163,1.0,101932.0,f ,buy,1788.0,0.8423796815060758,0.00011834067467810332,439.25683947124935,-236.09059417152437,1.1167142749226688,SNDK,2027-06-17,1090.0,call,101932.0,buy
2026-06-03 11:42:52.606000-04:00,.GOOGL270617C420,36.85,38.8,37.6,39.68,200.0,752000.0,p ,sell,359.5943,0.44149133086562836,0.0026076391952118767,145.71231800177685,-28.682017378358058,0.40989018403041116,GOOGL,2027-06-17,420.0,call,752000.0,sell
2026-06-03 11:42:51.843000-04:00,.SNDK260605C1700,111.6,118.8,115.92,119.14419248823658,5.0,57960.0,g ,buy,1788.0,0.7216881285732197,0.0019945448034619727,46.39175163111249,-4729.390330603514,1.2174480180890965,SNDK,2026-06-05,1700.0,call,57960.0,buy
2026-06-03 11:42:51.843000-04:00,.SNDK260605C1710,107.1,112.1,108.92,112.01558234488074,5.0,54460.0,g ,sell,1788.0,0.7012849040690399,0.002074504533920724,47.96487493282294,-4860.709413869207,1.2102145799262776,SNDK,2026-06-05,1710.0,call,54460.0,sell
2026-06-03 11:42:51.735000-04:00,.MRVL260605C113,191.75,194.5,193.09,193.08,3.0,57927.0,g ,sell,305.2559,0.9898857159441612,0.0001845817135052791,0.6353393046101928,-328.7970799873864,6.178506614583024,MRVL,2026-06-05,113.0,call,57927.0,sell
2026-06-03 11:42:51.735000-04:00,.MRVL260605C108,196.7,199.4,198.09,198.40981899999946,3.0,59427.0,g ,buy,305.2559,0.9999929168271473,4.25591449219899e-07,0.0007633861973795437,-0.20454356389849881,3.1996977114673006,MRVL,2026-06-05,108.0,call,59427.0,buy
2026-06-03 11:43:23.295000-04:00,.IWM260918P265,6.01,6.08,6.02,6.025,1000.0,602000.0,p ,sell,287.8128,-0.2462118391233148,0.00818939507838723,49.17177090967691,-20.65708923894658,0.24671843130999768,IWM,2026-09-18,265.0,put,602000.0,sell
2026-06-03 11:43:23.295000-04:00,.IWM260918C315,4.68,4.74,4.71,4.73,1000.0,471000.0,p ,undefined,287.8128,0.2449750504145336,0.009103201538583672,49.03894526514258,-18.48320725534946,0.221352551067387,IWM,2026-09-18,315.0,call,471000.0,mid
2026-06-03 11:43:23.096000-04:00,.SPXW260603P7610,42.0,42.6,42.3,40.76857,10.0,42300.0,a ,buy,7567.41,-0.9011252194150781,0.005720732267958057,29.20616027743454,-5389.6272488590985,0.18131568814737897,SPXW,2026-06-03,7610.0,put,42300.0,buy
2026-06-03 11:43:22.366000-04:00,.LIN270115P455,15.1,15.8,15.8,15.40729255692908,300.0,474000.0,e ,buy,510.43,-0.24202884489868004,0.0031972969514328636,125.56934007970816,-24.60876067861831,0.2429272105008888,LIN,2027-01-15,455.0,put,474000.0,buy
2026-06-03 11:43:22.314000-04:00,.QQQ260604P740,2.37,2.39,2.37,2.34,156.0,36972.0,a ,sell,743.6682,-0.34866044235729743,0.03730421139042204,15.631835191404946,-567.9726108526887,0.23461450453152108,QQQ,2026-06-04,740.0,put,36972.0,sell
2026-06-03 11:43:54.776000-04:00,.INTC260605C62,50.45,51.25,50.85,51.024640812173715,50.0,254250.0,g ,buy,112.7208,0.9809089586040668,0.0013230986070252278,0.4054793033080507,-137.1167563971381,4.037779505706548,INTC,2026-06-05,62.0,call,254250.0,buy
2026-06-03 11:43:54.545000-04:00,.TSLA280121P400,79.9,80.65,80.3,79.02,48.0,385439.99999999994,g ,buy,426.0963,-0.33908504428559205,0.0014849755145520326,201.6139289074024,-27.56870971717435,0.44750492231699923,TSLA,2028-01-21,400.0,put,385440.0,buy
2026-06-03 11:43:54.545000-04:00,.TSLA280121P400,79.9,80.65,80.3,79.02,47.0,377410.0,g ,buy,426.0963,-0.33908504428559205,0.0014849755145520326,201.6139289074024,-27.56870971717435,0.44750492231699923,TSLA,2028-01-21,400.0,put,377410.0,buy
2026-06-03 11:43:54.545000-04:00,.TSLA280616P390,83.15,85.05,84.05,83.63,47.0,395035.0,g ,sell,426.0963,-0.3361120568568058,0.0014199638426449237,218.483671248417,-22.917494793029324,0.4289238054406655,TSLA,2028-06-16,390.0,put,395035.0,sell
2026-06-03 11:43:54.545000-04:00,.TSLA280616P390,83.15,85.05,84.05,83.63,48.0,403439.99999999994,g ,sell,426.0963,-0.3361120568568058,0.0014199638426449237,218.483671248417,-22.917494793029324,0.4289238054406655,TSLA,2028-06-16,390.0,put,403440.0,sell
2026-06-03 11:43:54.407000-04:00,.NBIS261218C410,45.05,46.5,45.5,46.34492513113905,10.0,45500.0,e ,sell,255.2629,0.4423034789515788,0.0018454271559725434,74.71550461874293,-77.74786714743657,1.130224885295904,NBIS,2026-12-18,410.0,call,45500.0,sell
2026-06-03 11:43:54.071000-04:00,.XLK280121C145,67.0,71.05,69.03,69.19921885759081,8.0,55224.0,f ,buy,196.1587,0.7924565095384086,0.002543881822566349,71.86270697375184,-9.840108332772566,0.44809336977101527,XLK,2028-01-21,145.0,call,55224.0,buy
2026-06-03 11:43:54.071000-04:00,.XLK280121C157.5,58.5,62.05,60.28,60.24443028270685,8.0,48224.0,f ,buy,196.1587,0.7507667816439655,0.0029752363563338748,79.65852747960021,-10.337909896289815,0.4246906300063829,XLK,2028-01-21,157.5,call,48224.0,buy
2026-06-03 11:43:54.025000-04:00,.QQQ260603C747,0.52,0.53,0.52,0.57,640.0,33280.0,a ,sell,743.8352,0.23216746152286633,0.07228423188089023,5.021120853569333,-1318.0149195082918,0.25671055232318263,QQQ,2026-06-03,747.0,call,33280.0,sell
2026-06-03 11:43:53.591000-04:00,.PLTR260717C140,12.5,12.7,12.56,12.6,20.0,25120.0,a ,sell,144.0719,0.5985198988263052,0.014583657351584144,19.389499091347094,-42.36072917102465,0.5288691961692136,PLTR,2026-07-17,140.0,call,25120.0,sell
2026-06-03 11:43:53.535000-04:00,.MU280121P970,341.7,345.0,345.0,375.07,1.0,34500.0,I ,buy,1060.6119,-0.27446879074959707,0.0002999079383022063,445.0420893688705,-112.31631774338503,0.8325726301251035,MU,2028-01-21,970.0,put,34500.0,buy
2026-06-03 11:44:24.964000-04:00,.ANET260618C170,10.95,12.85,12.0,12.25864606193108,160.0,192000.0,e ,buy,174.8794,0.6180361266908173,0.016103427879402388,13.64231260017546,-108.58510444964139,0.6619756978415392,ANET,2026-06-18,170.0,call,192000.0,buy
2026-06-03 11:44:24.728000-04:00,.GOOG281215C290,128.35,132.0,130.55,130.1009413771378,4.0,52220.00000000001,a ,buy,355.9476,0.7411890234505543,0.0012197291961383902,183.40225126512573,-16.915983810931017,0.4681055562740898,GOOG,2028-12-15,290.0,call,52220.0,buy
2026-06-03 11:44:24.700000-04:00,.TLT260821C86,1.32,1.33,1.32,1.31,200.0,26400.0,j ,sell,85.1504,0.43013708521742294,0.09234771297895433,15.576670150240577,-3.8512011464642675,0.10726617890467004,TLT,2026-08-21,86.0,call,26400.0,sell
2026-06-03 11:44:24.552000-04:00,.AVGO270115C470,95.0,97.15,96.08,96.60833863260355,5.0,48040.0,I ,buy,486.189,0.6205500431242473,0.0016782135868769023,145.75349103025908,-69.62948802429744,0.5921638866032626,AVGO,2027-01-15,470.0,call,48040.0,buy
2026-06-03 11:44:24.535000-04:00,.IGV260605C100,1.45,1.5,1.5,1.5443194405837068,300.0,45000.0,I ,buy,100.2897,0.5487081589192467,0.11615829557916856,3.0695844686067284,-113.10929864703978,0.4397278881999953,IGV,2026-06-05,100.0,call,45000.0,buy
2026-06-03 11:44:57.174000-04:00,.SPX261218P6100,77.4,77.7,77.35,77.51128379629631,100.0,773499.9999999999,m ,sell,7568.51,-0.0992816222670242,0.00011502833336248034,990.6315086500618,-244.35010296627217,0.26745653356020366,SPX,2026-12-18,6100.0,put,773500.0,sell
2026-06-03 11:44:57.174000-04:00,.SPXW260930P6425,55.3,55.9,55.65,55.72277972414218,100.0,556500.0,m ,buy,7568.51,-0.10019096037889907,0.00015914631940954944,768.1691023205664,-297.184506088674,0.2526401720931709,SPXW,2026-09-30,6425.0,put,556500.0,buy
2026-06-03 11:44:57.174000-04:00,.SPX261218P6100,77.4,77.7,77.35,77.51128379629631,1500.0,11602499.999999998,m ,sell,7568.51,-0.0992816222670242,0.00011502833336248034,990.6315086500618,-244.35010296627217,0.26745653356020366,SPX,2026-12-18,6100.0,put,11602500.0,sell
2026-06-03 11:44:57.174000-04:00,.SPXW260930P6425,55.3,55.9,55.65,55.72277972414218,200.0,1113000.0,m ,buy,7568.51,-0.10019096037889907,0.00015914631940954944,768.1691023205664,-297.184506088674,0.2526401720931709,SPXW,2026-09-30,6425.0,put,1113000.0,buy
2026-06-03 11:44:57.174000-04:00,.SPX261218P6100,77.4,77.7,77.35,77.51128379629631,200.0,1546999.9999999998,m ,sell,7568.51,-0.0992816222670242,0.00011502833336248034,990.6315086500618,-244.35010296627217,0.26745653356020366,SPX,2026-12-18,6100.0,put,1547000.0,sell
2026-06-03 11:44:57.173000-04:00,.SPXW260930P6425,55.3,55.9,55.65,55.72277972414218,100.0,556500.0,m ,buy,7568.51,-0.10019096037889907,0.00015914631940954944,768.1691023205664,-297.184506088674,0.2526401720931709,SPXW,2026-09-30,6425.0,put,556500.0,buy
2026-06-03 11:44:57.173000-04:00,.SPX261218P6100,77.4,77.7,77.35,77.51128379629631,100.0,773499.9999999999,m ,sell,7568.51,-0.0992816222670242,0.00011502833336248034,990.6315086500618,-244.35010296627217,0.26745653356020366,SPX,2026-12-18,6100.0,put,773500.0,sell
2026-06-03 11:44:57.147000-04:00,.BB260618C9,1.62,1.83,1.63,1.7625497254492202,449.0,73187.0,a ,sell,10.151,0.7316202003521852,0.12029083719036644,0.6886274776128765,-10.86208492408438,1.3118547474122326,BB,2026-06-18,9.0,call,73187.0,sell
2026-06-03 11:44:57.147000-04:00,.BB260618C9,1.62,1.83,1.63,1.7625497254492202,300.0,48899.99999999999,a ,sell,10.151,0.7316202003521852,0.12029083719036644,0.6886274776128765,-10.86208492408438,1.3118547474122326,BB,2026-06-18,9.0,call,48900.0,sell
2026-06-03 11:44:57.111000-04:00,.SPXW260930P6425,55.6,55.9,55.65,55.72277972414218,50.0,278250.0,m ,sell,7568.51,-0.10019096037889907,0.00015914631940954944,768.1691023205664,-297.184506088674,0.2526401720931709,SPXW,2026-09-30,6425.0,put,278250.0,sell
2026-06-03 11:44:57.053000-04:00,.SPXW260930P6425,55.6,55.9,55.65,55.72277972414218,100.0,556500.0,m ,sell,7568.51,-0.10019096037889907,0.00015914631940954944,768.1691023205664,-297.184506088674,0.2526401720931709,SPXW,2026-09-30,6425.0,put,556500.0,sell
2026-06-03 11:44:56.993000-04:00,.SPXW260930P6425,55.6,55.9,55.65,55.72277972414218,200.0,1113000.0,m ,sell,7568.51,-0.10019096037889907,0.00015914631940954944,768.1691023205664,-297.184506088674,0.2526401720931709,SPXW,2026-09-30,6425.0,put,1113000.0,sell
2026-06-03 11:44:56.934000-04:00,.SPXW260930P6425,55.6,55.9,55.65,55.72277972414218,100.0,556500.0,m ,sell,7568.51,-0.10019096037889907,0.00015914631940954944,768.1691023205664,-297.184506088674,0.2526401720931709,SPXW,2026-09-30,6425.0,put,556500.0,sell
2026-06-03 11:44:56.872000-04:00,.SPXW260930P6425,55.6,55.9,55.65,55.72277972414218,450.0,2504250.0,m ,sell,7568.51,-0.10019096037889907,0.00015914631940954944,768.1691023205664,-297.184506088674,0.2526401720931709,SPXW,2026-09-30,6425.0,put,2504250.0,sell
2026-06-03 11:44:56.817000-04:00,.SPXW260930P6425,55.6,55.9,55.65,55.72277972414218,600.0,3339000.0,m ,sell,7568.51,-0.10019096037889907,0.00015914631940954944,768.1691023205664,-297.184506088674,0.2526401720931709,SPXW,2026-09-30,6425.0,put,3339000.0,sell
2026-06-03 11:44:56.607000-04:00,.FIX261016C1940,330.0,341.8,332.36,337.10310759816883,1.0,33236.0,a ,sell,1938.7,0.5875592715212704,0.00045830183046912775,460.1290164814838,-446.4384643975672,0.7186633473756864,FIX,2026-10-16,1940.0,call,33236.0,sell
2026-06-03 11:44:56.404000-04:00,.SPXW260603P7595,27.4,27.8,27.6,26.4,10.0,27600.0,f ,buy,7568.51,-0.979009437926603,0.003908992313998731,8.41876835620723,-669.325427704165,0.07731788404290986,SPXW,2026-06-03,7595.0,put,27600.0,buy
2026-06-03 11:44:56.286000-04:00,.SPX260717C7750,69.8,70.3,70.2,69.99999912889915,5.0,35100.0,I ,buy,7568.51,0.33313252033362345,0.0011156389965826506,957.6478995630802,-493.0178361504634,0.12368324781169661,SPX,2026-07-17,7750.0,call,35100.0,buy
2026-06-03 11:44:56.285000-04:00,.QQQ260604P746,4.9,4.92,4.9,4.9,52.0,25480.0,a ,sell,743.6498,-0.6055334140852701,0.04332283693432716,16.253966605657766,-530.1123067468918,0.21038840039948037,QQQ,2026-06-04,746.0,put,25480.0,sell
2026-06-03 11:45:28.277000-04:00,.MU260605C1070,29.25,30.2,29.65,28.9,10.0,29650.0,a ,sell,1058.4135,0.46119657974822864,0.004608700359177858,32.44465350963813,-2867.4765039893896,1.054330597506106,MU,2026-06-05,1070.0,call,29650.0,sell
2026-06-03 11:45:28.033000-04:00,.USO260702C90,49.75,52.15,49.75,50.746881000000016,10.0,49750.0,I ,sell,140.5636,0.9999531251090826,1.185513308617305e-05,0.00771563819421841,-0.01983353814158013,0.4109828105627163,USO,2026-07-02,90.0,call,49750.0,sell
2026-06-03 11:45:27.859000-04:00,.TSLA260605P455,29.4,29.55,29.55,29.675,10.0,29550.0,I ,buy,425.9955,-0.9309683832580185,0.007098708171105043,4.370202546187467,-208.26993170291306,0.5687821699108107,TSLA,2026-06-05,455.0,put,29550.0,buy
2026-06-03 11:45:27.406000-04:00,.AVGO260821C600,20.05,20.9,20.3,20.650000000000002,50.0,101500.0,f ,sell,485.1785,0.27692918939167255,0.002410692841166072,75.86001730170055,-107.18584706279805,0.6130088109368207,AVGO,2026-08-21,600.0,call,101500.0,sell
2026-06-03 11:45:27.406000-04:00,.AVGO260618C500,23.05,23.5,23.3,24.268108155121595,50.0,116500.0,f ,buy,485.1785,0.4606341824542959,0.005248656878884219,39.38194757585096,-361.05631812899287,0.7624867777240255,AVGO,2026-06-18,500.0,call,116500.0,buy
2026-06-03 11:45:58.392000-04:00,.TSLA260605P455,29.75,30.2,30.01,29.51004828431373,10.0,30010.000000000004,a ,buy,425.7158,-0.9340965499024851,0.006984892242352631,4.216413092706399,-197.13247910234398,0.5576915097443625,TSLA,2026-06-05,455.0,put,30010.0,buy
2026-06-03 11:45:58.366000-04:00,.TSLA260605C427.5,6.0,6.1,6.05,6.325,54.0,32670.0,I ,buy,425.7158,0.4746209620071812,0.022584046403601288,13.098597417594888,-588.4091518929223,0.5358381454581597,TSLA,2026-06-05,427.5,call,32670.0,buy
2026-06-03 11:45:58.334000-04:00,.SNDK270115C1800,583.0,588.0,588.0,602.5337452190881,1.0,58800.0,I ,buy,1779.4522,0.6676122732171429,0.00023389614869653245,516.0940008708397,-454.93501261607037,1.0927450876223739,SNDK,2027-01-15,1800.0,call,58800.0,buy
2026-06-03 11:45:58.167000-04:00,.AVGO280121C300,233.0,236.6,234.8,236.12500000000003,10.0,234800.0,g ,sell,485.1748,0.8417113003503376,0.000615389128911685,150.23997317219033,-28.98595478514522,0.6313534185974597,AVGO,2028-01-21,300.0,call,234800.0,sell
2026-06-03 11:45:58.167000-04:00,.AVGO280121C200,303.9,307.5,305.68,307.41436918789725,10.0,305680.0,g ,sell,485.1748,0.9261708483332007,0.0003261080929994828,86.97429010044226,-18.331020545503904,0.6897094474402948,AVGO,2028-01-21,200.0,call,305680.0,sell
2026-06-03 11:46:29.753000-04:00,.IBM260618C315,9.8,10.25,10.0,10.657570520247097,36.0,36000.0,I ,sell,303.2343,0.4172579567384144,0.010347773807866108,24.24482015499228,-177.05424740523122,0.6072947889395981,IBM,2026-06-18,315.0,call,36000.0,sell
2026-06-03 11:46:29.753000-04:00,.IBM260618C315,9.8,10.0,10.0,10.657570520247097,130.0,130000.0,I ,buy,303.2343,0.4172579567384144,0.010347773807866108,24.24482015499228,-177.05424740523122,0.6072947889395981,IBM,2026-06-18,315.0,call,130000.0,buy
2026-06-03 11:46:29.751000-04:00,.IBM260618C315,9.8,10.25,10.0,10.657570520247097,34.0,34000.0,I ,sell,303.2343,0.4172579567384144,0.010347773807866108,24.24482015499228,-177.05424740523122,0.6072947889395981,IBM,2026-06-18,315.0,call,34000.0,sell
2026-06-03 11:46:29.728000-04:00,.CSCO260618C90,37.9,39.7,38.0,38.25103263952297,8.0,30400.0,I ,sell,127.8264,0.973474250701514,0.002505891037933614,1.6028217115457453,-18.100290851024734,0.9391051388700519,CSCO,2026-06-18,90.0,call,30400.0,sell
2026-06-03 11:46:29.703000-04:00,.ANET270115P200,43.95,46.35,45.75,45.70278288472679,10.0,45750.0,I ,buy,174.5363,-0.5396300820546083,0.0053146500406700825,54.68912013942918,-23.921035684045943,0.5421815576761745,ANET,2027-01-15,200.0,put,45750.0,buy
2026-06-03 11:46:29.266000-04:00,.NOV270115C20,2.65,3.2,3.2,3.1116935478091365,250.0,80000.0,I ,buy,20.985,0.6215090119530498,0.056907287477454487,6.281162312350845,-2.050216750984844,0.4045996103188514,NOV,2027-01-15,20.0,call,80000.0,buy
2026-06-03 11:46:29.263000-04:00,.WDC260821C700,65.45,67.05,67.05,69.10027662287284,10.0,67050.0,I ,buy,597.5744,0.4450188372564315,0.001498938184409236,109.96350725340028,-240.10380054033757,0.9472973948666334,WDC,2026-08-21,700.0,call,67050.0,buy
2026-06-03 11:46:29.241000-04:00,.QQQ260609P744,7.35,7.4,7.37,7.179999999999999,125.0,92125.0,a ,sell,743.278,-0.5032502122252172,0.022729105179947542,38.591579968711635,-206.88170556212174,0.1814330524058621,QQQ,2026-06-09,744.0,put,92125.0,sell
2026-06-03 11:46:29.206000-04:00,.TSLA260821C430,37.85,37.85,37.85,38.0,100.0,378500.0,I ,buy,425.1012,0.5292670365386801,0.003958413956858926,78.84503399568553,-92.17751099114531,0.5072044274167041,TSLA,2026-08-21,430.0,call,378500.0,buy
2026-06-03 11:46:29.101000-04:00,.WDC260821C700,67.5,70.6,67.5,69.10027662287284,10.0,67500.0,I ,sell,597.5744,0.4450188372564315,0.001498938184409236,109.96350725340028,-240.10380054033757,0.9472973948666334,WDC,2026-08-21,700.0,call,67500.0,sell
2026-06-03 11:47:02.132000-04:00,.LITE260717C650,330.3,343.0,336.45,340.15000000000003,1.0,33645.0,f ,sell,963.2205,0.892609560501803,0.0005044358287421781,62.223008381533425,-279.73311771814843,1.0882415045918106,LITE,2026-07-17,650.0,call,33645.0,sell
2026-06-03 11:47:01.696000-04:00,.NOW260618C120,6.8,6.8,6.8,6.9,100.0,68000.0,I ,sell,119.8678,0.5266751977460249,0.022837649252672676,9.73171290592045,-83.43055583017683,0.7129102471484376,NOW,2026-06-18,120.0,call,68000.0,sell
2026-06-03 11:47:01.555000-04:00,.BABA261218C165,6.2,7.15,6.85,6.643216644124071,43.0,29455.0,I ,buy,127.475,0.2851306421498705,0.007676555859233812,31.93845611886318,-13.83001500836317,0.4703166427418675,BABA,2026-12-18,165.0,call,29455.0,buy
2026-06-03 11:47:01.450000-04:00,.HOOD260618C85,3.7,3.9,3.75,3.8,100.0,37500.0,I ,sell,82.9266,0.4610601646033019,0.03384045668411943,6.7198671442504265,-56.015368813706324,0.6932220969250532,HOOD,2026-06-18,85.0,call,37500.0,sell
2026-06-03 11:47:01.389000-04:00,.AMD261218P460,69.25,69.7,69.7,73.66,6.0,41820.00000000001,I ,buy,530.048,-0.31430921767132913,0.001328625601978627,135.49703741307331,-86.85331135080388,0.6996636848536215,AMD,2026-12-18,460.0,put,41820.0,buy
2026-06-03 11:47:01.136000-04:00,.ARM260918C400,82.7,84.85,82.65,85.17499999999998,5.0,41325.0,I ,sell,395.5229,0.6033724956658308,0.001757694580136529,82.89885559086437,-143.94880246096463,1.0197573856383526,ARM,2026-09-18,400.0,call,41325.0,sell
2026-06-03 11:47:32.051000-04:00,.NVDA260626C200,20.1,20.2,20.1,19.825,25.0,50250.00000000001,I ,sell,217.0446,0.789252507051591,0.012326286409770326,15.783069517572239,-53.28223632582924,0.4287261755622656,NVDA,2026-06-26,200.0,call,50250.0,sell
2026-06-03 11:47:31.942000-04:00,.BABA280121C260,6.25,9.5,7.5,7.5,34.0,25500.0,f ,sell,127.49,0.21323692745754658,0.0035686094691106283,47.47612422246896,-7.241002961291306,0.4991086146701208,BABA,2028-01-21,260.0,call,25500.0,sell
2026-06-03 11:47:31.879000-04:00,.ASML280121C2060,368.0,385.8,368.01,379.2797303173873,1.0,36801.0,f ,sell,1716.6183,0.5445038008004183,0.00031846673436613566,871.2630403389674,-150.8199305630612,0.566473619569841,ASML,2028-01-21,2060.0,call,36801.0,sell
2026-06-03 11:47:31.879000-04:00,.ASML270115C1500,403.3,412.3,412.3,409.64000099577027,1.0,41230.0,f ,buy,1716.6183,0.7006175871792382,0.0004468222570538943,469.8293506823274,-217.86147601972326,0.5747846753060016,ASML,2027-01-15,1500.0,call,41230.0,buy
2026-06-03 11:47:31.847000-04:00,.LITE281215C1490,434.6,446.0,434.6,438.74156601567296,1.0,43460.0,I ,sell,962.7959,0.6820606999503591,0.00024305999376544998,549.7946870452128,-103.10957013692583,0.9518073462840846,LITE,2028-12-15,1490.0,call,43460.0,sell
2026-06-03 11:47:31.845000-04:00,.LITE260717C1000,114.0,119.0,114.0,117.53654083387671,3.0,34200.0,I ,sell,962.7959,0.529513656200803,0.001206915836343027,133.94587424962015,-541.78814584388,0.9791124251583682,LITE,2026-07-17,1000.0,call,34200.0,sell
2026-06-03 11:47:31.562000-04:00,.MU261218C950,326.9,333.4,329.34,335.1613859861276,1.0,32934.0,a ,sell,1054.5194,0.6946391414723445,0.00046995742469639867,274.1086277085176,-240.62493606593094,0.9534594318380009,MU,2026-12-18,950.0,call,32934.0,sell
2026-06-03 11:48:08.925000-04:00,.AMD261218P460,68.6,70.45,68.98,69.42,5.0,34490.0,n ,sell,531.5713,-0.29639524800457684,0.0012609344097323726,135.2138849386285,-87.3049107684989,0.7012855572166153,AMD,2026-12-18,460.0,put,34490.0,sell
2026-06-03 11:48:08.925000-04:00,.AMD261218P450,64.25,65.9,64.58,64.83,5.0,32289.999999999996,n ,sell,531.5713,-0.28191487417816896,0.0012282160241519986,132.06620506120396,-85.50612492108407,0.7032067640245537,AMD,2026-12-18,450.0,put,32290.0,sell
2026-06-03 11:48:08.818000-04:00,.SPY260630C755,11.09,11.12,11.1,11.050007194789703,39.0,43290.0,a ,sell,755.0645,0.5061661510436472,0.014348098512641355,82.16802982998871,-74.47353737136024,0.13496437522800822,SPY,2026-06-30,755.0,call,43290.0,sell
2026-06-03 11:48:08.558000-04:00,.SPXW260618P7560,73.6,73.9,73.75,73.82175513769363,6.0,44250.0,f ,buy,7564.84,-0.4578069021779194,0.0019027401453542779,613.0875043011429,-994.6732179153496,0.13490936621342164,SPXW,2026-06-18,7560.0,put,44250.0,buy
2026-06-03 11:48:08.558000-04:00,.SPXW260612P7560,53.4,53.8,53.6,53.564035526315784,6.0,32160.000000000004,f ,buy,7564.84,-0.4569023159136235,0.0026020679187478742,476.34117652860397,-1202.3709334171936,0.1269097964712007,SPXW,2026-06-12,7560.0,put,32160.0,buy
2026-06-03 11:48:08.466000-04:00,.QQQ260717C736,28.41,28.55,28.54,28.41422620732874,10.0,28539.999999999996,a ,buy,743.2247,0.5620537034950648,0.00633004948732092,101.88109336312624,-101.36836932734876,0.24083870573705568,QQQ,2026-07-17,736.0,call,28540.0,buy
2026-06-03 11:48:08.441000-04:00,.GS270319P1010,102.35,105.2,102.35,102.17560304044378,3.0,30704.999999999996,I ,sell,1037.265,-0.4063022629986708,0.0013176931229627222,358.2564265139917,-72.06080849775103,0.3187161755679162,GS,2027-03-19,1010.0,put,30705.0,sell
2026-06-03 11:48:08.351000-04:00,.ORCL260605C225,7.3,7.75,7.51,7.7250000000000005,50.0,37550.0,a ,sell,229.2526,0.6339378741358197,0.027727344020917265,6.657588591634181,-428.29223600310115,0.7668467498162574,ORCL,2026-06-05,225.0,call,37550.0,sell
2026-06-03 11:48:08.290000-04:00,.TSLA270617C400,104.75,106.1,105.42,111.0,4.0,42168.0,a ,sell,425.0407,0.6640969133460715,0.0014729724356766425,160.87178556219487,-43.45611893882939,0.5612950694417982,TSLA,2027-06-17,400.0,call,42168.0,sell
2026-06-03 11:48:08.102000-04:00,.AVGO260617C435,58.15,59.65,58.15,58.57776613868051,5.0,29075.0,I ,sell,484.3993,0.7893290476081162,0.0040462097771843996,27.564836964690564,-265.270697677524,0.7475062172163452,AVGO,2026-06-17,435.0,call,29075.0,sell
2026-06-03 11:48:40.979000-04:00,.GOOGL260605C165,193.3,196.6,194.93,194.9,2.0,38986.0,g ,sell,359.6006,0.9933711253408173,0.00015299255414353272,0.5155237723038333,-189.1661573393867,4.372911182481475,GOOGL,2026-06-05,165.0,call,38986.0,sell
2026-06-03 11:49:11.707000-04:00,.GOOGL260605C165,193.3,196.6,194.92,194.9,3.0,58476.0,g ,sell,359.6353,0.9933711253408173,0.00015299255414353272,0.5155237723038333,-189.1661573393867,4.372911182481475,GOOGL,2026-06-05,165.0,call,58476.0,sell
2026-06-03 11:49:11.707000-04:00,.GOOGL260605C160,198.3,201.45,199.91,199.89,3.0,59973.0,g ,buy,359.6353,0.9896853516330042,0.00020005806013367378,0.7595820107857849,-314.46180499070624,4.934107316156768,GOOGL,2026-06-05,160.0,call,59973.0,buy
2026-06-03 11:49:11.536000-04:00,.NVDA260717C230,7.65,7.75,7.66,7.65,45.0,34470.0,g ,sell,217.2034,0.3744686459117237,0.011848487328531934,28.617703428542395,-50.09088145581365,0.4236813119320613,NVDA,2026-07-17,230.0,call,34470.0,sell
2026-06-03 11:49:11.383000-04:00,.NVDA260717C230,7.65,7.75,7.68,7.65,59.0,45312.0,f ,sell,217.2034,0.3744686459117237,0.011848487328531934,28.617703428542395,-50.09088145581365,0.4236813119320613,NVDA,2026-07-17,230.0,call,45312.0,sell
2026-06-03 11:49:11.382000-04:00,.NVDA260717C230,7.65,7.75,7.69,7.65,38.0,29222.000000000004,f ,sell,217.2034,0.3744686459117237,0.011848487328531934,28.617703428542395,-50.09088145581365,0.4236813119320613,NVDA,2026-07-17,230.0,call,29222.0,sell
2026-06-03 11:49:11.382000-04:00,.NVDA260717C230,7.65,7.75,7.68,7.65,59.0,45312.0,f ,sell,217.2034,0.3744686459117237,0.011848487328531934,28.617703428542395,-50.09088145581365,0.4236813119320613,NVDA,2026-07-17,230.0,call,45312.0,sell
2026-06-03 11:49:11.268000-04:00,.TKR260618P125,1.25,2.5,2.15,1.8804786658195685,500.0,107500.0,m ,buy,131.4905,-0.25814065728805935,0.02797259244916985,8.685520450118307,-44.89877295021885,0.42984959959292013,TKR,2026-06-18,125.0,put,107500.0,buy
2026-06-03 11:49:11.213000-04:00,.TKR260618P120,0.85,2.7,1.35,1.6140426683608644,500.0,67500.0,m ,sell,131.4905,-0.18736559336699277,0.018072748512955837,7.230855733479084,-48.16490233531017,0.553884087730424,TKR,2026-06-18,120.0,put,67500.0,sell
2026-06-03 11:49:42.192000-04:00,.AMZN270115C265,24.75,24.95,24.79,24.724998331386473,12.0,29748.0,I ,sell,250.3372,0.48680865583148397,0.0051561480295907874,78.49195039425277,-24.874756943115624,0.392820935982994,AMZN,2027-01-15,265.0,call,29748.0,sell
2026-06-03 11:49:42.190000-04:00,.AMZN270115C265,24.75,24.95,24.79,24.724998331386473,12.0,29748.0,I ,sell,250.3372,0.48680865583148397,0.0051561480295907874,78.49195039425277,-24.874756943115624,0.392820935982994,AMZN,2027-01-15,265.0,call,29748.0,sell
2026-06-03 11:49:42.188000-04:00,.AMZN270115C265,24.75,24.95,24.79,24.724998331386473,12.0,29748.0,I ,sell,250.3372,0.48680865583148397,0.0051561480295907874,78.49195039425277,-24.874756943115624,0.392820935982994,AMZN,2027-01-15,265.0,call,29748.0,sell
2026-06-03 11:49:42.186000-04:00,.AMZN270115C265,24.65,24.95,24.79,24.724998331386473,12.0,29748.0,I ,sell,250.3372,0.48680865583148397,0.0051561480295907874,78.49195039425277,-24.874756943115624,0.392820935982994,AMZN,2027-01-15,265.0,call,29748.0,sell
2026-06-03 11:49:42.119000-04:00,.SPY260626P749,7.75,7.79,7.76,7.840000000000001,50.0,38800.0,I ,sell,755.2562,-0.4023921264533509,0.014483242413187282,73.62284243475845,-81.40937437820361,0.1404143521291542,SPY,2026-06-26,749.0,put,38800.0,sell
2026-06-03 11:49:42.110000-04:00,.NVDA270115P195,17.45,17.55,17.52,17.524999999999995,15.0,26280.0,n ,buy,217.1253,-0.3120302770298141,0.0048999000571546755,60.48737771821517,-20.60887782425306,0.4223280505628874,NVDA,2027-01-15,195.0,put,26280.0,buy
2026-06-03 11:49:41.981000-04:00,.INTC260918C120,17.5,17.85,17.71,17.6,23.0,40733.00000000001,a ,buy,112.591,0.5353792176394166,0.007666988438550747,24.20445923618545,-35.070596617851095,0.8508938887943166,INTC,2026-09-18,120.0,call,40733.0,buy
2026-06-03 11:49:41.981000-04:00,.INTC260918C120,17.5,17.85,17.69,17.6,26.0,45994.00000000001,a ,buy,112.591,0.5353792176394166,0.007666988438550747,24.20445923618545,-35.070596617851095,0.8508938887943166,INTC,2026-09-18,120.0,call,45994.0,buy
2026-06-03 11:49:41.981000-04:00,.INTC260918C120,17.5,17.85,17.69,17.6,17.0,30073.0,a ,buy,112.591,0.5353792176394166,0.007666988438550747,24.20445923618545,-35.070596617851095,0.8508938887943166,INTC,2026-09-18,120.0,call,30073.0,buy
2026-06-03 11:49:41.847000-04:00,.MU261016C1010,261.05,266.75,264.28,263.05998186668495,1.0,26427.999999999996,a ,buy,1059.5113,0.6448950894292623,0.000599754315673119,239.57506690979758,-312.0705392160962,0.9648131035101127,MU,2026-10-16,1010.0,call,26428.0,buy
2026-06-03 11:49:41.817000-04:00,.NVDA270917C190,61.3,62.3,61.15,61.74639539284899,7.0,42805.0,I ,sell,217.1253,0.6988751755813731,0.0027329550624281204,85.93544631784118,-17.19125211119861,0.5164804364083715,NVDA,2027-09-17,190.0,call,42805.0,sell
2026-06-03 11:49:41.812000-04:00,.NVDA270917C190,61.15,62.3,61.15,61.74639539284899,13.0,79495.0,I ,sell,217.1253,0.6988751755813731,0.0027329550624281204,85.93544631784118,-17.19125211119861,0.5164804364083715,NVDA,2027-09-17,190.0,call,79495.0,sell
2026-06-03 11:49:41.812000-04:00,.NVDA270917C190,61.15,62.3,61.15,61.74639539284899,5.0,30575.0,I ,sell,217.1253,0.6988751755813731,0.0027329550624281204,85.93544631784118,-17.19125211119861,0.5164804364083715,NVDA,2027-09-17,190.0,call,30575.0,sell
2026-06-03 11:49:41.696000-04:00,.GOOGL260605C165,193.3,196.6,194.86,194.76057345604264,2.0,38972.0,g ,sell,359.9699,0.9938228077609919,0.00014552416534171226,0.4841247237235972,-175.5491818389191,4.320693967297406,GOOGL,2026-06-05,165.0,call,38972.0,sell
2026-06-03 11:49:41.696000-04:00,.GOOGL260605C160,198.05,201.45,199.86,199.75753650001016,2.0,39972.0,g ,buy,359.9699,0.994094659459487,0.00013509683633005268,0.4651927008592506,-174.59829851333035,4.472177932380322,GOOGL,2026-06-05,160.0,call,39972.0,buy
2026-06-03 11:49:41.285000-04:00,.HOOD270319C55,35.65,37.1,36.01,36.04,7.0,25207.0,a ,sell,83.0062,0.8252516826349487,0.0043858292794981225,19.028382348239838,-9.544234812346104,0.794759190436607,HOOD,2027-03-19,55.0,call,25207.0,sell
2026-06-03 11:50:13.194000-04:00,.SPXW260603C7540,32.1,32.3,32.3,30.4,10.0,32300.0,I ,buy,7569.61,0.83202461715173,0.008658141281093995,41.49224323757548,-7638.915899519598,0.17552900134084173,SPXW,2026-06-03,7540.0,call,32300.0,buy
2026-06-03 11:50:12.896000-04:00,.HOOD270319C55,35.65,37.1,36.05,36.02,14.0,50469.99999999999,a ,sell,83.0128,0.8252367933549452,0.004389594220172028,19.02660254808313,-9.53709254181305,0.79423771660229,HOOD,2027-03-19,55.0,call,50470.0,sell
2026-06-03 11:50:12.834000-04:00,.SPXW260611C7600,40.7,41.0,40.7,39.93304168153314,10.0,40700.0,a ,sell,7569.61,0.4163195311336148,0.0029218875012336156,442.0011341203905,-1162.967932834176,0.11785274169888021,SPXW,2026-06-11,7600.0,call,40700.0,sell
2026-06-03 11:50:12.716000-04:00,.CAT260918P940,86.85,88.15,88.15,88.59310096590909,4.0,35260.0,I ,buy,930.1104,-0.47539868587035916,0.0019149861602411288,200.55728606288883,-140.9851381701069,0.4128216283738264,CAT,2026-09-18,940.0,put,35260.0,buy
2026-06-03 11:50:45.625000-04:00,.LRCX260618C230,107.8,110.95,109.92,109.06174415318074,20.0,219840.0,a ,buy,339.4267,0.9791568625382785,0.0007424003739488979,3.4608353639266207,-40.73081734716701,0.9785710905901613,LRCX,2026-06-18,230.0,call,219840.0,buy
2026-06-03 11:50:45.508000-04:00,.ETN261218C420,54.3,57.6,55.2,55.95,5.0,27600.0,I ,sell,422.0173,0.5709422677745286,0.0028312869918776414,122.09770478660761,-50.12801303009337,0.445911511503911,ETN,2026-12-18,420.0,call,27600.0,sell
2026-06-03 11:50:45.196000-04:00,.NVDA280616C350,28.5,28.8,28.74,28.492146880935827,10.0,28739.999999999996,a ,buy,217.4626,0.3768268550995185,0.002454954339105227,117.7642732555176,-14.407640278103912,0.4988742470158846,NVDA,2028-06-16,350.0,call,28740.0,buy
2026-06-03 11:51:15.835000-04:00,.USO260918C120,26.05,27.2,26.5,26.785702729914522,10.0,26500.0,f ,sell,140.62,0.7651603183201006,0.008039951999963936,23.427013671302955,-19.98591521929932,0.5009921166577307,USO,2026-09-18,120.0,call,26500.0,sell
2026-06-03 11:51:15.438000-04:00,.CRWD260605C800,16.45,17.4,16.86,16.70390107121509,20.0,33720.0,f ,sell,750.1692,0.3099727874527235,0.003952001827742964,20.38038135636536,-2644.8112529306113,1.5451780734364038,CRWD,2026-06-05,800.0,call,33720.0,sell
2026-06-03 11:51:15.438000-04:00,.CRWD260605C820,12.15,13.4,12.8,12.672161686381408,20.0,25600.0,f ,buy,750.1692,0.24728881444932677,0.003453359633251161,18.2518910940646,-2427.5106148916466,1.58361434767853,CRWD,2026-06-05,820.0,call,25600.0,buy
2026-06-03 11:51:15.299000-04:00,.SPXW260610C7580,46.4,46.6,46.5,46.073534827601826,6.0,27900.0,I ,buy,7570.79,0.47395684161592105,0.0031398599967186382,422.5006768172297,-1284.1173200424566,0.11946179584515734,SPXW,2026-06-10,7580.0,call,27900.0,buy
2026-06-03 11:51:14.913000-04:00,.MRVL260605P290,8.1,8.7,8.38,8.3078575,30.0,25140.000000000004,f ,sell,303.3138,-0.3285814169315787,0.010023083046614084,8.46802974113616,-1094.9987937247356,1.5398750414998574,MRVL,2026-06-05,290.0,put,25140.0,sell
2026-06-03 11:51:46.804000-04:00,.ONDS270115C7.5,5.75,5.8,5.75,5.74,50.0,28750.0,I ,sell,11.795,0.8301371442063546,0.025001006985544694,2.34476825353279,-2.06423478374831,1.0912342690424213,ONDS,2027-01-15,7.5,call,28750.0,sell
2026-06-03 11:51:46.611000-04:00,.FCEL280121C40,10.4,11.6,10.4,10.5,192.0,199680.00000000003,I ,sell,22.56,0.6893943409421612,0.009509421188484796,9.864828004794653,-4.005863762365267,1.3290318783623387,FCEL,2028-01-21,40.0,call,199680.0,sell
2026-06-03 11:51:46.263000-04:00,.DELL260918C650,19.7,20.85,19.7,19.86529366122438,23.0,45310.0,I ,sell,416.6837,0.22409462846667483,0.0015886082582750145,67.50695693054526,-95.97603824343113,0.8349045664859467,DELL,2026-09-18,650.0,call,45310.0,sell
2026-06-03 11:51:45.928000-04:00,.IBIT261218P32,2.43,2.55,2.44,2.468333,2500.0,610000.0,c ,sell,37.5201,-0.2629699726462451,0.02539245352471685,9.016125968339967,-3.859720397620725,0.46495328398946856,IBIT,2026-12-18,32.0,put,610000.0,sell
2026-06-03 11:51:45.883000-04:00,.AMD270115C510,133.65,136.15,134.99,134.79999999999998,2.0,26998.0,g ,buy,533.0119,0.6457168810130867,0.0011639337646839772,156.1454836117794,-95.93063898541133,0.7615277614597233,AMD,2027-01-15,510.0,call,26998.0,buy
2026-06-03 11:51:45.883000-04:00,.AMD270115C510,133.65,136.15,134.99,134.79999999999998,3.0,40497.0,g ,buy,533.0119,0.6457168810130867,0.0011639337646839772,156.1454836117794,-95.93063898541133,0.7615277614597233,AMD,2027-01-15,510.0,call,40497.0,buy
2026-06-03 11:51:45.883000-04:00,.AMD270115C530,125.95,128.0,126.89,126.45260049270644,2.0,25378.0,g ,sell,533.0119,0.6212275611012887,0.0011938328313193848,159.6517642687627,-97.77564197286873,0.7591276040869277,AMD,2027-01-15,530.0,call,25378.0,sell
2026-06-03 11:51:45.883000-04:00,.AMD270115C530,125.95,128.0,126.89,126.45260049270644,3.0,38067.0,g ,sell,533.0119,0.6212275611012887,0.0011938328313193848,159.6517642687627,-97.77564197286873,0.7591276040869277,AMD,2027-01-15,530.0,call,38067.0,sell
2026-06-03 11:52:16.693000-04:00,.OKLO260612P92,27.25,27.6,27.25,26.703811999999996,15.0,40875.0,I ,sell,65.1291,-0.9999891197622954,9.291650218640547e-06,0.0005023840356894914,-0.005043486995513606,0.5045986875246785,OKLO,2026-06-12,92.0,put,40875.0,sell
2026-06-03 11:52:16.619000-04:00,.TSLA260821C440,33.2,33.5,33.27,33.62,9.0,29943.0,a ,sell,424.58,0.4890548313740184,0.003976873766831123,78.9689223389701,-92.17813621334244,0.5064016787014284,TSLA,2026-08-21,440.0,call,29943.0,sell
2026-06-03 11:52:16.375000-04:00,.URI260626P1010,24.7,28.9,27.6,26.8,39.0,107640.00000000001,I ,buy,1029.345,-0.39545039298229356,0.004241280155876557,99.94840760635923,-275.46928118533,0.3499584473993703,URI,2026-06-26,1010.0,put,107640.0,buy
2026-06-03 11:52:47.649000-04:00,.SPY270115C700,87.29,88.5,88.5,88.5263081997921,5.0,44250.0,I ,buy,755.1248,0.6871276296123822,0.0024016268366730885,210.64268167061607,-42.145181462553374,0.2480048618807828,SPY,2027-01-15,700.0,call,44250.0,buy
2026-06-03 11:52:47.589000-04:00,.HOOD270319C55,36.0,36.95,36.07,36.06,15.0,54104.99999999999,a ,sell,83.0259,0.8252567730527594,0.004381983839996021,19.030474303876726,-9.55231210459808,0.7953397789380036,HOOD,2027-03-19,55.0,call,54105.0,sell
2026-06-03 11:52:47.230000-04:00,.IWM261016P285,13.69,13.8,13.75,13.71,20.0,27500.0,g ,buy,287.804,-0.44330193220236636,0.010363272987393533,69.1880599171542,-20.31718626991528,0.21750057835735193,IWM,2026-10-16,285.0,put,27500.0,buy
2026-06-03 11:52:47.230000-04:00,.IWM261016P270,8.59,8.68,8.63,8.615,40.0,34520.00000000001,g ,sell,287.804,-0.3022522298453121,0.008420079384227015,61.12178667627484,-19.515248713320613,0.23648633810116373,IWM,2026-10-16,270.0,put,34520.0,sell
2026-06-03 11:52:46.570000-04:00,.OKTA260618C90,34.55,36.6,35.16,35.76213586445045,80.0,281280.0,a ,sell,125.1488,0.9356057692639959,0.004317277268683643,3.2045615123542284,-44.142324773718045,1.1452584769750358,OKTA,2026-06-18,90.0,call,281280.0,sell
2026-06-03 11:52:46.534000-04:00,.MU260626C1100,93.8,96.2,95.0,94.2,3.0,28500.0,g ,sell,1059.4416,0.4949088437272924,0.0014218964254277355,106.39463558839337,-881.2461439469323,1.0518691186651037,MU,2026-06-26,1100.0,call,28500.0,sell
2026-06-03 11:52:46.534000-04:00,.MU260626C980,150.15,154.05,152.08,155.99808017900713,3.0,45624.0,g ,sell,1059.4416,0.7004789741741048,0.0013448050757004263,94.74817076301846,-703.9492043217775,0.9473974986172116,MU,2026-06-26,980.0,call,45624.0,sell
2026-06-03 11:52:46.534000-04:00,.MU260626C980,150.15,154.05,152.08,155.99808017900713,2.0,30416.000000000004,g ,sell,1059.4416,0.7004789741741048,0.0013448050757004263,94.74817076301846,-703.9492043217775,0.9473974986172116,MU,2026-06-26,980.0,call,30416.0,sell
2026-06-03 11:52:46.458000-04:00,.SNPS270319C570,63.0,71.1,66.65,66.94193765814524,250.0,1666250.0,i ,sell,493.9599,0.47564715729158225,0.001681177404782082,174.8221679996084,-59.52383554886981,0.5394978962475807,SNPS,2027-03-19,570.0,call,1666250.0,sell
2026-06-03 11:52:46.458000-04:00,.SNPS270319P570,124.9,130.8,126.35,128.0871442857143,250.0,3158750.0,i ,sell,493.9599,-0.5639714330262586,0.0019941137906189675,172.89195014183923,-49.080735042146465,0.4498126183001263,SNPS,2027-03-19,570.0,put,3158750.0,sell
2026-06-03 11:53:19.378000-04:00,.CIFR260717C20,8.0,8.15,8.0,6.2,100.0,80000.0,I ,sell,26.8756,0.7476662016971316,0.03115029725892602,2.7503358256537656,-12.977312645521787,1.1903222208029847,CIFR,2026-07-17,20.0,call,80000.0,sell
2026-06-03 11:53:19.347000-04:00,.NDX260821P27000,328.6,333.8,329.93,329.25,1.0,32993.0,f ,sell,30558.3086,-0.14583401584362576,5.541728007071984e-05,3284.1267558285845,-2177.5610871243584,0.28764738785999505,NDX,2026-08-21,27000.0,put,32993.0,sell
2026-06-03 11:53:19.287000-04:00,.NVDA271217C185,68.8,69.5,69.2,69.2960196001915,4.0,27680.0,a ,buy,217.1954,0.7163847813346694,0.002374363921331065,91.2683987577092,-15.684586925242135,0.5294086949341279,NVDA,2027-12-17,185.0,call,27680.0,buy
2026-06-03 11:53:18.886000-04:00,.MSFT260821C500,8.0,8.05,8.0,7.925,101.0,80800.0,I ,sell,426.7351,0.20533431583008743,0.0038223853736945143,56.50968203631708,-48.77734298167608,0.37445912936823694,MSFT,2026-08-21,500.0,call,80800.0,sell
2026-06-03 11:53:18.631000-04:00,.TSM260821C420,51.0,52.95,51.96,51.95007953915702,5.0,25980.0,f ,sell,438.91,0.6185467342924988,0.0035460436015685177,77.9113462497737,-94.45933932787007,0.5259609095700551,TSM,2026-08-21,420.0,call,25980.0,sell
2026-06-03 11:53:18.631000-04:00,.TSM261016C450,50.95,53.6,52.27,52.275000000000006,5.0,26135.000000000004,f ,sell,438.91,0.5345021317772702,0.002771374639159375,106.14288591573738,-76.95631974798016,0.5370040703692455,TSM,2026-10-16,450.0,call,26135.0,sell
2026-06-03 11:53:18.453000-04:00,.CRDO270115C180,82.0,82.5,82.5,81.91537529964464,8.0,66000.0,I ,buy,215.5085,0.7353993917036675,0.0018593019719709153,55.54948649840435,-46.47999594667689,1.0371511274383907,CRDO,2027-01-15,180.0,call,66000.0,buy
2026-06-03 11:53:18.397000-04:00,.RKLB260605P138,21.75,23.1,22.33,22.547619189447097,20.0,44660.0,f ,sell,115.996,-0.9194869183215952,0.010806844638626929,1.336025733713574,-173.50338084281677,1.5456372316372478,RKLB,2026-06-05,138.0,put,44660.0,sell
2026-06-03 11:53:18.397000-04:00,.RKLB260918P115,23.05,24.0,23.53,23.582144285714286,20.0,47060.0,f ,buy,115.996,-0.3899816928130222,0.006266767933648478,24.10288320111466,-40.0002630206079,0.9745691753259028,RKLB,2026-09-18,115.0,put,47060.0,buy
2026-06-03 11:53:18.277000-04:00,.SNDK260717C2000,166.6,174.0,174.0,173.92176840418355,2.0,34800.0,I ,buy,1784.5656,0.4439525713985455,0.0006189797654818031,245.11029048745243,-1041.428064388519,1.028379433083397,SNDK,2026-07-17,2000.0,call,34800.0,buy
2026-06-03 11:53:18.111000-04:00,.STX280121P700,196.4,200.8,200.8,202.00201432304632,10.0,200800.0,I ,buy,948.76,-0.211098556506101,0.00030734757059325507,350.92118693031836,-83.09116772406539,0.7748399612534578,STX,2028-01-21,700.0,put,200800.0,buy
2026-06-03 11:53:18.098000-04:00,.SMH260717C630,47.8,48.55,48.13,48.275000000000006,8.0,38504.0,g ,sell,636.2737,0.5569189065971331,0.0034661595171171272,87.37674444562478,-185.8613571084873,0.5148428636116078,SMH,2026-07-17,630.0,call,38504.0,sell
2026-06-03 11:53:18.073000-04:00,.META260717C550,72.2,73.9,73.5,73.9,5.0,36750.0,I ,buy,614.3634,0.8158388987208273,0.0032229381495755276,56.95167509605976,-90.82417410399434,0.3859932153971543,META,2026-07-17,550.0,call,36750.0,buy
2026-06-03 11:53:55.274000-04:00,.AVGO270319C170,320.5,324.0,322.1,322.3486821889005,5.0,161050.0,a ,sell,486.3241,0.967443611018751,0.00021230881643997135,31.52989570389663,-15.75570352659304,0.7917875352236362,AVGO,2027-03-19,170.0,call,161050.0,sell
2026-06-03 11:53:54.551000-04:00,.HOOD280121C75,33.55,34.8,34.2,34.19,27.0,92340.00000000001,a ,buy,83.0467,0.7252470952650418,0.00405075473694602,35.42878016861244,-8.391745252135465,0.7751081345497148,HOOD,2028-01-21,75.0,call,92340.0,buy
2026-06-03 11:53:54.143000-04:00,.MSTR260612P190,57.9,59.75,58.52,58.90619017005161,10.0,58520.00000000001,g ,sell,131.085,-0.9736697994373249,0.0025527203349679454,1.270604614354013,-29.039081592359313,1.148621443228737,MSTR,2026-06-12,190.0,put,58520.0,sell
2026-06-03 11:53:54.143000-04:00,.MSTR260612P190,57.9,59.75,58.52,58.90619017005161,8.0,46816.0,g ,sell,131.085,-0.9736697994373249,0.0025527203349679454,1.270604614354013,-29.039081592359313,1.148621443228737,MSTR,2026-06-12,190.0,put,46816.0,sell
2026-06-03 11:53:54.143000-04:00,.MSTR260702P190,56.65,60.9,59.08,59.16053632474975,8.0,47264.0,g ,buy,131.085,-0.9538748475414551,0.003561874350525531,3.5895207398076936,-16.419496920987356,0.7311857618775213,MSTR,2026-07-02,190.0,put,47264.0,buy
2026-06-03 11:53:54.143000-04:00,.MSTR260702P190,56.65,60.9,59.08,59.16053632474975,10.0,59079.99999999999,g ,buy,131.085,-0.9538748475414551,0.003561874350525531,3.5895207398076936,-16.419496920987356,0.7311857618775213,MSTR,2026-07-02,190.0,put,59080.0,buy
2026-06-03 11:54:26.698000-04:00,.NVDA260603C215,2.36,2.44,2.44,2.4,200.0,48800.0,I ,buy,217.1501,0.8216097392407641,0.10963920917035941,1.2280865668606418,-660.9706166428958,0.5056209914020925,NVDA,2026-06-03,215.0,call,48800.0,buy
2026-06-03 11:54:26.396000-04:00,.BRKB270115C460,41.75,43.65,42.64,42.725,8.0,34112.0,f ,sell,471.51,0.5885627880385237,0.00417264922495813,144.42180265218363,-29.267856268338043,0.25119651400869875,BRKB,2027-01-15,460.0,call,34112.0,sell
2026-06-03 11:54:25.749000-04:00,.NVDA270917C215,50.15,50.55,50.15,49.94998819670857,15.0,75225.0,I ,sell,217.1501,0.6196293169902006,0.003050905799221887,93.95182219789308,-18.416411805732363,0.5060766257202625,NVDA,2027-09-17,215.0,call,75225.0,sell
2026-06-03 11:54:57.216000-04:00,.NDX260821P27000,328.0,332.4,328.93,330.90000000000003,1.0,32893.0,f ,sell,30561.2466,-0.14620119524854958,5.541427838165587e-05,3289.645579223638,-2185.0953584391514,0.2881523862210934,NDX,2026-08-21,27000.0,put,32893.0,sell
2026-06-03 11:54:57.149000-04:00,.MU260605C1055,36.6,37.45,37.13,36.85,10.0,37130.0,a ,buy,1058.92,0.5319608683416643,0.004507699907637243,32.45906654183818,-2949.106340530516,1.080776060607708,MU,2026-06-05,1055.0,call,37130.0,buy
2026-06-03 11:54:57.120000-04:00,.QCOM260918C240,48.1,49.7,48.85,48.56668600589022,6.0,29310.000000000004,a ,sell,252.4952,0.6297006352436085,0.0034574386808654263,51.612025984070264,-70.25119917588094,0.7993106190376229,QCOM,2026-09-18,240.0,call,29310.0,sell
2026-06-03 11:54:56.847000-04:00,.GOOGL281215C360,100.05,102.6,100.85,101.15,3.0,30254.999999999996,a ,sell,359.2616,0.6401474431066214,0.0014407206796403277,214.14782068015546,-19.13665514727437,0.4535239494488024,GOOGL,2028-12-15,360.0,call,30255.0,sell
2026-06-03 11:54:56.737000-04:00,.MRVL270115C420,61.15,62.75,61.65,61.650000000000006,5.0,30825.0,a ,sell,304.126,0.4938225950045485,0.0016631681346226373,95.41014275522251,-77.18378003672379,1.0027329634291018,MRVL,2027-01-15,420.0,call,30825.0,sell
2026-06-03 11:54:56.492000-04:00,.TSLA260717C425,28.1,28.35,28.32,28.32,10.0,28320.0,a ,buy,424.9541,0.5339054821177948,0.005603996540550465,58.7863256602306,-116.4903546675443,0.4796246069211029,TSLA,2026-07-17,425.0,call,28320.0,buy
2026-06-03 11:54:56.390000-04:00,.SPX260717P7200,49.4,49.7,49.52,49.70000083333334,10.0,49520.00000000001,f ,sell,7569.14,-0.18529598062523334,0.0005608984289639095,703.8084387210436,-529.8944436897227,0.18084930102486887,SPX,2026-07-17,7200.0,put,49520.0,sell
2026-06-03 11:54:56.390000-04:00,.SPX260717P7550,123.7,124.2,124.05,124.40000071428574,4.0,49620.0,f ,buy,7569.14,-0.43614910208576285,0.0010554179125612637,1037.352277327363,-611.7763983520489,0.14166037670484824,SPX,2026-07-17,7550.0,put,49620.0,buy
2026-06-03 11:55:29.847000-04:00,.AMZN260821C270,10.3,10.45,10.45,10.4,44.0,45979.99999999999,I ,buy,249.9639,0.36838953791345863,0.008324544835615982,43.88198429291121,-39.3637900034815,0.3891416677675319,AMZN,2026-08-21,270.0,call,45980.0,buy
2026-06-03 11:55:29.847000-04:00,.AMZN260821C270,10.3,10.45,10.45,10.4,25.0,26125.0,I ,buy,249.9639,0.36838953791345863,0.008324544835615982,43.88198429291121,-39.3637900034815,0.3891416677675319,AMZN,2026-08-21,270.0,call,26125.0,buy
2026-06-03 11:55:29.846000-04:00,.AMZN260821C270,10.3,10.45,10.45,10.4,24.0,25080.0,I ,buy,249.9639,0.36838953791345863,0.008324544835615982,43.88198429291121,-39.3637900034815,0.3891416677675319,AMZN,2026-08-21,270.0,call,25080.0,buy
2026-06-03 11:55:29.846000-04:00,.AMZN260821C270,10.3,10.45,10.45,10.4,44.0,45979.99999999999,I ,buy,249.9639,0.36838953791345863,0.008324544835615982,43.88198429291121,-39.3637900034815,0.3891416677675319,AMZN,2026-08-21,270.0,call,45980.0,buy
2026-06-03 11:55:29.846000-04:00,.AMZN260821C270,10.3,10.45,10.45,10.4,33.0,34485.0,I ,buy,249.9639,0.36838953791345863,0.008324544835615982,43.88198429291121,-39.3637900034815,0.3891416677675319,AMZN,2026-08-21,270.0,call,34485.0,buy
2026-06-03 11:55:29.846000-04:00,.AMZN260821C270,10.3,10.45,10.45,10.4,25.0,26125.0,I ,buy,249.9639,0.36838953791345863,0.008324544835615982,43.88198429291121,-39.3637900034815,0.3891416677675319,AMZN,2026-08-21,270.0,call,26125.0,buy
2026-06-03 11:55:29.846000-04:00,.AMZN260821C270,10.3,10.45,10.45,10.4,77.0,80465.0,I ,buy,249.9639,0.36838953791345863,0.008324544835615982,43.88198429291121,-39.3637900034815,0.3891416677675319,AMZN,2026-08-21,270.0,call,80465.0,buy
2026-06-03 11:55:29.846000-04:00,.AMZN260821C270,10.3,10.45,10.45,10.4,28.0,29259.999999999996,I ,buy,249.9639,0.36838953791345863,0.008324544835615982,43.88198429291121,-39.3637900034815,0.3891416677675319,AMZN,2026-08-21,270.0,call,29260.0,buy
2026-06-03 11:55:29.527000-04:00,.HOOD270319C55,36.0,36.95,36.08,36.13,7.0,25256.0,a ,sell,83.094,0.8255483189068774,0.004370921115538078,19.027239913023852,-9.556281810140689,0.7957988772366456,HOOD,2027-03-19,55.0,call,25256.0,sell
2026-06-03 11:55:29.481000-04:00,.RUT270617C2300,719.6,741.0,730.65,756.4345837568601,1.0,73065.0,g ,buy,2896.0742,0.8551195235869872,0.00026859092473602097,692.8942100662359,-92.9885307734785,0.27882664196085816,RUT,2027-06-17,2300.0,call,73065.0,buy
2026-06-03 11:55:29.481000-04:00,.RUT270617C2300,719.6,741.0,730.65,756.4345837568601,2.0,146130.0,g ,buy,2896.0742,0.8551195235869872,0.00026859092473602097,692.8942100662359,-92.9885307734785,0.27882664196085816,RUT,2027-06-17,2300.0,call,146130.0,buy
2026-06-03 11:55:29.481000-04:00,.RUT270617C2450,602.4,623.0,612.42,631.2334177799964,1.0,61241.99999999999,g ,sell,2896.0742,0.8078676172274821,0.00034155882860983857,831.0886324321491,-105.200068947697,0.26299076425803464,RUT,2027-06-17,2450.0,call,61242.0,sell
2026-06-03 11:55:29.481000-04:00,.RUT270617C2450,602.4,623.0,612.42,631.2334177799964,2.0,122483.99999999999,g ,sell,2896.0742,0.8078676172274821,0.00034155882860983857,831.0886324321491,-105.200068947697,0.26299076425803464,RUT,2027-06-17,2450.0,call,122484.0,sell
2026-06-03 11:56:00.616000-04:00,.NET260618C220,42.4,44.95,43.67,43.60088781724447,7.0,30569.0,f ,sell,261.7238,0.8936118563331541,0.004761381989467123,9.786741550828769,-85.1399734336704,0.7231608580487526,NET,2026-06-18,220.0,call,30569.0,sell
2026-06-03 11:56:00.616000-04:00,.NET260618C195,65.85,68.4,67.12,67.32199517797453,7.0,46984.0,f ,sell,261.7238,0.9592988046296786,0.001883602899485683,4.659497773394524,-48.784197223871615,0.8703212247280667,NET,2026-06-18,195.0,call,46984.0,sell
2026-06-03 11:56:00.615000-04:00,.NET260618C195,65.85,68.4,67.12,67.32199517797453,9.0,60408.00000000001,f ,sell,261.7238,0.9592988046296786,0.001883602899485683,4.659497773394524,-48.784197223871615,0.8703212247280667,NET,2026-06-18,195.0,call,60408.0,sell
2026-06-03 11:56:00.615000-04:00,.NET260618C220,42.4,44.95,43.67,43.60088781724447,9.0,39303.0,f ,sell,261.7238,0.8936118563331541,0.004761381989467123,9.786741550828769,-85.1399734336704,0.7231608580487526,NET,2026-06-18,220.0,call,39303.0,sell
2026-06-03 11:56:00.605000-04:00,.MRVL270319C320,95.6,99.5,98.0,97.25000000000001,20.0,196000.0,I ,buy,304.2657,0.6467294114410971,0.0014028129812578422,100.50404777619357,-62.13906180729815,0.979654201982115,MRVL,2027-03-19,320.0,call,196000.0,buy
2026-06-03 11:56:00.557000-04:00,.NET260618C195,65.85,68.4,67.12,67.32199517797453,6.0,40272.0,f ,sell,261.7238,0.9592988046296786,0.001883602899485683,4.659497773394524,-48.784197223871615,0.8703212247280667,NET,2026-06-18,195.0,call,40272.0,sell
2026-06-03 11:56:00.557000-04:00,.NET260618C220,42.4,44.95,43.67,43.60088781724447,6.0,26202.0,f ,sell,261.7238,0.8936118563331541,0.004761381989467123,9.786741550828769,-85.1399734336704,0.7231608580487526,NET,2026-06-18,220.0,call,26202.0,sell
2026-06-03 11:56:00.538000-04:00,.NET260618C195,65.85,68.4,67.12,67.32199517797453,6.0,40272.0,f ,sell,261.7238,0.9592988046296786,0.001883602899485683,4.659497773394524,-48.784197223871615,0.8703212247280667,NET,2026-06-18,195.0,call,40272.0,sell
2026-06-03 11:56:00.538000-04:00,.NET260618C220,42.4,44.95,43.67,43.60088781724447,6.0,26202.0,f ,sell,261.7238,0.8936118563331541,0.004761381989467123,9.786741550828769,-85.1399734336704,0.7231608580487526,NET,2026-06-18,220.0,call,26202.0,sell
2026-06-03 11:56:00.517000-04:00,.NET260618C220,42.4,44.95,43.67,43.60088781724447,6.0,26202.0,f ,sell,261.7238,0.8936118563331541,0.004761381989467123,9.786741550828769,-85.1399734336704,0.7231608580487526,NET,2026-06-18,220.0,call,26202.0,sell
2026-06-03 11:56:00.517000-04:00,.NET260618C195,65.85,68.4,67.12,67.32199517797453,6.0,40272.0,f ,sell,261.7238,0.9592988046296786,0.001883602899485683,4.659497773394524,-48.784197223871615,0.8703212247280667,NET,2026-06-18,195.0,call,40272.0,sell
2026-06-03 11:56:00.116000-04:00,.SNDK260605C1730,99.3,102.7,99.3,94.29422278561891,3.0,29789.999999999996,I ,sell,1787.3022,0.6519969584897403,0.0022972749365793507,50.87665789964229,-4999.407539047142,1.1689316695949672,SNDK,2026-06-05,1730.0,call,29790.0,sell
2026-06-03 11:55:59.882000-04:00,.CRWD260618C500,249.0,256.35,253.36,251.69747225185748,1.0,25336.0,a ,buy,751.9038,0.978550309257868,0.000323671963453307,7.858823682393571,-98.0946013358,1.0375927080712506,CRWD,2026-06-18,500.0,call,25336.0,buy
2026-06-03 11:56:32.206000-04:00,.ANET280121C260,33.7,33.7,33.7,32.875,60.0,202200.00000000003,I ,sell,175.1115,0.4635014188072716,0.0028264545164239656,88.85652454958816,-17.063479556449412,0.6284106413460336,ANET,2028-01-21,260.0,call,202200.0,sell
2026-06-03 11:56:31.589000-04:00,.NVDA260821C270,4.0,4.05,4.05,4.0,117.0,47385.0,a ,buy,217.489,0.17752907291590175,0.005679789316183646,26.326029372189826,-27.462648369527486,0.45253458158990534,NVDA,2026-08-21,270.0,call,47385.0,buy
2026-06-03 11:56:30.981000-04:00,.SOXL270115C105,193.15,195.35,193.15,195.97,16.0,309040.0,I ,sell,276.8889,0.9221588619656786,0.00043840903012518534,32.09891926304724,-39.00341424587993,1.506797117898343,SOXL,2027-01-15,105.0,call,309040.0,sell
2026-06-03 11:57:02.541000-04:00,.SPXW260609C7610,24.4,24.6,24.49,25.000000000000004,40.0,97959.99999999999,f ,sell,7567.65,0.3570741073081433,0.0035878270739660273,367.2119362043487,-1147.4283722059688,0.10563383724274449,SPXW,2026-06-09,7610.0,call,97960.0,sell
2026-06-03 11:57:02.422000-04:00,.NVDA270617C235,36.2,36.8,36.5,36.436650316429876,10.0,36500.0,I ,buy,217.1636,0.537608970976562,0.0036465638887935594,87.96563822776355,-20.820671114308766,0.49175878399438083,NVDA,2027-06-17,235.0,call,36500.0,buy
2026-06-03 11:57:01.891000-04:00,.SNDK270617C1740,770.0,783.7,770.0,768.9668334034484,1.0,77000.0,I ,sell,1789.5594,0.7194924130137705,0.00016892359620544113,612.6178193005112,-323.4367692548256,1.096908899512633,SNDK,2027-06-17,1740.0,call,77000.0,sell
2026-06-03 11:57:01.602000-04:00,.CRCL270617C100,30.55,33.25,31.64,31.963399112822483,10.0,31639.999999999996,a ,sell,93.4056,0.6556992039107425,0.004156003366740759,34.94452747939213,-15.697274677061698,0.9332884696012101,CRCL,2027-06-17,100.0,call,31640.0,sell
2026-06-03 11:57:01.562000-04:00,.SNDK270617P1250,350.4,364.6,357.5,357.49870142857156,1.0,35750.0,f ,buy,1789.5594,-0.19517682278733184,0.0001513757138517331,501.59649552655776,-241.96538522379532,1.002234948852156,SNDK,2027-06-17,1250.0,put,35750.0,buy
2026-06-03 11:57:01.562000-04:00,.SNDK270617P1680,606.0,625.7,613.74,618.1108974934726,1.0,61374.0,f ,sell,1789.5594,-0.2862901445467547,0.00018891448692425652,618.640265166103,-294.92498244866476,0.9904764949658821,SNDK,2027-06-17,1680.0,put,61374.0,sell
2026-06-03 11:57:01.471000-04:00,.LRCX260618C310,36.2,37.45,36.2,36.202879494543154,7.0,25340.000000000004,I ,sell,338.4407,0.7515365087241275,0.006479494070099673,21.85174790378897,-186.2702757605018,0.7085474405808425,LRCX,2026-06-18,310.0,call,25340.0,sell
2026-06-03 11:57:01.470000-04:00,.LRCX260618C310,36.2,36.2,36.2,36.202879494543154,10.0,36200.0,I ,sell,338.4407,0.7515365087241275,0.006479494070099673,21.85174790378897,-186.2702757605018,0.7085474405808425,LRCX,2026-06-18,310.0,call,36200.0,sell
2026-06-03 11:57:01.470000-04:00,.LRCX260618C310,36.2,37.45,36.2,36.202879494543154,18.0,65160.0,I ,sell,338.4407,0.7515365087241275,0.006479494070099673,21.85174790378897,-186.2702757605018,0.7085474405808425,LRCX,2026-06-18,310.0,call,65160.0,sell
2026-06-03 11:57:32.983000-04:00,.TSLA260605C400,25.3,25.55,25.3,25.775,10.0,25300.0,I ,sell,424.3197,0.9061549254721357,0.008451779705226804,5.4870561507161195,-279.2298060250324,0.6049878039262756,TSLA,2026-06-05,400.0,call,25300.0,sell
2026-06-03 11:57:32.797000-04:00,.HPE260605C40,15.1,15.55,15.2,15.15184649999962,90.0,136800.0,a ,sell,55.21,0.9996151186456375,0.00026093136288486826,0.0059289176436235136,-0.6267671919845813,1.256750973423837,HPE,2026-06-05,40.0,call,136800.0,sell
2026-06-03 11:57:32.505000-04:00,.SPXW260603C7560,13.4,13.5,13.4,13.6,19.0,25460.0,I ,sell,7567.55,0.6799987479294745,0.01773119498340862,58.19778948315439,-7801.677754793861,0.1239305973934686,SPXW,2026-06-03,7560.0,call,25460.0,sell
2026-06-03 11:57:31.655000-04:00,.SPX260717C7400,280.1,281.7,281.09,281.3736748362653,1.0,28108.999999999996,f ,buy,7567.55,0.6977715986314811,0.0008459676992122679,918.7833004722376,-598.9130220739946,0.15657437227241294,SPX,2026-07-17,7400.0,call,28109.0,buy
2026-06-03 11:57:55.582000-04:00,.QQQ260821C760,26.13,26.18,26.18,26.330000000000002,10.0,26180.0,I ,buy,743.5063,0.4463505178822595,0.00471052812206415,136.93988789414243,-76.48119765135242,0.2422806686561247,QQQ,2026-08-21,760.0,call,26180.0,buy
2026-06-03 11:57:55.544000-04:00,.QQQ260821P750,32.38,32.5,32.38,32.315,9.0,29142.0,S ,sell,743.5063,-0.5145777525147599,0.0054873963161929514,138.09908263496348,-66.76972767842777,0.2097407722708404,QQQ,2026-08-21,750.0,put,29142.0,sell
2026-06-03 11:57:55.534000-04:00,.QQQ260821P750,32.33,32.38,32.38,32.315,8.0,25904.000000000004,I ,buy,743.5063,-0.5145777525147599,0.0054873963161929514,138.09908263496348,-66.76972767842777,0.2097407722708404,QQQ,2026-08-21,750.0,put,25904.0,buy
2026-06-03 11:57:55.468000-04:00,.SPXW260630C7625,84.6,85.0,84.7,85.65000000000002,4.0,33880.0,I ,sell,7566.74,0.4454647434586701,0.0015104669186459365,817.8027931836457,-694.5807100027587,0.12644270904534038,SPXW,2026-06-30,7625.0,call,33880.0,sell
2026-06-03 11:57:55.432000-04:00,.AAPL260821C320,12.0,12.2,12.08,12.099999999999998,25.0,30200.0,g ,sell,311.5973,0.44117441879748753,0.009976426730047477,57.250065145262944,-35.97805545795214,0.27261976017356676,AAPL,2026-08-21,320.0,call,30200.0,sell
2026-06-03 11:57:55.432000-04:00,.AAPL260717C310,11.85,12.0,11.92,11.875,25.0,29800.0,g ,sell,311.5973,0.5396194411278076,0.014231354446817522,43.019531659042286,-45.752596672309174,0.2574013098611001,AAPL,2026-07-17,310.0,call,29800.0,sell
2026-06-03 11:58:34.736000-04:00,.INTC260618C150,0.92,0.96,0.92,0.9799999999999999,420.0,38640.0,I ,sell,112.4192,0.09754431502736222,0.007441363225938162,3.9509354567528625,-48.01946794656635,1.0101579781353243,INTC,2026-06-18,150.0,call,38640.0,sell
2026-06-03 11:58:34.628000-04:00,.HOOD270319C55,36.05,36.9,36.13,36.03,7.0,25291.000000000004,a ,sell,83.1285,0.8253758606898041,0.004388844447539818,19.02219257188671,-9.529243046186181,0.7937548217243345,HOOD,2027-03-19,55.0,call,25291.0,sell
2026-06-03 11:58:34.615000-04:00,.NVDA260618C220,5.9,6.0,5.94,6.05,165.0,98010.0,a ,sell,216.9478,0.45571202107558756,0.021551260303787026,17.55177257389428,-87.75854169120935,0.41557759658772647,NVDA,2026-06-18,220.0,call,98010.0,sell
2026-06-03 11:58:33.926000-04:00,.SPXW260605C7620,10.1,10.3,10.2,10.100000000000001,25.0,25499.999999999996,I ,buy,7568.04,0.24348488897426235,0.004448322533936767,182.82335734356943,-1857.3362303929948,0.12070762261823419,SPXW,2026-06-05,7620.0,call,25500.0,buy
2026-06-03 11:58:33.806000-04:00,.META260605P615,8.25,8.5,8.5,8.05,54.0,45900.0,I ,buy,613.7999,-0.5066166964385207,0.020589673465537275,18.8890266172032,-650.3794307389015,0.40911143291140994,META,2026-06-05,615.0,put,45900.0,buy
2026-06-03 11:58:33.805000-04:00,.META260605P615,8.25,8.5,8.5,8.05,46.0,39100.0,S ,buy,613.7999,-0.5066166964385207,0.020589673465537275,18.8890266172032,-650.3794307389015,0.40911143291140994,META,2026-06-05,615.0,put,39100.0,buy
2026-06-03 11:58:33.805000-04:00,.META261016C550,97.0,98.1,97.0,97.80000000000003,10.0,97000.0,I ,sell,613.7999,0.7106883467911407,0.0021382884012108587,127.83532568826438,-73.82042475572607,0.42769884446178985,META,2026-10-16,550.0,call,97000.0,sell
2026-06-03 11:59:09.903000-04:00,.QCOM260821C280,29.6,30.95,30.0,29.54627388154923,778.0,2334000.0,I ,sell,253.5163,0.4761307668249221,0.003984973600792584,46.907913245318596,-91.73822362804538,0.8483831442128443,QCOM,2026-08-21,280.0,call,2334000.0,sell
2026-06-03 11:59:09.837000-04:00,.ASTS260717C115,15.4,15.85,15.63,15.65,30.0,46890.0,I ,buy,108.9607,0.5303499915903649,0.008693859408420102,15.037949873044134,-75.20434553383187,1.2103208382632091,ASTS,2026-07-17,115.0,call,46890.0,buy
2026-06-03 11:59:09.509000-04:00,.MSTR260821P250,117.6,121.7,119.82,119.67303164791252,10.0,119819.99999999999,a ,buy,130.7154,-0.9484553296657194,0.0022589994224120787,6.457476643817421,-11.393129300945715,0.7653898879258894,MSTR,2026-08-21,250.0,put,119820.0,buy
2026-06-03 11:59:41.993000-04:00,.SPX260717P7510,110.7,111.2,110.75,111.15000142857144,3.0,33225.0,f ,sell,7568.66,-0.39653461595526407,0.0010048998043706086,1015.2370083114465,-615.5355068579066,0.1456276102292409,SPX,2026-07-17,7510.0,put,33225.0,sell
2026-06-03 11:59:41.943000-04:00,.BE270617P210,67.9,68.7,68.7,68.59382509283498,6.0,41220.00000000001,I ,buy,290.0,-0.20018477551941083,0.0008803289156512214,82.56476604835376,-42.90084417153025,1.0795440296266916,BE,2027-06-17,210.0,put,41220.0,buy
2026-06-03 11:59:41.923000-04:00,.IWM260821C295,9.35,9.36,9.35,9.23,28.0,26180.0,I ,sell,288.1801,0.43175547274467885,0.012766242453990518,52.720478762573116,-27.901884885895342,0.22958498290723797,IWM,2026-08-21,295.0,call,26180.0,sell
2026-06-03 11:59:41.923000-04:00,.IWM260821C295,9.35,9.36,9.35,9.23,34.0,31789.999999999996,I ,sell,288.1801,0.43175547274467885,0.012766242453990518,52.720478762573116,-27.901884885895342,0.22958498290723797,IWM,2026-08-21,295.0,call,31790.0,sell
2026-06-03 11:59:41.908000-04:00,.HOOD270319C100,15.65,16.15,16.03,15.93,18.0,28854.000000000004,a ,buy,83.2554,0.5177190575893638,0.0073300874368399,29.486080648231855,-13.676237214215586,0.734914186224802,HOOD,2027-03-19,100.0,call,28854.0,buy
2026-06-03 11:59:41.885000-04:00,.TSLA260605P455,31.3,31.75,31.65,31.76,10.0,31650.0,a ,buy,423.7751,-0.9425088083866549,0.006097096087187975,3.761203010042277,-183.2513953061465,0.5786582432804351,TSLA,2026-06-05,455.0,put,31650.0,buy
2026-06-03 11:59:41.610000-04:00,.HOOD270319C55,36.1,36.9,36.26,36.16,27.0,97902.0,a ,sell,83.2554,0.8258046394525134,0.004367320096879446,19.020651215151037,-9.546385029391413,0.7952436748122836,HOOD,2027-03-19,55.0,call,97902.0,sell
2026-06-03 11:59:41.608000-04:00,.MSFT260603C425,2.7,2.8,2.8,2.53,100.0,28000.0,I ,buy,427.0436,0.6792499359968397,0.09477472725246944,3.282987495496751,-1463.541161295479,0.411822029045169,MSFT,2026-06-03,425.0,call,28000.0,buy
2026-06-03 11:59:41.568000-04:00,.NVDA260605C227.5,0.47,0.48,0.47,0.48,900.0,42300.0,f ,sell,216.8459,0.11684764274650433,0.022989960094808623,3.2817123291277244,-141.11832139751806,0.5108022599486972,NVDA,2026-06-05,227.5,call,42300.0,sell
2026-06-03 11:59:41.231000-04:00,.MRVL261120C310,79.1,81.85,81.85,79.40009265630161,5.0,40925.0,I ,buy,306.5287,0.6237491278823354,0.0018252743577812877,78.93641911008719,-84.6414103228791,1.0000644101740557,MRVL,2026-11-20,310.0,call,40925.0,buy
2026-06-03 11:59:41.080000-04:00,.BTI270115C60,4.0,4.4,4.22,4.25,60.0,25320.0,f ,buy,59.1498,0.5110352147089562,0.03440642676440618,18.579261270209088,-3.729056562587814,0.2487824477463899,BTI,2027-01-15,60.0,call,25320.0,buy
2026-06-03 11:59:41.080000-04:00,.BTI260717C55,4.6,5.1,4.82,4.849999999999999,60.0,28920.000000000004,f ,sell,59.1498,0.7954249408975882,0.050951293239861244,5.841967581089248,-6.530463806469515,0.2705418432162426,BTI,2026-07-17,55.0,call,28920.0,sell
2026-06-03 12:00:13.289000-04:00,.SPXW260603C7525,45.8,46.2,46.1,44.53281988507215,10.0,46100.0,a ,buy,7569.16,0.9174368219376179,0.0048535656527243665,24.661325739982313,-5212.66044953981,0.1936480168312084,SPXW,2026-06-03,7525.0,call,46100.0,buy
2026-06-03 12:00:13.200000-04:00,.AMD260717C550,46.65,47.7,47.13,47.07500000000001,18.0,84834.0,f ,sell,532.8439,0.5033715252417895,0.0029361432385422086,74.04841365725242,-223.96352811526623,0.7319747752409211,AMD,2026-07-17,550.0,call,84834.0,sell
2026-06-03 12:00:13.200000-04:00,.AMD260717C540,50.75,51.7,51.23,51.22500000000001,18.0,92214.0,f ,buy,532.8439,0.5320637222692217,0.0029277098223088422,73.81175789929323,-223.17528001005977,0.7317371649530524,AMD,2026-07-17,540.0,call,92214.0,buy
2026-06-03 12:00:13.172000-04:00,.MU281215C640,676.0,694.0,685.51,601.8,1.0,68551.0,g ,buy,1057.8495,0.8409192185499834,0.00018983019305895225,394.90494073564196,-60.6609817327449,0.7837771610228547,MU,2028-12-15,640.0,call,68551.0,buy
2026-06-03 12:00:13.172000-04:00,.MU281215C560,711.5,724.0,717.21,712.0,1.0,71721.0,g ,sell,1057.8495,0.8780165292742197,0.00013036090798223168,339.17235382989037,-61.88955013040336,0.926161753586908,MU,2028-12-15,560.0,call,71721.0,sell
2026-06-03 12:00:13.096000-04:00,.NVDA260605P200,0.15,0.16,0.15,0.165,4662.0,69930.0,g ,sell,217.1011,-0.039374471034975045,0.008317728413523363,1.422738868586536,-73.28397582182775,0.6116291365529116,NVDA,2026-06-05,200.0,put,69930.0,sell
2026-06-03 12:00:13.014000-04:00,.MUU260918C1050,374.0,389.9,385.9,380.12693606349336,2.0,77180.0,a ,buy,1021.9108,0.6804813497785712,0.00035192422477680523,197.6723044638241,-618.054086091968,1.8360261630871115,MUU,2026-09-18,1050.0,call,77180.0,buy
2026-06-03 12:00:12.932000-04:00,.IREN270115C90,17.05,17.3,17.0,17.01255086578941,16.0,27200.0,I ,sell,67.0806,0.5473348074464585,0.006598590543096614,20.91208954157439,-19.185790020227696,1.1371785381687822,IREN,2027-01-15,90.0,call,27200.0,sell
2026-06-03 12:00:12.423000-04:00,.SMH260717C660,34.15,34.6,34.6,34.175000000000004,10.0,34600.0,I ,buy,636.6222,0.45174400616363664,0.0035747830477050155,87.68391230394788,-181.28039503054455,0.5003397984028135,SMH,2026-07-17,660.0,call,34600.0,buy
2026-06-03 12:00:12.327000-04:00,.SPY260717P750,11.89,11.92,11.9,11.984999999999998,35.0,41650.0,a ,sell,755.3514,-0.4331204440167259,0.010820813522435814,103.33149423749114,-59.07457214089587,0.1383586730736084,SPY,2026-07-17,750.0,put,41650.0,sell
2026-06-03 12:00:44.933000-04:00,.HUT270617C100,62.25,66.0,64.14,65.12,15.0,96210.0,g ,buy,131.4681,0.7879513231377849,0.0020544132596139165,39.39870725907999,-19.580422007008128,1.0379230898680694,HUT,2027-06-17,100.0,call,96210.0,buy
2026-06-03 12:00:44.637000-04:00,.HOOD270319C55,36.1,36.9,36.31,36.27,7.0,25417.0,a ,sell,83.3199,0.8265110826459352,0.004352154790011664,19.005673636319553,-9.530301387188432,0.794526095163439,HOOD,2027-03-19,55.0,call,25417.0,sell
2026-06-03 12:00:44.637000-04:00,.HOOD270319C55,36.1,36.9,36.31,36.27,10.0,36310.0,a ,sell,83.3199,0.8265110826459352,0.004352154790011664,19.005673636319553,-9.530301387188432,0.794526095163439,HOOD,2027-03-19,55.0,call,36310.0,sell
2026-06-03 12:00:44.637000-04:00,.HOOD270319C55,36.1,36.9,36.31,36.27,8.0,29048.0,a ,sell,83.3199,0.8265110826459352,0.004352154790011664,19.005673636319553,-9.530301387188432,0.794526095163439,HOOD,2027-03-19,55.0,call,29048.0,sell
2026-06-03 12:00:44.328000-04:00,.TSLA260605P432.5,11.9,12.0,12.0,12.150000000000002,109.0,130800.0,I ,buy,424.014,-0.683497424885853,0.020608041255397537,11.624610402499256,-517.7489355628205,0.5289109866716011,TSLA,2026-06-05,432.5,put,130800.0,buy
2026-06-03 12:00:44.324000-04:00,.TSLA260605P432.5,11.9,12.0,12.0,12.150000000000002,53.0,63600.0,I ,buy,424.014,-0.683497424885853,0.020608041255397537,11.624610402499256,-517.7489355628205,0.5289109866716011,TSLA,2026-06-05,432.5,put,63600.0,buy
2026-06-03 12:00:44.290000-04:00,.TSLA260605P432.5,11.95,12.0,12.0,12.150000000000002,38.0,45600.0,I ,buy,424.014,-0.683497424885853,0.020608041255397537,11.624610402499256,-517.7489355628205,0.5289109866716011,TSLA,2026-06-05,432.5,put,45600.0,buy
2026-06-03 12:00:44.088000-04:00,.MRVL260717C310,43.3,43.3,43.3,42.5,50.0,216500.0,I ,sell,306.7051,0.5586408926871745,0.0035503041053538014,42.03302057228001,-181.24659502545384,1.0435475578419227,MRVL,2026-07-17,310.0,call,216500.0,sell
2026-06-03 12:01:16.231000-04:00,.HOOD280121C75,33.55,34.8,34.31,34.37,19.0,65189.00000000001,a ,buy,83.3233,0.7262478452538086,0.004031275496556452,35.469411325082866,-8.402023067103944,0.775162636401231,HOOD,2028-01-21,75.0,call,65189.0,buy
2026-06-03 12:01:16.067000-04:00,.SPXW260630P7370,48.8,49.2,49.0,48.6500025,14.0,68600.0,I ,buy,7567.05,-0.24590596563707512,0.0009655984251256636,651.7447373582655,-690.2593974878529,0.15765798569469636,SPXW,2026-06-30,7370.0,put,68600.0,buy
2026-06-03 12:01:16.065000-04:00,.SPXW260630P7410,56.4,56.8,56.6,56.1764719117647,12.0,67920.0,I ,undefined,7567.05,-0.2811089919131846,0.001069657302509512,697.8426291100612,-714.3715355684893,0.1523869667267674,SPXW,2026-06-30,7410.0,put,67920.0,mid
2026-06-03 12:01:16.046000-04:00,.QQQ260821P650,7.45,7.5,7.45,7.41,43.0,32035.000000000004,S ,sell,743.2905,-0.1392328551683284,0.002250774163680766,76.81227765423883,-50.36179729361774,0.28441432907752157,QQQ,2026-08-21,650.0,put,32035.0,sell
2026-06-03 12:01:16.038000-04:00,.QQQ260821P650,7.45,7.48,7.45,7.41,109.0,81205.0,S ,sell,743.2905,-0.1392328551683284,0.002250774163680766,76.81227765423883,-50.36179729361774,0.28441432907752157,QQQ,2026-08-21,650.0,put,81205.0,sell
2026-06-03 12:01:47.628000-04:00,.MRVL270115P260,57.65,58.15,57.78,57.89630548088412,14.0,80892.0,a ,sell,305.9231,-0.27775732173688383,0.0015252077920252128,81.0014879355697,-59.47249750312912,0.9100551919955561,MRVL,2027-01-15,260.0,put,80892.0,sell
2026-06-03 12:01:47.566000-04:00,.ENPH261120C110,8.95,9.95,9.4,9.349999999999998,35.0,32900.0,a ,sell,69.8177,0.3848616744088077,0.007787249944307139,18.325000135166444,-20.114189884053392,1.0237059806003292,ENPH,2026-11-20,110.0,call,32900.0,sell
2026-06-03 12:01:47.457000-04:00,.MRVL270115P260,57.7,58.2,57.7,57.89630548088412,11.0,63470.00000000001,I ,sell,305.9231,-0.27775732173688383,0.0015252077920252128,81.0014879355697,-59.47249750312912,0.9100551919955561,MRVL,2027-01-15,260.0,put,63470.0,sell
2026-06-03 12:01:47.452000-04:00,.MRVL270115P260,57.7,58.5,57.7,57.89630548088412,5.0,28850.0,I ,sell,305.9231,-0.27775732173688383,0.0015252077920252128,81.0014879355697,-59.47249750312912,0.9100551919955561,MRVL,2027-01-15,260.0,put,28850.0,sell
2026-06-03 12:01:47.108000-04:00,.STX260618P960,74.1,76.2,76.2,74.1656689504645,4.0,30480.0,I ,buy,944.4359,-0.4916542795306892,0.0023468011732085715,77.09485015208135,-815.739013123313,0.879282395651402,STX,2026-06-18,960.0,put,30480.0,buy
2026-06-03 12:01:47.042000-04:00,.QQQ260605C739,8.02,8.03,8.03,8.406658851167402,50.0,40149.99999999999,S ,buy,743.2981,0.6403663912463775,0.02651954630704759,21.430701093122387,-444.43112986801566,0.2460982899318609,QQQ,2026-06-05,739.0,call,40150.0,buy
2026-06-03 12:01:46.919000-04:00,.NVDA260618P220,8.85,9.0,9.0,8.88,28.0,25200.0,I ,buy,216.6932,-0.5511046691818033,0.02196799076659887,17.495245721736943,-85.75021071634914,0.40732759939414787,NVDA,2026-06-18,220.0,put,25200.0,buy
2026-06-03 12:01:46.919000-04:00,.NVDA260618P220,8.85,9.0,9.0,8.88,72.0,64800.0,I ,buy,216.6932,-0.5511046691818033,0.02196799076659887,17.495245721736943,-85.75021071634914,0.40732759939414787,NVDA,2026-06-18,220.0,put,64800.0,buy
2026-06-03 12:01:46.695000-04:00,.AVGO261218P440,51.05,52.15,52.15,51.64999666666666,8.0,41720.0,I ,buy,484.4432,-0.32651369201574143,0.0018802441770115529,129.15759612318,-63.67594034969054,0.5354426969304029,AVGO,2026-12-18,440.0,put,41720.0,buy
2026-06-03 12:01:46.612000-04:00,.MSFT260626C410,23.65,24.55,24.0,24.049999999999997,20.0,48000.0,I ,sell,426.9665,0.7018869659756556,0.009740584268939144,37.29801059844153,-97.21387860194305,0.33085058285970714,MSFT,2026-06-26,410.0,call,48000.0,sell
2026-06-03 12:01:46.498000-04:00,.SPX260821P7000,69.4,69.7,69.6,69.00000833333334,50.0,347999.99999999994,I ,buy,7566.43,-0.17113131521588087,0.00035262481780411333,900.350973342023,-423.9921929151422,0.2034177201627653,SPX,2026-08-21,7000.0,put,348000.0,buy
2026-06-03 12:01:46.331000-04:00,.META260605C610,9.45,9.95,9.65,9.80000041924229,30.0,28950.0,I ,sell,613.1308,0.5693203778601352,0.0193108454141722,18.56014002501272,-673.5483666501644,0.4307163527768192,META,2026-06-05,610.0,call,28950.0,sell
2026-06-03 12:02:19.150000-04:00,.FSLR261218C230,110.8,113.1,110.8,111.625,3.0,33240.0,I ,sell,316.7667,0.8071872807207044,0.0016007702009681445,64.05905651205894,-43.12644292397587,0.7311742039290178,FSLR,2026-12-18,230.0,call,33240.0,sell
2026-06-03 12:02:18.947000-04:00,.TSLA260605C430,4.35,4.4,4.35,4.4,188.0,81780.0,I ,sell,423.6772,0.3690583850367338,0.021266054713806215,12.309660064300468,-564.0889137482544,0.5436731694055428,TSLA,2026-06-05,430.0,call,81780.0,sell
2026-06-03 12:02:18.381000-04:00,.VLO261218C380,6.0,6.8,6.6,6.623894248297073,300.0,198000.0,p ,buy,264.6951,0.167691980792108,0.002941421323315713,48.87224091764162,-19.69614310115871,0.4377001484044735,VLO,2026-12-18,380.0,call,198000.0,buy
2026-06-03 12:02:18.061000-04:00,.AVGO260717C450,58.75,58.75,58.75,60.02897253365741,7.0,41125.0,I ,sell,484.4014,0.680847803993351,0.0034739662483866812,60.395967837406204,-151.77656927236825,0.608165823161615,AVGO,2026-07-17,450.0,call,41125.0,sell
2026-06-03 12:02:17.978000-04:00,.AVGO260717C450,58.75,59.8,58.75,60.02897253365741,6.0,35250.0,S ,sell,484.4014,0.680847803993351,0.0034739662483866812,60.395967837406204,-151.77656927236825,0.608165823161615,AVGO,2026-07-17,450.0,call,35250.0,sell
2026-06-03 12:02:17.863000-04:00,.HOOD270319C55,36.1,36.9,36.31,36.26,24.0,87144.0,a ,sell,83.3271,0.8266738908417224,0.0043554380356864465,18.99795387473268,-9.511776869864192,0.7933009668947218,HOOD,2027-03-19,55.0,call,87144.0,sell
2026-06-03 12:02:17.672000-04:00,.TSLA260605C400,24.5,24.9,24.63,24.67,12.0,29556.0,a ,sell,423.6772,0.8945886482747843,0.009200843913930976,5.949934238924685,-304.6242740364612,0.6074017013296783,TSLA,2026-06-05,400.0,call,29556.0,sell
2026-06-03 12:02:17.474000-04:00,.SPX270521C9600,33.8,34.4,34.15,34.3,10.0,34150.0,f ,buy,7565.89,0.07580044533927005,0.00013424494336354215,1096.9243193227073,-78.68826679161884,0.13829497677916275,SPX,2027-05-21,9600.0,call,34150.0,buy
2026-06-03 12:02:49.642000-04:00,.PERI261016C5,3.0,3.8,3.1,3.3,85.0,26350.0,I ,sell,7.8797,0.8599250731272827,0.049433039023316784,1.066931262418104,-1.3541106420370908,0.9399861645000201,PERI,2026-10-16,5.0,call,26350.0,sell
2026-06-03 12:02:49.459000-04:00,.IONQ260821C70,13.1,13.85,13.6,13.525,20.0,27200.0,a ,buy,69.315,0.5922041771059017,0.011120225548458663,12.539431303348167,-31.246983480605824,1.080953510084094,IONQ,2026-08-21,70.0,call,27200.0,buy
2026-06-03 12:02:49.369000-04:00,.CAT260612C920,27.75,29.35,29.35,30.821903194286165,10.0,29350.0,I ,buy,927.9366,0.5750088049657448,0.006081053509925227,57.745474067788685,-502.8022677069105,0.4373073572018191,CAT,2026-06-12,920.0,call,29350.0,buy
2026-06-03 12:02:49.177000-04:00,.MU260918C960,258.65,260.1,258.65,260.6655638516024,1.0,25864.999999999996,I ,sell,1054.3193,0.6725857759091406,0.0006520592654143194,206.9183278539238,-340.3592200957538,0.9659020504079907,MU,2026-09-18,960.0,call,25865.0,sell
2026-06-03 12:02:49.064000-04:00,.META260626P615,20.95,21.8,21.8,21.35,14.0,30520.0,I ,buy,612.963,-0.4973051861868729,0.007794926110019409,61.62926753098399,-160.84197371652144,0.33128464448607325,META,2026-06-26,615.0,put,30520.0,buy
2026-06-03 12:02:48.773000-04:00,.QCOM270319P280,77.65,79.05,77.65,77.69749499999999,24.0,186360.0,I ,sell,253.258,-0.44516420929715383,0.0025733025609134224,89.09774981018262,-38.29904007557293,0.6810910614156371,QCOM,2027-03-19,280.0,put,186360.0,sell
2026-06-03 12:03:20.286000-04:00,.SPX270219C6725,1176.2,1181.8,1179.2,1180.969390195006,1.0,117920.0,a ,buy,7566.66,0.8188452686398366,0.00019512115546622535,1728.6989072626009,-248.8517000895159,0.20577256088002419,SPX,2027-02-19,6725.0,call,117920.0,buy
2026-06-03 12:03:19.966000-04:00,.HOOD270319C55,36.1,36.9,36.45,36.31,17.0,61965.00000000001,a ,sell,83.4652,0.8266133917706777,0.004345359525371961,19.006301283531545,-9.538077939797455,0.7951449523806146,HOOD,2027-03-19,55.0,call,61965.0,sell
2026-06-03 12:03:19.808000-04:00,.SPX270319C7750,474.1,475.0,474.2,473.6000000000001,1.0,47420.0,I ,sell,7566.66,0.5399983554197462,0.00034456265932436905,2747.2281370459914,-288.928377335632,0.16644733941751363,SPX,2027-03-19,7750.0,call,47420.0,sell
2026-06-03 12:03:18.857000-04:00,.ORCL260717C145,85.35,88.4,87.0,86.830598284815,6.0,52200.0,f ,buy,230.6389,0.9588026588783891,0.0013131410389856078,7.079071991661239,-24.51444207615724,0.8380246275064244,ORCL,2026-07-17,145.0,call,52200.0,buy
2026-06-03 12:03:18.857000-04:00,.ORCL261218C200,59.55,60.45,60.0,59.875,6.0,36000.0,f ,sell,230.6389,0.703396242718803,0.002969246829974125,58.771943169245674,-37.101190630080815,0.6856022509752041,ORCL,2026-12-18,200.0,call,36000.0,sell
2026-06-03 12:03:18.812000-04:00,.NVDA270617P175,16.75,16.85,16.8,16.825,47.0,78960.0,I ,sell,216.894,-0.23897932721541948,0.003279388792674338,68.5456839196863,-14.118463679478603,0.427929537908565,NVDA,2027-06-17,175.0,put,78960.0,sell
2026-06-03 12:03:18.713000-04:00,.ORCL260717C170,63.0,63.7,63.7,63.549346000005855,4.0,25480.0,I ,buy,230.6389,0.9047275508756225,0.0028435340005757335,13.584829176427682,-41.689882191090135,0.7426558103716446,ORCL,2026-07-17,170.0,call,25480.0,buy
2026-06-03 12:03:51.144000-04:00,.MU260918C850,315.65,318.15,316.5,316.29414185043134,1.0,31650.0,I ,sell,1055.7365,0.7493423837230344,0.0005718461003904191,181.8281966033311,-301.5675757425958,0.9738970288008684,MU,2026-09-18,850.0,call,31650.0,sell
2026-06-03 12:03:50.725000-04:00,.MSFT281215P390,54.1,55.7,54.87,54.70735944444445,25.0,137175.0,g ,sell,426.945,-0.3349034620710515,0.0019213621990072087,247.80802022384896,-13.608147430898695,0.2786946366917361,MSFT,2028-12-15,390.0,put,137175.0,sell
2026-06-03 12:03:50.725000-04:00,.MSFT281215P420,67.75,70.85,69.35,68.87052821428571,5.0,34675.0,g ,buy,426.945,-0.39961768358504823,0.002096104489218561,262.75571382348113,-14.02390436336218,0.27087051650971217,MSFT,2028-12-15,420.0,put,34675.0,buy
2026-06-03 12:03:50.725000-04:00,.MSFT281215P360,42.05,43.4,42.75,42.674859444444444,25.0,106875.0,g ,buy,426.945,-0.27369813155311173,0.0016988315612203192,226.45973794667447,-12.853139224478024,0.28804687949584645,MSFT,2028-12-15,360.0,put,106875.0,buy
2026-06-03 12:03:49.985000-04:00,.SNDK260821P2200,614.5,630.6,622.55,622.9326047094684,1.0,62254.99999999999,a ,undefined,1785.4372,-0.5777095281134823,0.0004555941279342929,324.8041610403123,-774.9645874087103,1.0349758495581658,SNDK,2026-08-21,2200.0,put,62255.0,mid
2026-06-03 12:04:22.319000-04:00,.NVDA280121P150,14.75,14.9,14.8,14.825,27.0,39960.0,I ,sell,216.6353,-0.17306881476991576,0.002130168409545733,70.99589075175959,-9.398952991741522,0.43321927101827756,NVDA,2028-01-21,150.0,put,39960.0,sell
2026-06-03 12:04:22.072000-04:00,.SPX270521C8350,266.8,268.1,267.52,266.8,1.0,26752.0,f ,buy,7567.74,0.36172499318672857,0.0003196527874472639,2881.0850524105313,-227.87231681082392,0.1524779634596127,SPX,2027-05-21,8350.0,call,26752.0,buy
2026-06-03 12:04:22.072000-04:00,.SPX270617C8350,296.8,297.7,297.17,296.516541876069,1.0,29717.0,f ,sell,7567.74,0.377146374545373,0.0003078490225770022,3038.616923494607,-225.81682970527953,0.15426355281819057,SPX,2027-06-17,8350.0,call,29717.0,sell
2026-06-03 12:04:21.761000-04:00,.LITE261218P1500,662.2,669.0,662.2,657.520231541638,3.0,198660.0,I ,sell,952.8241,-0.6359644096330999,0.0005924901406421174,264.68166199232695,-219.17053261665663,0.899317985496561,LITE,2026-12-18,1500.0,put,198660.0,sell
2026-06-03 12:04:21.759000-04:00,.LITE261218P1500,662.2,669.0,662.2,657.520231541638,1.0,66220.0,I ,sell,952.8241,-0.6359644096330999,0.0005924901406421174,264.68166199232695,-219.17053261665663,0.899317985496561,LITE,2026-12-18,1500.0,put,66220.0,sell
2026-06-03 12:04:21.548000-04:00,.LRCX280121P300,73.5,77.95,75.74,75.73250499999999,5.0,37870.0,f ,buy,339.4717,-0.29438749119237917,0.0013438159228249913,149.57497248392775,-27.020363819460957,0.5911448219719573,LRCX,2028-01-21,300.0,put,37870.0,buy
2026-06-03 12:04:21.548000-04:00,.LRCX280121P250,49.5,54.0,51.74,51.74999666666666,5.0,25870.0,f ,sell,339.4717,-0.21730571951152133,0.0011026173904512024,127.57369346962433,-23.955791936997002,0.6144846411307637,LRCX,2028-01-21,250.0,put,25870.0,sell
2026-06-03 12:04:21.427000-04:00,.HOOD270319C100,15.75,16.55,16.17,16.18,27.0,43659.0,a ,buy,83.4288,0.520991450398253,0.0072712451424674545,29.588626933052073,-13.776114239396232,0.737705500342614,HOOD,2027-03-19,100.0,call,43659.0,buy
2026-06-03 12:04:21.258000-04:00,.NVDA261218C217,30.4,30.4,30.4,29.9,15.0,45600.0,I ,buy,216.6353,0.5644474651856417,0.005140326322676534,62.6329459682585,-27.75781962658757,0.48149643017884564,NVDA,2026-12-18,217.0,call,45600.0,buy
2026-06-03 12:04:21.200000-04:00,.HOOD270319C55,36.1,36.9,36.35,36.36,30.0,109050.0,a ,sell,83.4288,0.8273769644759205,0.004342180425629597,18.981529375666014,-9.491573687447431,0.7922973869467643,HOOD,2027-03-19,55.0,call,109050.0,sell
2026-06-03 12:04:52.166000-04:00,.TSLA260605C400,24.6,25.15,24.87,24.68846522543144,20.0,49740.0,a ,sell,423.7606,0.8941667169238166,0.009205277062476725,5.966857952564915,-306.2870178173217,0.6088946640962897,TSLA,2026-06-05,400.0,call,49740.0,sell
2026-06-03 12:04:51.961000-04:00,.HOOD270319C100,15.75,16.2,16.16,16.18,26.0,42016.0,a ,buy,83.4407,0.520991450398253,0.0072712451424674545,29.588626933052073,-13.776114239396232,0.737705500342614,HOOD,2027-03-19,100.0,call,42016.0,buy
2026-06-03 12:04:51.799000-04:00,.SNDK261218C2150,448.4,455.9,448.4,445.9954618062223,1.0,44840.0,I ,sell,1788.2588,0.567022394374657,0.00027440059347322293,516.502200058647,-519.0456464968205,1.0914116854315077,SNDK,2026-12-18,2150.0,call,44840.0,sell
2026-06-03 12:04:51.794000-04:00,.TSLA260605P455,31.4,31.75,31.49,31.65908040304574,10.0,31489.999999999996,a ,sell,423.7606,-0.9550587359830862,0.00537672045627994,3.0894029956644973,-140.57423372222556,0.539747251530919,TSLA,2026-06-05,455.0,put,31490.0,sell
2026-06-03 12:05:24.201000-04:00,.MU260605C950,111.2,115.0,115.0,111.16256909212636,100.0,1150000.0,I ,buy,1059.3504,0.8842839783561577,0.0020189750296379745,15.84348307908947,-1587.9308863228496,1.1882617137716456,MU,2026-06-05,950.0,call,1150000.0,buy
2026-06-03 12:05:24.200000-04:00,.MU270115C1630,162.8,165.0,165.0,163.6205170322194,10.0,165000.0,I ,buy,1059.3504,0.41701384455618196,0.0004956578315890292,324.2904055732356,-247.9304339132328,0.9476232638111968,MU,2027-01-15,1630.0,call,165000.0,buy
2026-06-03 12:05:24.192000-04:00,.QQQ260717C710,47.2,47.63,47.2,47.03625043198162,8.0,37760.0,I ,sell,743.72,0.7054180757547013,0.004965460496755554,89.1729564481804,-98.94618533110493,0.26851255281508657,QQQ,2026-07-17,710.0,call,37760.0,sell
2026-06-03 12:05:24.164000-04:00,.QQQ260603P743,1.23,1.24,1.24,1.3,235.0,29139.999999999996,a ,buy,743.72,-0.43496530735937255,0.09793536522434185,6.189794790162214,-1769.1409742742328,0.2555992731626597,QQQ,2026-06-03,743.0,put,29140.0,buy
2026-06-03 12:05:24.164000-04:00,.QQQ260603P743,1.23,1.24,1.24,1.3,236.0,29264.0,a ,buy,743.72,-0.43496530735937255,0.09793536522434185,6.189794790162214,-1769.1409742742328,0.2555992731626597,QQQ,2026-06-03,743.0,put,29264.0,buy
2026-06-03 12:05:24.150000-04:00,.QQQ260603P744,1.68,1.69,1.69,1.78,200.0,33800.0,a ,buy,743.72,-0.5403712953593041,0.10105893824410567,6.237740204912914,-1744.7142983542285,0.24989377290999515,QQQ,2026-06-03,744.0,put,33800.0,buy
2026-06-03 12:05:24.150000-04:00,.QQQ260603P744,1.68,1.69,1.69,1.78,300.0,50700.0,a ,buy,743.72,-0.5403712953593041,0.10105893824410567,6.237740204912914,-1744.7142983542285,0.24989377290999515,QQQ,2026-06-03,744.0,put,50700.0,buy
2026-06-03 12:05:24.071000-04:00,.ASTX260918C120,11.3,12.0,12.0,12.541908428095761,47.0,56400.0,I ,buy,47.8399,0.4817708017609252,0.006358707156593263,10.309428252843825,-42.536377918366924,2.4227540063370823,ASTX,2026-09-18,120.0,call,56400.0,buy
2026-06-03 12:05:24.069000-04:00,.ASTX260918C120,11.3,12.0,12.0,12.541908428095761,49.0,58800.0,I ,buy,47.8399,0.4817708017609252,0.006358707156593263,10.309428252843825,-42.536377918366924,2.4227540063370823,ASTX,2026-09-18,120.0,call,58800.0,buy
2026-06-03 12:05:24.067000-04:00,.ASTX260918C120,11.3,12.0,12.0,12.541908428095761,49.0,58800.0,I ,buy,47.8399,0.4817708017609252,0.006358707156593263,10.309428252843825,-42.536377918366924,2.4227540063370823,ASTX,2026-09-18,120.0,call,58800.0,buy
2026-06-03 12:05:23.999000-04:00,.RUT261218P2950,199.4,200.2,199.4,200.05000000000018,2.0,39880.0,I ,sell,2896.2887,-0.4773720084650581,0.0008211092230966573,862.1684910985331,-177.8969997034539,0.22409303653758947,RUT,2026-12-18,2950.0,put,39880.0,sell
2026-06-03 12:05:56.793000-04:00,.UNH260605C200,181.85,185.7,183.79,185.09375099999988,2.0,36758.0,g ,buy,384.7379,0.9999958289498819,3.3770517724976164e-07,0.000576586592131888,-0.09444903396073796,1.942130840679719,UNH,2026-06-05,200.0,call,36758.0,buy
2026-06-03 12:05:56.793000-04:00,.UNH260605C205,176.9,180.7,178.8,180.09377599999982,2.0,35760.0,g ,sell,384.7379,0.9999937712478322,5.046596010349386e-07,0.0008456475209863791,-0.13595224413900167,1.9060860567501139,UNH,2026-06-05,205.0,call,35760.0,sell
2026-06-03 12:05:56.356000-04:00,.IBM260821C280,42.9,44.25,43.54,43.33626121253067,6.0,26124.0,a ,sell,304.1723,0.6751871388739986,0.004640595604227523,50.99673803637758,-64.32190162450954,0.5471137745038586,IBM,2026-08-21,280.0,call,26124.0,sell
2026-06-03 12:05:56.201000-04:00,.IBM260821C280,43.7,44.3,43.7,43.33626121253067,12.0,52440.00000000001,I ,sell,304.1723,0.6751871388739986,0.004640595604227523,50.99673803637758,-64.32190162450954,0.5471137745038586,IBM,2026-08-21,280.0,call,52440.0,sell
2026-06-03 12:05:55.995000-04:00,.MU261016C900,311.95,317.35,315.1,312.7324978894962,1.0,31510.000000000004,a ,buy,1059.3575,0.7140069202615784,0.0005456193743141393,218.42201083453068,-286.17544841392674,0.9703604213507073,MU,2026-10-16,900.0,call,31510.0,buy
2026-06-03 12:05:55.986000-04:00,.TSLA260612P415,8.35,8.4,8.4,8.4,50.0,42000.0,a ,buy,424.4853,-0.3668733064320089,0.011775918388205223,25.327725839559246,-239.77893937558545,0.4753150788394058,TSLA,2026-06-12,415.0,put,42000.0,buy
2026-06-03 12:05:55.710000-04:00,.SPX270115C3200,4419.5,4433.1,4426.27,4532.674900999948,1.0,442627.00000000006,f ,sell,7569.97,0.9999441756254962,1.255445272057637e-07,1.3908714975892562,-0.33647388696248626,0.2994080235143519,SPX,2027-01-15,3200.0,call,442627.0,sell
2026-06-03 12:05:55.710000-04:00,.SPX270115C200,7327.6,7346.8,7337.27,7532.650001,1.0,733727.0,f ,buy,7569.97,0.9999999988679501,1.389901060683004e-12,4.225807917986845e-05,-2.8055031101199102e-05,0.8216750096585332,SPX,2027-01-15,200.0,call,733727.0,buy
2026-06-03 12:06:33.323000-04:00,.SNDK270115P1720,504.2,514.7,508.03,510.15241740222996,1.0,50803.0,f ,sell,1788.2614,-0.327725643499963,0.00025366578991613655,507.9883969584305,-414.81242909575565,1.012134010688652,SNDK,2027-01-15,1720.0,put,50803.0,sell
2026-06-03 12:06:33.138000-04:00,.CYRX261218C20,1.9,2.75,2.4,2.3249999999999997,10000.0,2400000.0,D ,buy,16.3621,0.4606949047548945,0.04470515153336664,4.786189165972812,-3.246242299072496,0.7366197842600913,CYRX,2026-12-18,20.0,call,2400000.0,buy
2026-06-03 12:06:33.076000-04:00,.CYRX270115C22.5,0.35,3.7,1.92,1.517965558876756,10000.0,1920000.0,D ,sell,16.3621,0.35159807932791454,0.045032379282881445,4.778321759300962,-2.466093990764867,0.6396966320781758,CYRX,2027-01-15,22.5,call,1920000.0,sell
2026-06-03 12:06:32.943000-04:00,.UNH260605C200,181.85,185.7,183.79,185.09375099999988,2.0,36758.0,g ,buy,384.87,0.9999958289498819,3.3770517724976164e-07,0.000576586592131888,-0.09444903396073796,1.942130840679719,UNH,2026-06-05,200.0,call,36758.0,buy
2026-06-03 12:06:32.943000-04:00,.UNH260605C205,176.9,180.7,178.79,180.09377599999982,2.0,35758.0,g ,sell,384.87,0.9999937712478322,5.046596010349386e-07,0.0008456475209863791,-0.13595224413900167,1.9060860567501139,UNH,2026-06-05,205.0,call,35758.0,sell
2026-06-03 12:06:32.931000-04:00,.MU280121C1300,394.0,400.0,400.0,384.0,5.0,200000.0,I ,buy,1058.4078,0.6463965556445175,0.00031301439028364435,495.28686797935745,-134.5129646209428,0.8915126629829587,MU,2028-01-21,1300.0,call,200000.0,buy
2026-06-03 12:06:32.852000-04:00,.TSLA260702P425,21.35,21.55,21.55,21.925000000000004,19.0,40945.0,I ,buy,424.5523,-0.4838490955322259,0.007465282525983156,47.751369948630824,-133.19358738779863,0.44573409838871547,TSLA,2026-07-02,425.0,put,40945.0,buy
2026-06-03 12:06:32.633000-04:00,.BAC261120C50,5.05,5.2,5.2,5.082196966168887,50.0,26000.0,I ,buy,51.8384,0.6067833125644057,0.036314103221275144,13.591409092632528,-4.366698293497516,0.29963894531109025,BAC,2026-11-20,50.0,call,26000.0,buy
2026-06-03 12:06:32.591000-04:00,.ASTS280121C120,52.0,53.3,52.72,51.916572602655584,8.0,42176.0,a ,buy,108.4917,0.7283818252159698,0.0022417989463904943,45.847388548630974,-14.991973047605773,1.0700516625996925,ASTS,2028-01-21,120.0,call,42176.0,buy
2026-06-03 12:06:32.539000-04:00,.MSTR260626C125,14.4,14.65,14.4,14.125,30.0,43200.0,I ,sell,131.193,0.6212154115046667,0.013327359610573953,12.511660153361078,-85.53673818815726,0.8677238460818898,MSTR,2026-06-26,125.0,call,43200.0,sell
2026-06-03 12:06:32.381000-04:00,.INTC270115C150,18.15,18.15,18.2,18.69,143.0,260260.0,I ,buy,111.8592,0.46273777832094554,0.005275626315287995,35.261977534014896,-24.123753520847295,0.8480853901478559,INTC,2027-01-15,150.0,call,260260.0,buy
2026-06-03 12:06:32.378000-04:00,.INTC270115C150,18.0,18.2,18.2,18.69,45.0,81900.0,I ,buy,111.8592,0.46273777832094554,0.005275626315287995,35.261977534014896,-24.123753520847295,0.8480853901478559,INTC,2027-01-15,150.0,call,81900.0,buy
2026-06-03 12:07:04.201000-04:00,.TSLA260605P455,30.75,31.15,30.94,31.04,10.0,30940.000000000004,a ,sell,424.3129,-0.9443765083203717,0.006128902181676989,3.6657734572658667,-173.50616191049224,0.560686311436729,TSLA,2026-06-05,455.0,put,30940.0,sell
2026-06-03 12:07:04.195000-04:00,.MU260605C1060,33.45,34.15,34.14,34.9660767351171,10.0,34140.0,j ,buy,1057.4893,0.5137533402054287,0.004507735356526764,32.510593391190575,-2976.1457000245628,1.0847270338898065,MU,2026-06-05,1060.0,call,34140.0,buy
2026-06-03 12:07:03.610000-04:00,.SNDK270115P1770,535.7,546.8,539.47,541.6332707855363,1.0,53947.0,f ,sell,1783.4422,-0.3410079845019627,0.00025800836960179416,515.9831382944589,-420.76857910951355,1.0107595242342866,SNDK,2027-01-15,1770.0,put,53947.0,sell
2026-06-03 12:07:02.891000-04:00,.SNDK270115P1600,431.3,441.0,436.43,436.759184648884,1.0,43643.0,f ,buy,1783.4422,-0.2954597985403491,0.00024202706605576743,485.68075907352386,-397.4147095235357,1.0142221464787045,SNDK,2027-01-15,1600.0,put,43643.0,buy
2026-06-03 12:07:34.233000-04:00,.TSLA260603P430,6.3,6.4,6.4,6.025000000000001,42.0,26880.0,I ,buy,424.209,-0.8312033492221091,0.04437535827169013,2.2555439894816653,-1606.8520755524414,0.6339743815001211,TSLA,2026-06-03,430.0,put,26880.0,buy
2026-06-03 12:07:34.220000-04:00,.RKLX260821P68,23.3,26.4,24.85,24.857333814879315,85.0,211225.0,f ,undefined,64.65,-0.3435271747884474,0.006239267679831701,11.1180738060471,-49.99761351638457,1.950626474927515,RKLX,2026-08-21,68.0,put,211225.0,mid
2026-06-03 12:07:34.220000-04:00,.RKLX261120P72,34.1,37.7,35.9,35.973364313655246,85.0,305150.0,f ,undefined,64.65,-0.2913951365527625,0.004185343101324087,15.204555784882745,-30.153409483127128,1.8495623054040848,RKLX,2026-11-20,72.0,put,305150.0,mid
2026-06-03 12:07:34.161000-04:00,.SPY260612C766,1.68,1.69,1.68,1.7450000000000003,200.0,33600.0,I ,sell,755.1203,0.22355704065102444,0.021873943835828576,35.76489095126885,-81.30851929257565,0.11413857236427954,SPY,2026-06-12,766.0,call,33600.0,sell
2026-06-03 12:07:34.147000-04:00,.TSLA260603C422.5,2.97,3.05,2.97,3.01,100.0,29700.0,I ,sell,424.209,0.6329981890148789,0.07339203162336091,3.3598002808216245,-2183.738523575539,0.5750571166114069,TSLA,2026-06-03,422.5,call,29700.0,sell
2026-06-03 12:07:33.983000-04:00,.QCOM260605C240,15.45,16.8,16.11,16.305547150093936,27.0,43497.0,f ,sell,253.3155,0.785979624683357,0.015382189537982018,5.695000188017957,-465.99637176544735,0.9694229028103143,QCOM,2026-06-05,240.0,call,43497.0,sell
2026-06-03 12:07:33.983000-04:00,.QCOM260618C240,23.95,25.3,24.63,25.017518421033785,27.0,66501.0,f ,buy,253.3155,0.6591286059425951,0.00827464124652344,18.980614160027795,-195.67586261959482,0.8564955857705092,QCOM,2026-06-18,240.0,call,66501.0,buy
2026-06-03 12:07:33.541000-04:00,.HOOD261120C80,18.15,18.15,18.15,18.125122968199115,15.0,27225.0,I ,buy,83.5821,0.632364422269085,0.008932072221352262,21.492852159843586,-17.041557784010983,0.7394732260113558,HOOD,2026-11-20,80.0,call,27225.0,buy
2026-06-03 12:07:33.541000-04:00,.HOOD261120C80,17.6,18.15,18.15,18.125122968199115,14.0,25409.999999999996,I ,buy,83.5821,0.632364422269085,0.008932072221352262,21.492852159843586,-17.041557784010983,0.7394732260113558,HOOD,2026-11-20,80.0,call,25410.0,buy
2026-06-03 12:07:33.540000-04:00,.HOOD261120C80,17.6,18.15,18.15,18.125122968199115,19.0,34485.0,I ,buy,83.5821,0.632364422269085,0.008932072221352262,21.492852159843586,-17.041557784010983,0.7394732260113558,HOOD,2026-11-20,80.0,call,34485.0,buy
2026-06-03 12:08:05.790000-04:00,.NDX260717P29100,413.5,417.0,415.65,409.1500000000001,1.0,41565.0,f ,buy,30536.5638,-0.2517588136890545,0.0001225426338920342,3404.7426149791004,-3430.7773746751195,0.24383471559323072,NDX,2026-07-17,29100.0,put,41565.0,buy
2026-06-03 12:08:05.208000-04:00,.GOOGL270115C400,29.05,29.45,29.27,29.24,9.0,26343.0,a ,buy,360.6368,0.42725936666302256,0.00355701011236819,111.47339778225283,-34.90580968279201,0.3881173615695699,GOOGL,2027-01-15,400.0,call,26343.0,buy
2026-06-03 12:08:05.084000-04:00,.CRWD260717C520,233.6,240.2,236.88,237.0046091581954,2.0,47376.0,f ,sell,749.384,0.9288640933277563,0.0006590571768515262,35.45034351887106,-115.8726260072092,0.7909476381066104,CRWD,2026-07-17,520.0,call,47376.0,sell
2026-06-03 12:08:05.084000-04:00,.CRWD260717C600,161.6,169.3,165.45,165.88250339928845,2.0,33090.0,f ,undefined,749.384,0.8488297074249225,0.0012754568325733296,61.1187632797917,-177.9698352134933,0.7046268246962919,CRWD,2026-07-17,600.0,call,33090.0,mid
2026-06-03 12:08:36.607000-04:00,.AMD260918C200,332.05,339.15,335.57,314.11,1.0,33557.0,f ,sell,532.9228,0.9718153649963652,0.00021896745246070593,18.01007110218693,-31.91036697692187,1.0583035424649991,AMD,2026-09-18,200.0,call,33557.0,sell
2026-06-03 12:08:36.607000-04:00,.AMD260918C270,266.9,273.4,270.17,245.75,1.0,27017.0,f ,buy,532.9228,0.9426290725991948,0.0004789193453251029,31.848066475825195,-46.576899483722165,0.8671526535191454,AMD,2026-09-18,270.0,call,27017.0,buy
2026-06-03 12:08:36.549000-04:00,.CRWV260618C120,5.45,5.55,5.55,5.5137391270753815,58.0,32189.999999999996,I ,buy,112.2207,0.39865726548390146,0.017848061715669244,8.818311683876036,-100.4878562810925,0.9466689960391264,CRWV,2026-06-18,120.0,call,32190.0,buy
2026-06-03 12:08:36.454000-04:00,.NOW260626C110,13.6,14.5,14.02,13.936703330679713,22.0,30844.0,f ,sell,120.3929,0.7348139032886907,0.01637351338172889,9.938858759891518,-51.66683113421161,0.6597347820562143,NOW,2026-06-26,110.0,call,30844.0,sell
2026-06-03 12:08:36.047000-04:00,.INTC260605C110,4.35,4.5,4.35,4.3500000000000005,100.0,43499.99999999999,I ,sell,111.8389,0.591858726863811,0.044558905189323955,3.3366686636743914,-285.7949737648746,1.0142166620232047,INTC,2026-06-05,110.0,call,43500.0,sell
2026-06-03 12:08:35.704000-04:00,.META260603C617.5,1.37,1.45,1.41,1.3300000000000003,400.0,56400.0,f ,sell,614.0351,0.2996831313859646,0.049374695758932816,4.482637418425997,-2769.0654128674432,0.5456790970337405,META,2026-06-03,617.5,call,56400.0,sell
2026-06-03 12:08:35.629000-04:00,.INTC260605C62,49.4,50.15,49.73,49.90973374962993,100.0,497300.0,g ,sell,111.8755,0.9823679638217233,0.0012939037045551867,0.3737343162013332,-123.4772446198479,3.912129210308201,INTC,2026-06-05,62.0,call,497300.0,sell
2026-06-03 12:08:35.629000-04:00,.INTC260605C63,48.4,49.0,48.73,48.91505816638209,100.0,487300.0,g ,buy,111.8755,0.9816500720231378,0.0013668714292568098,0.3866707112215748,-125.1174318666479,3.8314731056150646,INTC,2026-06-05,63.0,call,487300.0,buy
2026-06-03 12:09:06.257000-04:00,.RKLB260821C150,11.35,11.95,11.8,11.679165108813484,30.0,35400.0,e ,buy,115.7619,0.38341464281247756,0.00683004637095311,20.5603639151951,-49.199479666838975,1.037957269070772,RKLB,2026-08-21,150.0,call,35400.0,buy
2026-06-03 12:09:05.777000-04:00,.MSFT260612C432.5,6.6,6.7,6.62,6.7,44.0,29128.000000000004,a ,sell,426.6143,0.4136519966836514,0.016869915508620405,26.34085421919592,-179.20346639830967,0.3415132357320855,MSFT,2026-06-12,432.5,call,29128.0,sell
2026-06-03 12:09:38.326000-04:00,.APP260717P730,170.5,173.5,170.5,168.1261222180783,2.0,34100.0,I ,sell,570.185,-0.8532492980960638,0.0018880981812503313,45.57692386559009,-115.5519370737615,0.6134946793842385,APP,2026-07-17,730.0,put,34100.0,sell
2026-06-03 12:09:38.147000-04:00,.SNDK260626C1880,152.0,155.6,152.0,147.35632839035694,2.0,30400.0,I ,sell,1794.3734,0.47267843518005154,0.0008478519196792076,178.81566592862117,-1472.1760019537187,1.044851191008387,SNDK,2026-06-26,1880.0,call,30400.0,sell
2026-06-03 12:09:38.145000-04:00,.SNDK260626C1880,144.1,152.0,152.0,147.35632839035694,4.0,60800.0,I ,buy,1794.3734,0.47267843518005154,0.0008478519196792076,178.81566592862117,-1472.1760019537187,1.044851191008387,SNDK,2026-06-26,1880.0,call,60800.0,buy
2026-06-03 12:09:38.141000-04:00,.SNDK260918C1600,490.3,500.0,500.0,493.6158979617766,1.0,50000.0,I ,buy,1794.3734,0.6843611202300844,0.0003352635358499567,343.59520250350647,-642.1356214707836,1.0973743371878906,SNDK,2026-09-18,1600.0,call,50000.0,buy
2026-06-03 12:09:37.994000-04:00,.APP260717P720,161.5,163.5,161.5,159.2666474668382,7.0,113050.0,I ,sell,570.1639,-0.8374039557873688,0.0020171388022914563,48.77275742572263,-123.85987002934492,0.6145141542744814,APP,2026-07-17,720.0,put,113050.0,sell
2026-06-03 12:09:37.887000-04:00,.SPX260918C7650,245.2,245.8,245.2,245.08313189865663,2.0,49040.0,I ,sell,7566.79,0.5122244356253149,0.0006410320607138578,1648.9523653371818,-423.7516846520603,0.15042650555776102,SPX,2026-09-18,7650.0,call,49040.0,sell
2026-06-03 12:09:37.697000-04:00,.IWM260918P235,2.05,2.06,2.06,2.0699999999999994,223.0,45938.0,I ,buy,288.1243,-0.08993962034072633,0.0034974484239418285,25.32316720701215,-12.828108629594292,0.29745372142766274,IWM,2026-09-18,235.0,put,45938.0,buy
2026-06-03 12:09:37.651000-04:00,.CIFR270115C25,9.6,9.6,9.6,10.29,127.0,121920.0,I ,sell,26.6661,0.7092207826965686,0.014065729453423386,7.425843320729381,-6.735569383447913,1.1246239167922616,CIFR,2027-01-15,25.0,call,121920.0,sell
2026-06-03 12:09:37.651000-04:00,.CIFR270115C25,9.6,9.6,9.6,10.29,44.0,42240.0,I ,sell,26.6661,0.7092207826965686,0.014065729453423386,7.425843320729381,-6.735569383447913,1.1246239167922616,CIFR,2027-01-15,25.0,call,42240.0,sell
2026-06-03 12:09:37.508000-04:00,.APP260717P700,138.7,144.3,144.3,141.99602313430051,6.0,86580.0,S ,buy,570.1639,-0.8016040117609313,0.0022755844413376966,55.26464485191695,-140.96574649498322,0.6172268247922903,APP,2026-07-17,700.0,put,86580.0,buy
2026-06-03 12:09:37.507000-04:00,.APP260717P700,138.7,144.4,144.4,141.99602313430051,3.0,43320.00000000001,I ,buy,570.1639,-0.8016040117609313,0.0022755844413376966,55.26464485191695,-140.96574649498322,0.6172268247922903,APP,2026-07-17,700.0,put,43320.0,buy
2026-06-03 12:09:37.462000-04:00,.APP260717P700,144.2,146.4,144.2,141.99602313430051,10.0,144200.0,I ,sell,570.1639,-0.8016040117609313,0.0022755844413376966,55.26464485191695,-140.96574649498322,0.6172268247922903,APP,2026-07-17,700.0,put,144200.0,sell
2026-06-03 12:09:37.347000-04:00,.SPY260626P758,11.32,11.34,11.32,11.315,37.0,41884.0,I ,sell,755.1219,-0.5413446954326516,0.016226147588416617,75.472007983731,-76.4579670953199,0.128569377618437,SPY,2026-06-26,758.0,put,41884.0,sell
2026-06-03 12:09:37.288000-04:00,.AMKR270115C3,73.2,74.7,73.15,74.25,4.0,29260.000000000004,I ,sell,76.1596,0.9976623366107047,2.3940984677688333e-05,0.43065828711873516,-1.789728743861284,5.173500632621364,AMKR,2027-01-15,3.0,call,29260.0,sell
2026-06-03 12:09:37.286000-04:00,.AVGO260612C475,30.0,31.0,31.0,30.869279485389576,9.0,27900.0,I ,buy,484.6617,0.5817684844402063,0.0059092954836495945,29.948302581419686,-514.1516844731461,0.8618016212997122,AVGO,2026-06-12,475.0,call,27900.0,buy
2026-06-03 12:10:09.203000-04:00,.MU260605C1050,41.2,42.15,41.77,38.83334012764569,6.0,25062.0,a ,buy,1062.3105,0.5525617781258662,0.004523827411604309,32.19410817397534,-2919.3291488135887,1.0738779288735623,MU,2026-06-05,1050.0,call,25062.0,buy
2026-06-03 12:10:08.951000-04:00,.SPX311219P20000,8160.8,8460.8,8313.16,10677.552001,1.0,831316.0,f ,buy,7566.34,-0.9999938099973894,1.7755650246001428e-08,0.6225311636935155,-0.004080254129166024,0.07272106839046565,SPX,2031-12-19,20000.0,put,831316.0,buy
2026-06-03 12:10:08.951000-04:00,.SPX311219P16000,5105.8,5405.8,5254.31,6677.550001,1.0,525431.0,f ,sell,7566.34,-0.9999999930765453,4.596288317016815e-11,0.0008880984813849305,-3.2078687600737833e-06,0.040076482761301505,SPX,2031-12-19,16000.0,put,525431.0,sell
2026-06-03 12:10:08.878000-04:00,.GOOGL260918P360,25.15,26.3,25.85,25.663969117647053,240.0,620400.0,e ,buy,360.0324,-0.4582048767624505,0.006043543012722363,77.58937109326214,-44.35722033639966,0.3356928464435411,GOOGL,2026-09-18,360.0,put,620400.0,buy
2026-06-03 12:10:08.878000-04:00,.GOOGL260918P360,25.15,26.3,25.9,25.663969117647053,60.0,155400.0,e ,buy,360.0324,-0.4582048767624505,0.006043543012722363,77.58937109326214,-44.35722033639966,0.3356928464435411,GOOGL,2026-09-18,360.0,put,155400.0,buy
2026-06-03 12:10:07.838000-04:00,.CMG260918P22.5,0.52,0.56,0.55,0.545,1750.0,96250.00000000001,c ,buy,28.9601,-0.13112986143228877,0.028859574397915495,3.3411801066975415,-2.6726384168687694,0.46969257821774396,CMG,2026-09-18,22.5,put,96250.0,buy
2026-06-03 12:10:45.836000-04:00,.QQQ260618C725,26.25,26.25,26.25,26.077673065162582,40.0,105000.0,I ,sell,743.6392,0.6958671076329548,0.009123104619789673,53.0034449046149,-161.49452500053943,0.25309335159859586,QQQ,2026-06-18,725.0,call,105000.0,sell
2026-06-03 12:10:45.633000-04:00,.SPX260618P7575,76.5,77.0,76.72,76.90000073529413,8.0,61376.0,f ,sell,7567.5,-0.48833325837800334,0.0020263676161754924,609.0667641043269,-965.9425687950471,0.1288443769612399,SPX,2026-06-18,7575.0,put,61376.0,sell
2026-06-03 12:10:45.633000-04:00,.SPX260618P7570,74.5,74.9,74.72,74.89999852941177,9.0,67248.0,f ,buy,7567.5,-0.4782663502805562,0.002012209982431068,608.4229112315656,-970.6833041827376,0.12961374687070923,SPX,2026-06-18,7570.0,put,67248.0,buy
2026-06-03 12:10:45.633000-04:00,.SPX260618P7575,76.5,77.0,76.72,76.90000073529413,9.0,69048.0,f ,sell,7567.5,-0.48833325837800334,0.0020263676161754924,609.0667641043269,-965.9425687950471,0.1288443769612399,SPX,2026-06-18,7575.0,put,69048.0,sell
2026-06-03 12:10:45.633000-04:00,.SPX260618P7570,74.5,74.9,74.72,74.89999852941177,8.0,59776.0,f ,buy,7567.5,-0.4782663502805562,0.002012209982431068,608.4229112315656,-970.6833041827376,0.12961374687070923,SPX,2026-06-18,7570.0,put,59776.0,buy
2026-06-03 12:10:45.271000-04:00,.SPY260821P756,19.65,19.66,19.66,19.689999999999994,13.0,25558.0,I ,buy,755.1547,-0.49468980695763687,0.008275736346037704,140.2763121608081,-44.32951424837072,0.1370730875541694,SPY,2026-08-21,756.0,put,25558.0,buy
2026-06-03 12:10:44.980000-04:00,.SNDK260605C1760,82.0,85.0,85.0,79.85178774299509,5.0,42500.0,I ,buy,1794.5381,0.5912830453425014,0.0024049806871269596,53.48369452697783,-5300.933707681811,1.173122871532171,SNDK,2026-06-05,1760.0,call,42500.0,buy
2026-06-03 12:11:16.937000-04:00,.SNDK270219C2340,476.4,495.3,487.07,478.98490599654576,1.0,48707.0,f ,buy,1797.9949,0.5640265083988464,0.00024153836686144673,596.2136093071472,-448.57743603310206,1.0768340047111038,SNDK,2027-02-19,2340.0,call,48707.0,buy
2026-06-03 12:11:15.987000-04:00,.BTDR260618C23,0.9,1.05,0.98,0.9717580086132478,1000.0,98000.0,g ,buy,19.58,0.322436666500536,0.06755643827961043,1.4300985615559951,-22.933501869835375,1.3320864807540596,BTDR,2026-06-18,23.0,call,98000.0,buy
2026-06-03 12:11:15.987000-04:00,.BTDR260618C28,0.2,0.4,0.28,0.3176692362542074,1000.0,28000.0,g ,sell,19.58,0.12929481696441036,0.038173941515533764,0.8401371775273763,-14.006788891879417,1.3848935578791939,BTDR,2026-06-18,28.0,call,28000.0,sell
2026-06-03 12:11:15.585000-04:00,.QCOM270319P310,98.35,98.9,98.35,98.79390916795067,25.0,245875.0,I ,sell,253.5083,-0.5073096267307091,0.002568821310476969,90.34939254478644,-39.089982123981564,0.6855121931256938,QCOM,2027-03-19,310.0,put,245875.0,sell
2026-06-03 12:11:15.501000-04:00,.EWY260717C130,83.7,84.4,84.1,83.90986997336637,9.0,75690.0,I ,buy,211.6,0.934925436115534,0.0016441979666823173,9.329857033567043,-40.48120631969976,1.0498853292016086,EWY,2026-07-17,130.0,call,75690.0,buy
2026-06-03 12:11:15.326000-04:00,.LITE260605C480,463.1,477.9,470.58,468.4204759999997,1.0,47058.0,f ,buy,950.1795,0.9999917603565389,2.4375813808038785e-07,0.002717203277738429,-0.4807746591625647,2.094138614389146,LITE,2026-06-05,480.0,call,47058.0,buy
2026-06-03 12:11:15.326000-04:00,.LITE260618C510,434.8,445.7,440.25,439.39575583110553,1.0,44025.0,f ,sell,950.1795,0.9901939607525323,9.761559980601643e-05,5.064171418990995,-84.65542778906335,1.388615451056841,LITE,2026-06-18,510.0,call,44025.0,sell
2026-06-03 12:11:15.326000-04:00,.LITE260605C680,263.5,278.3,271.85,268.6105428713343,1.0,27185.000000000004,f ,buy,950.1795,0.9953223350524945,0.00010938491789009254,0.9941244992462728,-143.41036502628216,1.707362547737798,LITE,2026-06-05,680.0,call,27185.0,buy
2026-06-03 12:11:47.651000-04:00,.SPXW260603C7590,1.5,1.55,1.53,1.5,280.0,42840.0,m ,buy,7568.28,0.14191520216202397,0.010850234293783883,35.509303237518424,-5329.781029314167,0.13097347376927673,SPXW,2026-06-03,7590.0,call,42840.0,buy
2026-06-03 12:11:47.632000-04:00,.PLTR260717C160,4.9,5.0,4.96,4.974999999999999,80.0,39680.0,a ,buy,143.7502,0.31525274653654434,0.01321645296324135,17.760726231312287,-39.48715526675191,0.5379714416858192,PLTR,2026-07-17,160.0,call,39680.0,buy
2026-06-03 12:11:47.447000-04:00,.FLY260717P42,6.8,7.0,7.0,7.011107237467109,36.0,25200.0,S ,buy,40.8906,-0.44918496391697194,0.02468235167216731,5.627969458211559,-26.21715381157571,1.1271906829935436,FLY,2026-07-17,42.0,put,25200.0,buy
2026-06-03 12:12:19.176000-04:00,.SPXW260605C7585,23.4,23.5,23.5,23.000000000000004,16.0,37600.0,I ,buy,7568.04,0.41743616967937003,0.005118485763741107,227.2214475019601,-2516.916738217999,0.13102596923286391,SPXW,2026-06-05,7585.0,call,37600.0,buy
2026-06-03 12:12:18.873000-04:00,.NVDA261218C280,11.25,11.35,11.35,11.7,94.0,106689.99999999999,I ,buy,216.2984,0.2911843979831243,0.004519662650586303,54.9700354232087,-23.951463717377028,0.4734219979422507,NVDA,2026-12-18,280.0,call,106690.0,buy
2026-06-03 12:12:18.866000-04:00,.SPXW260605C7570,31.1,31.2,31.2,30.70000000000001,10.0,31200.0,I ,buy,7568.04,0.4954700745907601,0.0050774934383499065,232.19736555613355,-2649.5792232840427,0.13497628655368385,SPXW,2026-06-05,7570.0,call,31200.0,buy
2026-06-03 12:12:18.837000-04:00,.SPY260630C695,60.62,63.9,62.29,62.28130571624849,5.0,31145.0,f ,buy,755.2627,0.9085343832588204,0.0034067526115994806,33.855105763620465,-53.27758140641083,0.2341907557288305,SPY,2026-06-30,695.0,call,31145.0,buy
2026-06-03 12:12:18.815000-04:00,.AMD260717C540,51.35,52.35,52.35,51.274999999999984,10.0,52350.0,I ,buy,534.9521,0.5334427385165986,0.0029378428880995214,73.86422538534856,-222.32132159535126,0.728279967172007,AMD,2026-07-17,540.0,call,52350.0,buy
2026-06-03 12:12:18.805000-04:00,.SPX260618P7600,86.9,87.2,87.1,87.74999833333332,10.0,87100.0,I ,buy,7568.04,-0.5408265929682501,0.0020794213653708934,606.093080445813,-932.3302742946181,0.12496086974664013,SPX,2026-06-18,7600.0,put,87100.0,buy
2026-06-03 12:12:18.779000-04:00,.NVDA260605C220,1.51,1.52,1.52,1.52,499.0,75848.0,I ,buy,216.2875,0.3177913627702501,0.04743559912591846,5.929969539045764,-226.65229662647496,0.4519969872043935,NVDA,2026-06-05,220.0,call,75848.0,buy
2026-06-03 12:12:18.720000-04:00,.APP260717C450,130.0,140.0,133.49,134.8660944191999,3.0,40047.0,a ,sell,570.345,0.8427019045340083,0.001548348812327152,47.727747730446836,-154.52650340216476,0.7834056662425485,APP,2026-07-17,450.0,call,40047.0,sell
2026-06-03 12:12:48.573000-04:00,.TE261016C22,2.25,2.4,2.4,2.275,127.0,30480.0,a ,buy,12.0434,0.4331203859165791,0.0346766606031434,2.8613758393759867,-6.023932044654717,1.5591461098413149,TE,2026-10-16,22.0,call,30480.0,buy
2026-06-03 12:12:48.509000-04:00,.EWY280121C150,90.6,90.6,90.6,90.55717028024989,7.0,63419.99999999999,I ,undefined,211.6286,0.797031830921781,0.0017125075048202154,76.44290531388974,-14.235610857713583,0.6093909239995738,EWY,2028-01-21,150.0,call,63420.0,buy
2026-06-03 12:12:48.246000-04:00,.SNDK260717P2100,431.6,447.7,439.02,445.1388346627912,1.0,43902.0,g ,sell,1801.8574,-0.6101073896713383,0.0006187386406350302,239.74116005801,-983.1198837489727,0.9922453513757351,SNDK,2026-07-17,2100.0,put,43902.0,sell
2026-06-03 12:12:48.246000-04:00,.SNDK260717P2050,394.9,410.7,403.37,409.28893074497716,1.0,40337.0,g ,buy,1801.8574,-0.5828398692935663,0.0006287858512839323,243.90354706024613,-1001.294857021662,0.9933426090580122,SNDK,2026-07-17,2050.0,put,40337.0,buy
2026-06-03 12:12:48.165000-04:00,.KEEL270115C4.5,2.95,3.0,2.95,2.975,519.0,153105.00000000003,I ,sell,6.2177,0.7956899103762809,0.04734393287488628,1.4018428649412369,-1.3701994328767866,1.2114767387456498,KEEL,2027-01-15,4.5,call,153105.0,sell
2026-06-03 12:12:48.046000-04:00,.SNDK260918C1740,436.0,451.2,446.05,437.2550045775205,1.0,44605.0,g ,buy,1801.8574,0.6361179298456734,0.00035591643304971275,365.51950471287523,-674.6544425014915,1.0837675031082645,SNDK,2026-09-18,1740.0,call,44605.0,buy
2026-06-03 12:12:48.046000-04:00,.SNDK261016C1860,436.7,455.7,455.7,441.0397035257081,1.0,45570.0,g ,buy,1801.8574,0.6090590953292223,0.000324278165048489,419.74536461772703,-613.8038247658246,1.0829923631149525,SNDK,2026-10-16,1860.0,call,45570.0,buy
2026-06-03 12:12:48.046000-04:00,.SNDK261016C1760,478.7,492.1,492.1,480.0782637927288,1.0,49210.0,g ,buy,1801.8574,0.6414429097645842,0.00031386440818847116,408.4374559468279,-600.460625564384,1.0887813787076646,SNDK,2026-10-16,1760.0,call,49210.0,buy
2026-06-03 12:12:48.046000-04:00,.SNDK260918C1800,410.4,424.1,424.1,412.76572921334764,1.0,42410.0,g ,buy,1801.8574,0.6139993445921585,0.00036334927788260593,372.38453212605225,-685.9102244941099,1.0815359007035832,SNDK,2026-09-18,1800.0,call,42410.0,buy
2026-06-03 12:12:48.003000-04:00,.MU261016C1720,92.2,96.05,94.13,93.11060512753639,24.0,225912.0,f ,buy,1064.9672,0.3052122230915163,0.0005535198006037418,227.00234975718408,-299.48914624395456,0.977084911227524,MU,2026-10-16,1720.0,call,225912.0,buy
2026-06-03 12:12:48.003000-04:00,.MU261016C1280,174.15,181.15,176.91,175.86099436097177,24.0,424584.0,f ,sell,1064.9672,0.4919848506449638,0.0006379876862506041,258.4073398936152,-336.7060637731682,0.965000779064132,MU,2026-10-16,1280.0,call,424584.0,sell
2026-06-03 12:12:48.003000-04:00,.MU261016C780,382.1,391.05,386.52,383.83392919561595,24.0,927648.0,f ,sell,1064.9672,0.7947101677502841,0.0004538211620707612,184.22875879584296,-240.59336827530095,0.9671810921448497,MU,2026-10-16,780.0,call,927648.0,sell
2026-06-03 12:12:48.003000-04:00,.MU261016C1100,232.25,235.95,234.1,232.36680575942023,24.0,561840.0,f ,sell,1064.9672,0.5938913174225036,0.0006211078683903865,251.26800437003027,-327.0098944600749,0.9638407295322802,MU,2026-10-16,1100.0,call,561840.0,sell
2026-06-03 12:12:47.849000-04:00,.SPX261016P7300,178.4,178.9,178.8,178.99999999999997,125.0,2235000.0,m ,buy,7568.52,-0.31094808472015245,0.0004188398149948728,1644.7802199928312,-403.30938099294565,0.18115023023720142,SPX,2026-10-16,7300.0,put,2235000.0,buy
2026-06-03 12:12:47.849000-04:00,.SPX261016C7800,214.0,214.8,214.28,214.00000156171456,125.0,2678500.0,m ,sell,7568.52,0.43857206515361435,0.0005704377334641575,1835.401755438676,-368.7436699161901,0.14842322777645148,SPX,2026-10-16,7800.0,call,2678500.0,sell
2026-06-03 12:12:47.849000-04:00,.SPX261016P7800,349.5,350.3,350.06,350.40000157142845,125.0,4375750.0,m ,buy,7568.52,-0.5624462210891188,0.000576237804316148,1834.662699774982,-364.7381994302152,0.14687012328281132,SPX,2026-10-16,7800.0,put,4375750.0,buy
2026-06-03 12:12:47.849000-04:00,.SPX261016C7300,535.1,536.0,535.32,534.7810101646537,125.0,6691500.0,m ,sell,7568.52,0.6913525411432484,0.0004245778299110402,1639.462692517943,-395.29042760482054,0.17812431214902577,SPX,2026-10-16,7300.0,call,6691500.0,sell
2026-06-03 12:12:47.848000-04:00,.SPX261016P7300,178.4,178.9,178.8,178.99999999999997,125.0,2235000.0,m ,buy,7568.52,-0.31094808472015245,0.0004188398149948728,1644.7802199928312,-403.30938099294565,0.18115023023720142,SPX,2026-10-16,7300.0,put,2235000.0,buy
2026-06-03 12:12:47.848000-04:00,.SPX261016C7300,535.1,536.0,535.32,534.7810101646537,125.0,6691500.0,m ,sell,7568.52,0.6913525411432484,0.0004245778299110402,1639.462692517943,-395.29042760482054,0.17812431214902577,SPX,2026-10-16,7300.0,call,6691500.0,sell
2026-06-03 12:12:47.848000-04:00,.SPX261016P7800,349.5,350.3,350.06,350.40000157142845,125.0,4375750.0,m ,buy,7568.52,-0.5624462210891188,0.000576237804316148,1834.662699774982,-364.7381994302152,0.14687012328281132,SPX,2026-10-16,7800.0,put,4375750.0,buy
2026-06-03 12:12:47.848000-04:00,.SPX261016C7800,214.0,214.8,214.28,214.00000156171456,125.0,2678500.0,m ,sell,7568.52,0.43857206515361435,0.0005704377334641575,1835.401755438676,-368.7436699161901,0.14842322777645148,SPX,2026-10-16,7800.0,call,2678500.0,sell
2026-06-03 12:12:47.847000-04:00,.SPX261016P7300,178.4,178.9,178.8,178.99999999999997,125.0,2235000.0,m ,buy,7568.52,-0.31094808472015245,0.0004188398149948728,1644.7802199928312,-403.30938099294565,0.18115023023720142,SPX,2026-10-16,7300.0,put,2235000.0,buy
2026-06-03 12:12:47.847000-04:00,.SPX261016C7800,214.0,214.8,214.28,214.00000156171456,125.0,2678500.0,m ,sell,7568.52,0.43857206515361435,0.0005704377334641575,1835.401755438676,-368.7436699161901,0.14842322777645148,SPX,2026-10-16,7800.0,call,2678500.0,sell
2026-06-03 12:12:47.847000-04:00,.SPX261016P7300,178.4,178.9,178.8,178.99999999999997,375.0,6705000.0,m ,buy,7568.52,-0.31094808472015245,0.0004188398149948728,1644.7802199928312,-403.30938099294565,0.18115023023720142,SPX,2026-10-16,7300.0,put,6705000.0,buy
2026-06-03 12:12:47.847000-04:00,.SPX261016C7300,535.1,536.0,535.32,534.7810101646537,375.0,20074500.000000004,m ,sell,7568.52,0.6913525411432484,0.0004245778299110402,1639.462692517943,-395.29042760482054,0.17812431214902577,SPX,2026-10-16,7300.0,call,20074500.0,sell
2026-06-03 12:12:47.847000-04:00,.SPX261016P7800,349.5,350.3,350.06,350.40000157142845,375.0,13127250.0,m ,buy,7568.52,-0.5624462210891188,0.000576237804316148,1834.662699774982,-364.7381994302152,0.14687012328281132,SPX,2026-10-16,7800.0,put,13127250.0,buy
2026-06-03 12:12:47.847000-04:00,.SPX261016C7300,535.1,536.0,535.32,534.7810101646537,125.0,6691500.0,m ,sell,7568.52,0.6913525411432484,0.0004245778299110402,1639.462692517943,-395.29042760482054,0.17812431214902577,SPX,2026-10-16,7300.0,call,6691500.0,sell
2026-06-03 12:12:47.847000-04:00,.SPX261016P7800,349.5,350.3,350.06,350.40000157142845,125.0,4375750.0,m ,buy,7568.52,-0.5624462210891188,0.000576237804316148,1834.662699774982,-364.7381994302152,0.14687012328281132,SPX,2026-10-16,7800.0,put,4375750.0,buy
2026-06-03 12:12:47.847000-04:00,.SPX261016C7800,214.0,214.8,214.28,214.00000156171456,375.0,8035500.0,m ,sell,7568.52,0.43857206515361435,0.0005704377334641575,1835.401755438676,-368.7436699161901,0.14842322777645148,SPX,2026-10-16,7800.0,call,8035500.0,sell
2026-06-03 12:13:20.451000-04:00,.QQQ260608P735,3.18,3.2,3.2,3.18,245.0,78400.0,I ,buy,744.0117,-0.2935772659883267,0.020254616091749847,30.447163110652596,-207.03619635449445,0.19218298188818544,QQQ,2026-06-08,735.0,put,78400.0,buy
2026-06-03 12:13:20.446000-04:00,.TSLA260618C450,7.5,7.6,7.56,7.65,50.0,37800.0,g ,buy,424.1215,0.29601551554752153,0.008015371464622053,29.856600166066602,-179.37216177102002,0.4990382991414773,TSLA,2026-06-18,450.0,call,37800.0,buy
2026-06-03 12:13:20.118000-04:00,.TSLA260603C420,4.6,4.65,4.65,4.150000000000001,100.0,46500.00000000001,I ,buy,424.1215,0.761898182019042,0.06298194034567038,2.7337196806992794,-1748.4780463532188,0.5564500897342162,TSLA,2026-06-03,420.0,call,46500.0,buy
2026-06-03 12:13:20.061000-04:00,.GOOGL270917C5,353.0,358.0,355.26,358.23,3.0,106578.0,n ,sell,359.7144,0.9983502338223202,5.502117957681233e-06,2.1899075079195693,-1.9903163267939967,2.3506205319117535,GOOGL,2027-09-17,5.0,call,106578.0,sell
2026-06-03 12:13:19.962000-04:00,.GOOGL270917C5,353.0,358.0,355.27,358.23,2.0,71054.0,n ,sell,359.7144,0.9983502338223202,5.502117957681233e-06,2.1899075079195693,-1.9903163267939967,2.3506205319117535,GOOGL,2027-09-17,5.0,call,71054.0,sell
2026-06-03 12:13:19.951000-04:00,.MU260612C1100,53.1,54.75,54.05,52.34866610941488,5.0,27025.0,a ,buy,1065.1069,0.44989642423849996,0.0023379822481238103,66.74942342323939,-1335.1020195330145,1.0037948544624602,MU,2026-06-12,1100.0,call,27025.0,buy
2026-06-03 12:13:19.786000-04:00,.MU260605C1065,35.35,36.2,35.71,35.6,10.0,35710.0,a ,sell,1065.1069,0.5165751718336664,0.004463489778819389,32.638713202117074,-3010.5226056309234,1.0905923317709314,MU,2026-06-05,1065.0,call,35710.0,sell
2026-06-03 12:13:19.428000-04:00,.TSLA260603P422.5,1.24,1.27,1.25,1.45,200.0,25000.0,a ,sell,424.1215,-0.4042531199284448,0.07785284563826891,3.4129037218528873,-2229.1372466845464,0.564824095893485,TSLA,2026-06-03,422.5,put,25000.0,sell
2026-06-03 12:13:19.419000-04:00,.ASTS260618C90,22.0,22.0,22.0,21.94293314860191,20.0,44000.0,I ,buy,108.78,0.8088478895601874,0.009938246322751358,6.032091379009318,-89.87308135624923,1.2375264162290633,ASTS,2026-06-18,90.0,call,44000.0,buy
2026-06-03 12:13:19.324000-04:00,.MU260918P900,120.6,120.7,120.7,121.44018014122254,4.0,48280.0,I ,buy,1065.1069,-0.2788106515710197,0.0006337116469580787,193.78514067404564,-303.2743685720774,0.9189256039689002,MU,2026-09-18,900.0,put,48280.0,buy
2026-06-03 12:13:53.284000-04:00,.TSLA260605P440,17.8,17.95,17.88,18.09999916666667,20.0,35760.0,a ,buy,424.1298,-0.8127138843904328,0.015259106845342653,8.761357012076287,-401.0272982386478,0.5411335594628919,TSLA,2026-06-05,440.0,put,35760.0,buy
2026-06-03 12:13:53.045000-04:00,.USO260717C116,26.75,26.85,26.75,26.20685112740388,10.0,26750.0,I ,sell,140.9,0.8882377978933053,0.007889129113781881,9.31417597125426,-18.949499059019455,0.49226171572079075,USO,2026-07-17,116.0,call,26750.0,sell
2026-06-03 12:13:52.835000-04:00,.QCOM260717C370,6.3,6.75,6.65,6.575,100.0,66500.0,a ,buy,254.6634,0.16833434905508476,0.0029722374662391007,22.24216358307319,-87.92455801578919,0.9564734761287393,QCOM,2026-07-17,370.0,call,66500.0,buy
2026-06-03 12:13:52.712000-04:00,.USO260717C116,24.7,26.7,26.7,26.20685112740388,10.0,26700.0,S ,buy,140.9,0.8882377978933053,0.007889129113781881,9.31417597125426,-18.949499059019455,0.49226171572079075,USO,2026-07-17,116.0,call,26700.0,buy
2026-06-03 12:13:52.340000-04:00,.STM260821C100,6.5,7.0,6.9,6.513271584453844,100.0,69000.0,I ,buy,80.7363,0.3651837623015088,0.011764338766212865,14.119556795520506,-27.697460923219126,0.8508410987660008,STM,2026-08-21,100.0,call,69000.0,buy
2026-06-03 12:13:52.032000-04:00,.QQQ260603P750,5.95,6.29,6.19,6.308306334297397,50.0,30950.0,a ,buy,743.9665,-0.898356111535364,0.03740933936295016,2.742357672469846,-978.4551399672887,0.3074461281628411,QQQ,2026-06-03,750.0,put,30950.0,buy
2026-06-03 12:14:25.271000-04:00,.MSFT270115C400,61.2,63.3,62.39,62.95562781182053,8.0,49912.0,a ,buy,426.1335,0.6415400609605009,0.0029535593213402753,125.35090983853836,-38.119959431649306,0.3769235376132845,MSFT,2027-01-15,400.0,call,49912.0,buy
2026-06-03 12:14:25.165000-04:00,.MSFT270115C400,62.5,63.3,62.5,62.95562781182053,10.0,62500.0,I ,sell,426.1335,0.6415400609605009,0.0029535593213402753,125.35090983853836,-38.119959431649306,0.3769235376132845,MSFT,2027-01-15,400.0,call,62500.0,sell
2026-06-03 12:14:25.131000-04:00,.HOOD260612P80,2.05,2.14,2.14,2.0850000000000004,208.0,44512.0,g ,buy,83.4721,-0.32928316777309563,0.03986490762112088,4.782426426443332,-65.44929835779158,0.686714914061819,HOOD,2026-06-12,80.0,put,44512.0,buy
2026-06-03 12:14:25.083000-04:00,.BB270115C10,3.3,3.4,3.3,3.477839595806695,139.0,45870.0,I ,sell,10.085,0.6767899549637766,0.04134470281377798,2.919349543199508,-2.5161450764402744,1.0683652418134113,BB,2027-01-15,10.0,call,45870.0,sell
2026-06-03 12:14:56.326000-04:00,.AVGO260610C510,14.55,16.4,14.95,15.491110731992366,30.0,44850.0,j ,sell,484.103,0.3736258258687084,0.005872715209147431,25.68459401580375,-622.8400616595663,0.9510532643554187,AVGO,2026-06-10,510.0,call,44850.0,sell
2026-06-03 12:14:56.326000-04:00,.AVGO260610C500,17.65,19.85,18.2,18.58678832541412,30.0,54600.0,j ,sell,484.103,0.4290739143501058,0.006190427822027493,26.624882547625326,-634.9284768971237,0.9352723865620893,AVGO,2026-06-10,500.0,call,54600.0,sell
2026-06-03 12:14:56.173000-04:00,.DOCN261120C180,45.5,46.1,46.1,46.08165287085936,6.0,27660.000000000004,I ,buy,177.29,0.6245149351330199,0.003159562189424322,45.97311162732994,-48.83794942363669,0.9907137904224494,DOCN,2026-11-20,180.0,call,27660.0,buy
2026-06-03 12:14:55.969000-04:00,.ALAB260626C325,55.7,59.3,57.5,56.64639439669111,5.0,28750.0,f ,undefined,359.4207,0.690107738539398,0.0035719052926158337,31.871296917078876,-274.5260727070117,1.0929743118830655,ALAB,2026-06-26,325.0,call,28750.0,mid
2026-06-03 12:14:55.969000-04:00,.ALAB260626C320,59.0,62.6,60.77,59.77716783795257,5.0,30385.000000000004,f ,sell,359.4207,0.7092990959632767,0.003455913686860616,30.96334684050302,-267.8039435344079,1.0974763348780414,ALAB,2026-06-26,320.0,call,30385.0,sell
2026-06-03 12:15:20.958000-04:00,.TSLA260717C430,25.35,25.65,25.49,25.6,39.0,99410.99999999999,a ,sell,423.9226,0.5003360909689881,0.0056249222422161725,58.84621646492578,-116.9414891925239,0.4808224701072047,TSLA,2026-07-17,430.0,call,99411.0,sell
2026-06-03 12:15:20.028000-04:00,.SPXW260612P7495,32.8,33.0,32.8,32.376743468455075,8.0,26239.999999999996,I ,sell,7566.76,-0.3077527883936739,0.002165527149544313,421.91882922438816,-1138.1423228478652,0.13535778276233196,SPXW,2026-06-12,7495.0,put,26240.0,sell
2026-06-03 12:15:58.580000-04:00,.APLD270115C75,8.05,8.25,8.25,8.75,80.0,66000.0,I ,buy,45.99,0.44919586414657053,0.009927236449102214,14.59258387217616,-12.721990379524382,1.080881663770034,APLD,2027-01-15,75.0,call,66000.0,buy
2026-06-03 12:15:58.194000-04:00,.SPXW260626C7570,108.2,108.6,108.3,108.5208208306267,3.0,32489.999999999996,I ,sell,7566.36,0.5289741420250726,0.0015660199744485044,760.0817754950754,-796.7502910285688,0.1330049142596804,SPXW,2026-06-26,7570.0,call,32490.0,sell
2026-06-03 12:15:58.027000-04:00,.AVGO261120C410,113.25,116.25,114.75,115.28337090343537,3.0,34425.0,I ,sell,483.6198,0.7297364612710561,0.0016735489848108698,109.39600173532158,-70.11632796705817,0.5977358169946417,AVGO,2026-11-20,410.0,call,34425.0,sell
2026-06-03 12:15:57.953000-04:00,.BX270617C90,27.4,30.5,28.7,28.699998341227758,10.0,28700.0,f ,sell,108.7397,0.7428012072101273,0.006606406613510146,35.83970663721297,-7.58011706714752,0.43940694314146433,BX,2027-06-17,90.0,call,28700.0,sell
2026-06-03 12:15:57.634000-04:00,.SPXW260609P7585,50.0,50.2,50.1,50.13999750000001,7.0,35070.0,f ,sell,7566.36,-0.5478263071880975,0.0036828526613437375,389.4563457159024,-1262.716425660355,0.10937178140752153,SPXW,2026-06-09,7585.0,put,35070.0,sell
2026-06-03 12:15:57.634000-04:00,.SPXW260609P7580,47.6,47.9,47.75,47.77976586756661,7.0,33425.0,f ,sell,7566.36,-0.5291014964362528,0.003668711894219724,391.23446157632554,-1279.1845406765854,0.11029462294666502,SPXW,2026-06-09,7580.0,put,33425.0,sell
2026-06-03 12:15:57.595000-04:00,.SPXW260604C7550,33.6,33.7,33.65,33.7,10.0,33650.0,f ,sell,7566.36,0.626292251521434,0.00648936969444027,161.35946554247764,-3489.4580410177236,0.13701876400774907,SPXW,2026-06-04,7550.0,call,33650.0,sell
2026-06-03 12:15:57.564000-04:00,.DOCN261120C180,45.5,46.3,46.3,45.99999999999999,6.0,27779.999999999996,I ,buy,177.02,0.6241503632641096,0.0031638228332031633,45.96287561728076,-48.80223917536875,0.990202785697872,DOCN,2026-11-20,180.0,call,27780.0,buy
2026-06-03 12:16:35.162000-04:00,.GOOG270115C430,18.15,18.45,18.45,18.48755730371089,50.0,92250.0,I ,buy,355.657,0.31356864941823837,0.0033374720162069544,99.28134323483746,-30.387794429983604,0.37936520822362596,GOOG,2027-01-15,430.0,call,92250.0,buy
2026-06-03 12:16:34.758000-04:00,.AVAV260918C200,31.8,33.5,31.8,32.50000083658203,10.0,31800.0,I ,sell,190.6571,0.5579026016227673,0.004364838809682969,40.99183033278993,-60.797160519085814,0.8708453899545143,AVAV,2026-09-18,200.0,call,31800.0,sell
2026-06-03 12:16:34.301000-04:00,.TSLA260605P455,31.1,31.65,31.4,31.34,10.0,31400.0,a ,buy,423.9405,-0.9505740393607827,0.005713274781411079,3.3297383189061946,-154.76550624403714,0.5489339781256019,TSLA,2026-06-05,455.0,put,31400.0,buy
2026-06-03 12:17:05.806000-04:00,.AAOI260918C220,45.0,46.9,46.9,46.5,7.0,32830.0,I ,buy,186.8169,0.5722515208625156,0.002700556709049349,39.91633214930396,-97.09791333395714,1.4282799835065478,AAOI,2026-09-18,220.0,call,32830.0,buy
2026-06-03 12:17:05.805000-04:00,.AAOI260918C220,45.0,46.9,46.9,46.5,6.0,28139.999999999996,I ,buy,186.8169,0.5722515208625156,0.002700556709049349,39.91633214930396,-97.09791333395714,1.4282799835065478,AAOI,2026-09-18,220.0,call,28140.0,buy
2026-06-03 12:17:05.453000-04:00,.MU261016C1000,273.3,277.9,276.0,274.3999999999999,4.0,110400.0,I ,buy,1067.4574,0.6570100948532944,0.0005843021509018116,238.61946861600276,-312.33010448456986,0.9693525791704378,MU,2026-10-16,1000.0,call,110400.0,buy
2026-06-03 12:17:05.394000-04:00,.MU260702C1060,124.8,128.0,128.0,126.44587864448893,6.0,76800.0,S ,buy,1067.4574,0.5663434331464863,0.0012665907829127387,118.60169159523669,-764.8740509241161,1.0303158750170782,MU,2026-07-02,1060.0,call,76800.0,buy
2026-06-03 12:17:05.215000-04:00,.MU260626C1200,65.4,67.0,67.0,63.55,10.0,67000.0,I ,buy,1067.4574,0.3722234471650989,0.0013255319571209663,101.0425317518819,-850.304500138325,1.0685111643281984,MU,2026-06-26,1200.0,call,67000.0,buy
2026-06-03 12:17:05.021000-04:00,.MU260618C675,389.7,402.1,396.18,405.03238599996735,1.0,39618.0,f ,buy,1067.4574,0.9992923150460683,1.5038547674328586e-05,0.5411782093362411,-4.768905638572231,0.7373907042842988,MU,2026-06-18,675.0,call,39618.0,buy
2026-06-03 12:17:05.021000-04:00,.MU260618C800,273.65,280.7,277.78,267.8,1.0,27777.999999999996,f ,buy,1067.4574,0.9101273310455914,0.0006771734461849175,34.94899325176641,-467.5359366455661,1.1119197513147683,MU,2026-06-18,800.0,call,27778.0,buy
2026-06-03 12:17:04.931000-04:00,.MU260618C1000,121.1,123.0,123.0,114.05,5.0,61500.0,I ,buy,1067.4574,0.6497665867613215,0.0017590884123038727,79.94362212928677,-938.6622553724278,0.9760652279776054,MU,2026-06-18,1000.0,call,61500.0,buy
2026-06-03 12:17:04.883000-04:00,.SPY260609P750,2.46,2.48,2.46,2.4699999999999998,148.0,36408.0,f ,sell,755.1901,-0.3217478344717186,0.030657047115825807,35.15911531031234,-124.22066800653117,0.11918627525890858,SPY,2026-06-09,750.0,put,36408.0,sell
2026-06-03 12:17:04.883000-04:00,.SPY260609P753,3.34,3.36,3.35,3.349999999999999,148.0,49580.0,f ,buy,755.1901,-0.41458803620858853,0.03524079853866341,38.233334788733366,-127.78707315238977,0.11274961545303142,SPY,2026-06-09,753.0,put,49580.0,buy
2026-06-03 12:17:04.838000-04:00,.MU270319P1460,591.15,598.85,591.15,790.5,1.0,59115.0,I ,sell,1067.4574,-0.3898368180492924,0.00032100586804592314,357.83777323851444,-274.1200320504998,1.2812516355166876,MU,2027-03-19,1460.0,put,59115.0,sell
2026-06-03 12:17:04.813000-04:00,.MU270319P1470,598.9,606.65,598.9,597.15,1.0,59890.0,I ,sell,1067.4574,-0.5299198796978981,0.0005107181728608581,377.5725446756349,-195.00221862815994,0.8207124936997197,MU,2027-03-19,1470.0,put,59890.0,sell
2026-06-03 12:17:04.782000-04:00,.MU260618C950,153.25,155.0,155.0,147.89,5.0,77500.0,I ,buy,1067.4574,0.7354294258281158,0.00150056775975272,70.62047863964155,-859.239215902202,1.0107310229315536,MU,2026-06-18,950.0,call,77500.0,buy
2026-06-03 12:17:04.729000-04:00,.BABA270319C130,20.1,21.1,20.1,20.05033538636283,13.0,26130.0,I ,sell,127.3876,0.5636690943418632,0.00738157924003728,44.64976620855893,-13.258265991507276,0.4706466807352622,BABA,2027-03-19,130.0,call,26130.0,sell
2026-06-03 12:17:04.724000-04:00,.SNDK260918P1940,474.6,487.9,483.3,481.21909637767504,1.0,48330.0,I ,buy,1803.9981,-0.44149117107614055,0.00039356395606374227,385.7562162406854,-673.9697980568415,1.0258479217823187,SNDK,2026-09-18,1940.0,put,48330.0,buy
2026-06-03 12:17:37.123000-04:00,.NVDA281215C215,69.9,70.8,70.35,70.27501687318185,10.0,70350.0,f ,sell,216.5208,0.6640972577221731,0.0020253449871854537,125.68885174094869,-12.939755043632255,0.52247993138602,NVDA,2028-12-15,215.0,call,70350.0,sell
2026-06-03 12:17:37.048000-04:00,.AVGO261120P490,73.1,73.25,73.1,73.50833,10.0,73100.0,I ,sell,484.6339,-0.44118159561581527,0.002236995942133423,130.39257068490915,-74.63748715091788,0.5338172797868737,AVGO,2026-11-20,490.0,put,73100.0,sell
2026-06-03 12:17:37.001000-04:00,.AVGO261120P490,72.7,73.25,73.25,73.50833,10.0,73250.0,I ,buy,484.6339,-0.44118159561581527,0.002236995942133423,130.39257068490915,-74.63748715091788,0.5338172797868737,AVGO,2026-11-20,490.0,put,73250.0,buy
2026-06-03 12:17:36.996000-04:00,.SOUN280121P8,3.2,3.45,3.2,3.325,100.0,32000.0,j ,sell,8.17,-0.2816435154926118,0.03700740053184788,3.536464231827884,-0.9410297401514472,0.8707399695430681,SOUN,2028-01-21,8.0,put,32000.0,sell
2026-06-03 12:17:36.996000-04:00,.SOUN280121P20,12.95,13.45,12.95,12.468703858208958,100.0,129500.0,j ,sell,8.17,-0.7600398219774007,0.04714309425516683,3.256417504981477,-0.626347670768606,0.6294044184134412,SOUN,2028-01-21,20.0,put,129500.0,sell
2026-06-03 12:17:36.113000-04:00,.SPX260918P7285,146.0,146.3,146.3,145.93574629892038,2.0,29260.000000000004,I ,buy,7566.42,-0.2949106471292322,0.0004631659620693664,1426.1734044666184,-439.0064897334366,0.1801751978966354,SPX,2026-09-18,7285.0,put,29260.0,buy
2026-06-03 12:17:36.113000-04:00,.SPX260918P7295,148.1,148.5,148.4,148.0212560053981,2.0,29680.0,I ,buy,7566.42,-0.29907202040045044,0.00046837759146967236,1435.3439837284313,-439.7225996715995,0.17931606270164063,SPX,2026-09-18,7295.0,put,29680.0,buy
2026-06-03 12:17:36.112000-04:00,.NDXP260717C32000,366.0,371.4,368.45,403.89,1.0,36845.0,f ,sell,30548.5286,0.30462504592380135,0.00016245715767620404,3753.4092277678246,-3113.1213338954294,0.2009962453110514,NDXP,2026-07-17,32000.0,call,36845.0,sell
2026-06-03 12:17:36.112000-04:00,.NDXP260717P29000,396.9,401.4,399.25,376.99,1.0,39925.0,f ,buy,30548.5286,-0.23112340083551963,0.00011351242092913537,3264.394728436681,-3370.117268238275,0.2501843616577964,NDXP,2026-07-17,29000.0,put,39925.0,buy
2026-06-03 12:17:36.062000-04:00,.QQQ260603C710,33.5,35.55,33.5,33.770519966843665,20.0,67000.0,S ,sell,743.5293,0.980451514122151,0.0028297489966867726,0.727356107030967,-939.3476674644908,1.0956855417458073,QQQ,2026-06-03,710.0,call,67000.0,sell
2026-06-03 12:18:07.107000-04:00,.GME270319P47,23.35,24.8,24.8,24.710503146616546,35.0,86800.0,I ,buy,22.405,-0.946127296646813,0.011958624486504612,2.1886385534947532,-0.6320602820285519,0.45756468080031343,GME,2027-03-19,47.0,put,86800.0,buy
2026-06-03 12:18:06.796000-04:00,.META260702P605,18.3,19.15,19.15,18.72895017543859,45.0,86174.99999999999,I ,buy,612.402,-0.4257999155094375,0.0069113227382150725,67.9103488085093,-139.18970989055597,0.32743383485904093,META,2026-07-02,605.0,put,86175.0,buy
2026-06-03 12:18:06.762000-04:00,.SPY260618P756,8.73,8.75,8.75,8.62,44.0,38500.0,I ,buy,755.0092,-0.5126865062579447,0.019532748238731322,61.348100374484765,-98.02690048846391,0.132683318778521,SPY,2026-06-18,756.0,put,38500.0,buy
2026-06-03 12:18:06.762000-04:00,.QQQ260605P750,8.87,8.9,8.9,8.372463462962962,65.0,57850.0,I ,buy,743.3324,-0.7105860021897695,0.030428535354901927,19.540181644161372,-325.5123811024016,0.1966934687174519,QQQ,2026-06-05,750.0,put,57850.0,buy
2026-06-03 12:18:06.565000-04:00,.SPY260626P723,2.84,2.86,2.86,2.8000000000000003,96.0,27456.0,I ,buy,755.0092,-0.15695782500697386,0.007197186031431101,45.70048935556772,-63.21785733067515,0.1755116131488382,SPY,2026-06-26,723.0,put,27456.0,buy
2026-06-03 12:18:06.565000-04:00,.SPY260626P745,6.73,6.75,6.75,6.620000000000001,68.0,45900.0,I ,buy,755.0092,-0.34881653256570655,0.013368502676574464,70.3653276385895,-80.68549366332941,0.14548683049769084,SPY,2026-06-26,745.0,put,45900.0,buy
2026-06-03 12:18:06.537000-04:00,.TSLA281215C870,62.45,63.65,63.15,64.32,72.0,454680.0,I ,buy,423.2251,0.3705217463186067,0.0009750018461760037,256.43341543447985,-28.83579918930755,0.5707028945786626,TSLA,2028-12-15,870.0,call,454680.0,buy
2026-06-03 12:18:06.529000-04:00,.TSLA281215C870,63.15,63.65,63.15,64.32,6.0,37890.0,I ,sell,423.2251,0.3705217463186067,0.0009750018461760037,256.43341543447985,-28.83579918930755,0.5707028945786626,TSLA,2028-12-15,870.0,call,37890.0,sell
2026-06-03 12:18:06.400000-04:00,.NDX260717C29000,2027.2,2136.9,2108.45,2097.3499999999985,1.0,210844.99999999997,f ,buy,30539.456,0.760298053433915,0.00011745156983327122,3317.998953378072,-3396.2772392326956,0.24765248588609484,NDX,2026-07-17,29000.0,call,210845.0,buy
2026-06-03 12:18:06.400000-04:00,.NDX260717C28500,2435.4,2549.2,2517.85,2510.5517030382907,1.0,251785.0,f ,buy,30539.456,0.8091525565946862,9.856638999541742e-05,2906.220404209555,-3104.829209259651,0.25847882432886754,NDX,2026-07-17,28500.0,call,251785.0,buy
2026-06-03 12:18:38.301000-04:00,.AMZN270617C300,24.0,24.3,24.0,24.233368299707394,15.0,36000.0,I ,sell,249.3769,0.40697733671468156,0.0037544827999308724,98.81732065996435,-19.30478907197734,0.40586926225449055,AMZN,2027-06-17,300.0,call,36000.0,sell
2026-06-03 12:18:37.849000-04:00,.QQQ260603C742,2.11,2.13,2.13,2.39,150.0,31950.0,I ,buy,742.887,0.6257797444419453,0.09154614571347261,5.790106950910552,-1856.143548037844,0.2709118273462241,QQQ,2026-06-03,742.0,call,31950.0,buy
2026-06-03 12:18:37.624000-04:00,.INTC260605C100,12.0,12.7,12.0,12.446976037412803,22.0,26400.0,I ,sell,111.8019,0.9070433598229289,0.016752556645086843,1.4313777275468325,-139.85566484983258,1.153707413073497,INTC,2026-06-05,100.0,call,26400.0,sell
2026-06-03 12:18:37.456000-04:00,.RKLB261218P100,22.35,22.7,22.35,22.5,18.0,40230.0,I ,sell,114.8674,-0.29452874570142984,0.00433619105991959,29.047796385379495,-25.238567624069322,0.9437638349885349,RKLB,2026-12-18,100.0,put,40230.0,sell
2026-06-03 12:18:37.389000-04:00,.TSLA260605P440,19.1,19.35,19.21,18.45,20.0,38420.00000000001,a ,sell,422.3184,-0.8182131580579226,0.014949850004778257,8.585307786093141,-395.0496008010579,0.543140760231333,TSLA,2026-06-05,440.0,put,38420.0,sell
2026-06-03 12:19:10.057000-04:00,.MU260605C1060,36.6,37.35,36.9,38.13766024551285,27.0,99630.0,f ,sell,1063.3196,0.5425183796692233,0.004484436834601514,32.47658941293556,-2972.8690191633314,1.0804133995428022,MU,2026-06-05,1060.0,call,99630.0,sell
2026-06-03 12:19:10.057000-04:00,.MU260605P1050,27.9,28.5,28.2,27.617497500000002,27.0,76140.0,f ,sell,1063.3196,-0.4124221055344717,0.004411601951046552,31.87205219382389,-2910.4932243731478,1.0778074122958945,MU,2026-06-05,1050.0,put,76140.0,sell
2026-06-03 12:19:10.050000-04:00,.MU260605C1060,36.6,37.35,36.9,38.13766024551285,13.0,47970.0,f ,sell,1063.3196,0.5425183796692233,0.004484436834601514,32.47658941293556,-2972.8690191633314,1.0804133995428022,MU,2026-06-05,1060.0,call,47970.0,sell
2026-06-03 12:19:10.050000-04:00,.MU260605P1050,27.9,28.5,28.2,27.617497500000002,13.0,36660.0,f ,sell,1063.3196,-0.4124221055344717,0.004411601951046552,31.87205219382389,-2910.4932243731478,1.0778074122958945,MU,2026-06-05,1050.0,put,36660.0,sell
2026-06-03 12:19:09.933000-04:00,.ABVX260702C80,9.3,11.6,11.5,10.9,55.0,63250.0,I ,buy,82.7878,0.6026324766778194,0.01589834057491751,9.014968320207776,-58.56488379878514,1.0377867541029706,ABVX,2026-07-02,80.0,call,63250.0,buy
2026-06-03 12:19:09.530000-04:00,.NBIS261120P140,16.25,17.25,16.75,16.57499882352941,18.0,30150.0,f ,buy,251.2,-0.12298400106910501,0.0010812638025497713,35.018366807966835,-41.07863484210482,1.09397127292074,NBIS,2026-11-20,140.0,put,30150.0,buy
2026-06-03 12:19:09.530000-04:00,.NBIS261120P150,19.6,20.6,20.1,19.924998529411763,18.0,36180.0,f ,sell,251.2,-0.14241584065950175,0.0012025308776589918,38.74328917525569,-45.21188676011865,1.0882832529418798,NBIS,2026-11-20,150.0,put,36180.0,sell
2026-06-03 12:19:09.528000-04:00,.NBIS261120P150,19.6,20.6,20.1,19.924998529411763,18.0,36180.0,f ,sell,251.2,-0.14241584065950175,0.0012025308776589918,38.74328917525569,-45.21188676011865,1.0882832529418798,NBIS,2026-11-20,150.0,put,36180.0,sell
2026-06-03 12:19:09.528000-04:00,.NBIS261120P140,16.25,17.25,16.8,16.57499882352941,18.0,30240.000000000004,f ,buy,251.2,-0.12298400106910501,0.0010812638025497713,35.018366807966835,-41.07863484210482,1.09397127292074,NBIS,2026-11-20,140.0,put,30240.0,buy
2026-06-03 12:19:09.235000-04:00,.NOW260717C110,16.3,17.0,16.5,16.75,30.0,49500.0,I ,sell,120.2351,0.6909825278592515,0.012411769640546253,14.745105687623793,-41.333245220493964,0.6781971096288585,NOW,2026-07-17,110.0,call,49500.0,sell
2026-06-03 12:19:45.273000-04:00,.MU281215C1500,470.05,480.0,470.05,465.0,1.0,47005.0,I ,sell,1063.6145,0.6793870485589469,0.00023772352847110673,603.6334498112225,-106.16986037013093,0.892628801658735,MU,2028-12-15,1500.0,call,47005.0,sell
2026-06-03 12:19:45.167000-04:00,.SPX270617P7900,559.4,560.6,560.5,559.1499928571429,1.0,56050.0,I ,buy,7563.17,-0.480966031923042,0.0002984155183705005,3186.8035389914985,-256.35328307273795,0.16697601075389182,SPX,2027-06-17,7900.0,put,56050.0,buy
2026-06-03 12:19:45.107000-04:00,.MRVL270617C320,110.75,112.3,110.75,109.42509781824971,5.0,55375.0,I ,sell,305.5989,0.6692100875782777,0.0012222325127862414,112.88944496887058,-51.748566728163134,0.9523524593601654,MRVL,2027-06-17,320.0,call,55375.0,sell
2026-06-03 12:19:45.061000-04:00,.SNDK260605P1800,65.8,68.0,68.0,65.730005,21.0,142800.0,I ,buy,1794.722,-0.4839266915813366,0.002434906966994841,55.09418249400684,-5528.916768045973,1.1844770698667748,SNDK,2026-06-05,1800.0,put,142800.0,buy
2026-06-03 12:20:17.893000-04:00,.LITE260605C680,257.9,270.0,264.59,266.37630342288196,4.0,105835.99999999999,f ,buy,942.2355,0.9633474647511715,0.0004399723469317517,5.816279467337548,-1240.1203992044643,2.516433569209401,LITE,2026-06-05,680.0,call,105836.0,buy
2026-06-03 12:20:17.770000-04:00,.LITE260605C680,257.9,270.0,264.81,266.37630342288196,3.0,79443.0,f ,buy,942.2355,0.9633474647511715,0.0004399723469317517,5.816279467337548,-1240.1203992044643,2.516433569209401,LITE,2026-06-05,680.0,call,79443.0,buy
2026-06-03 12:20:17.770000-04:00,.LITE260612C710,232.7,246.2,238.59,240.06889098806437,3.0,71577.0,f ,sell,942.2355,0.9302030544413951,0.0006860133594144771,20.017381569477678,-521.5860274537001,1.306961885718243,LITE,2026-06-12,710.0,call,71577.0,sell
2026-06-03 12:20:17.770000-04:00,.LITE260605C480,457.5,471.6,463.69,465.23169830240965,3.0,139107.0,f ,sell,942.2355,0.9860824240181607,0.00011322482731462944,2.573445363377743,-943.3805941496129,4.32652154328074,LITE,2026-06-05,480.0,call,139107.0,sell
2026-06-03 12:20:17.306000-04:00,.MRVL260605P290,7.6,7.8,7.6,7.65,36.0,27359.999999999996,I ,sell,305.6554,-0.3107127262861842,0.009828334189107293,8.279750049778764,-1075.337430121004,1.5325404727088137,MRVL,2026-06-05,290.0,put,27360.0,sell
2026-06-03 12:20:16.295000-04:00,.SPX260717C7770,61.2,61.6,61.42,62.091416365157585,6.0,36852.0,f ,buy,7564.1,0.3077976891111715,0.0010921009088854545,926.0802998047297,-471.68746274696196,0.12229819462736176,SPX,2026-07-17,7770.0,call,36852.0,buy
2026-06-03 12:20:16.295000-04:00,.SPX260717C7455,236.4,238.9,237.53,238.71290838396476,4.0,95012.0,f ,sell,7564.1,0.6539622519792714,0.0009350183748131515,971.2564916149644,-605.9928968275632,0.14981246769820453,SPX,2026-07-17,7455.0,call,95012.0,sell
2026-06-03 12:20:47.656000-04:00,.TSM281215C600,104.15,105.75,105.75,105.77686098557685,3.0,31725.0,I ,buy,438.3877,0.5326486879344503,0.0010324649974964035,277.6217342131754,-30.171041691402966,0.5515388905432389,TSM,2028-12-15,600.0,call,31725.0,buy
2026-06-03 12:21:19.988000-04:00,.GLXY261218C30,7.05,7.6,7.27,7.366824527268658,50.0,36350.0,f ,sell,28.77,0.6126962787820277,0.0192004494449462,8.119075345368914,-7.031847445639729,0.9405692204762031,GLXY,2026-12-18,30.0,call,36350.0,sell
2026-06-03 12:21:19.988000-04:00,.GLXY260618C22.5,6.45,6.9,6.7,6.81301804554239,50.0,33500.0,f ,buy,28.77,0.9111312398787621,0.027006171552557925,0.9529581495251425,-11.519530900769535,1.0055717305071254,GLXY,2026-06-18,22.5,call,33500.0,buy
2026-06-03 12:21:19.965000-04:00,.GLXY260618C22.5,6.45,6.9,6.78,6.81301804554239,49.0,33222.0,f ,buy,28.77,0.9111312398787621,0.027006171552557925,0.9529581495251425,-11.519530900769535,1.0055717305071254,GLXY,2026-06-18,22.5,call,33222.0,buy
2026-06-03 12:21:19.965000-04:00,.GLXY261218C30,7.05,7.6,7.23,7.366824527268658,49.0,35427.00000000001,f ,sell,28.77,0.6126962787820277,0.0192004494449462,8.119075345368914,-7.031847445639729,0.9405692204762031,GLXY,2026-12-18,30.0,call,35427.0,sell
2026-06-03 12:21:19.866000-04:00,.GLXY261218C30,7.05,7.6,7.27,7.366824527268658,150.0,109050.0,f ,sell,28.77,0.6126962787820277,0.0192004494449462,8.119075345368914,-7.031847445639729,0.9405692204762031,GLXY,2026-12-18,30.0,call,109050.0,sell
2026-06-03 12:21:19.866000-04:00,.GLXY260618C22.5,6.45,6.9,6.7,6.81301804554239,49.0,32830.0,f ,buy,28.77,0.9111312398787621,0.027006171552557925,0.9529581495251425,-11.519530900769535,1.0055717305071254,GLXY,2026-06-18,22.5,call,32830.0,buy
2026-06-03 12:21:19.866000-04:00,.GLXY260618C22.5,6.45,6.9,6.7,6.81301804554239,150.0,100500.0,f ,buy,28.77,0.9111312398787621,0.027006171552557925,0.9529581495251425,-11.519530900769535,1.0055717305071254,GLXY,2026-06-18,22.5,call,100500.0,buy
2026-06-03 12:21:19.866000-04:00,.GLXY261218C30,7.05,7.6,7.19,7.366824527268658,49.0,35231.0,f ,sell,28.77,0.6126962787820277,0.0192004494449462,8.119075345368914,-7.031847445639729,0.9405692204762031,GLXY,2026-12-18,30.0,call,35231.0,sell
2026-06-03 12:21:19.860000-04:00,.GLXY260618C22.5,6.45,6.9,6.74,6.81301804554239,250.0,168500.0,f ,buy,28.77,0.9111312398787621,0.027006171552557925,0.9529581495251425,-11.519530900769535,1.0055717305071254,GLXY,2026-06-18,22.5,call,168500.0,buy
2026-06-03 12:21:19.860000-04:00,.GLXY261218C30,7.05,7.6,7.21,7.366824527268658,250.0,180250.0,f ,sell,28.77,0.6126962787820277,0.0192004494449462,8.119075345368914,-7.031847445639729,0.9405692204762031,GLXY,2026-12-18,30.0,call,180250.0,sell
2026-06-03 12:21:19.860000-04:00,.GLXY261218C30,7.05,7.6,7.27,7.366824527268658,200.0,145400.0,f ,sell,28.77,0.6126962787820277,0.0192004494449462,8.119075345368914,-7.031847445639729,0.9405692204762031,GLXY,2026-12-18,30.0,call,145400.0,sell
2026-06-03 12:21:19.860000-04:00,.GLXY260618C22.5,6.45,6.9,6.71,6.81301804554239,200.0,134200.0,f ,buy,28.77,0.9111312398787621,0.027006171552557925,0.9529581495251425,-11.519530900769535,1.0055717305071254,GLXY,2026-06-18,22.5,call,134200.0,buy
2026-06-03 12:21:19.823000-04:00,.MSFT260603C387.5,37.5,38.95,38.18,38.52810716270251,10.0,38180.0,f ,sell,425.7823,0.9817878020601781,0.002299321406188102,0.38955737428437637,-1038.8576283515877,2.231968085363942,MSFT,2026-06-03,387.5,call,38180.0,sell
2026-06-03 12:21:19.823000-04:00,.MSFT260603C385,39.9,41.35,40.66,41.02212494911409,10.0,40660.0,f ,buy,425.7823,0.9833049279597115,0.0020307351099944897,0.36167360095548473,-1013.8955073776214,2.3462796056318633,MSFT,2026-06-03,385.0,call,40660.0,buy
2026-06-03 12:21:19.768000-04:00,.GLXY260618C22.5,6.45,6.6,6.6,6.81301804554239,50.0,33000.0,f ,buy,28.77,0.9111312398787621,0.027006171552557925,0.9529581495251425,-11.519530900769535,1.0055717305071254,GLXY,2026-06-18,22.5,call,33000.0,buy
2026-06-03 12:21:19.768000-04:00,.GLXY261218C30,7.05,7.9,7.05,7.366824527268658,50.0,35250.0,f ,sell,28.77,0.6126962787820277,0.0192004494449462,8.119075345368914,-7.031847445639729,0.9405692204762031,GLXY,2026-12-18,30.0,call,35250.0,sell
2026-06-03 12:21:19.764000-04:00,.GLXY261218C30,6.9,7.9,7.4,7.366824527268658,50.0,37000.0,f ,buy,28.77,0.6126962787820277,0.0192004494449462,8.119075345368914,-7.031847445639729,0.9405692204762031,GLXY,2026-12-18,30.0,call,37000.0,buy
2026-06-03 12:21:19.764000-04:00,.GLXY260618C22.5,6.45,7.45,6.95,6.81301804554239,50.0,34750.0,f ,sell,28.77,0.9111312398787621,0.027006171552557925,0.9529581495251425,-11.519530900769535,1.0055717305071254,GLXY,2026-06-18,22.5,call,34750.0,sell
2026-06-03 12:21:19.762000-04:00,.GLXY260618C22.5,6.45,7.55,6.95,6.81301804554239,50.0,34750.0,f ,sell,28.77,0.9111312398787621,0.027006171552557925,0.9529581495251425,-11.519530900769535,1.0055717305071254,GLXY,2026-06-18,22.5,call,34750.0,sell
2026-06-03 12:21:19.762000-04:00,.GLXY261218C30,6.9,7.9,7.4,7.366824527268658,50.0,37000.0,f ,buy,28.77,0.6126962787820277,0.0192004494449462,8.119075345368914,-7.031847445639729,0.9405692204762031,GLXY,2026-12-18,30.0,call,37000.0,buy
2026-06-03 12:21:19.640000-04:00,.MU260710C1050,139.45,144.2,142.56,138.31923863215547,5.0,71280.0,a ,buy,1064.6257,0.5742668862272162,0.0011605821517864854,132.50882413704085,-650.2424762768603,0.9992457260778763,MU,2026-07-10,1050.0,call,71280.0,buy
2026-06-03 12:21:50.553000-04:00,.SNDK260717C1150,678.0,689.5,685.0,682.8057704669991,1.0,68500.0,I ,buy,1798.0467,0.9052075391619216,0.00023481804210110814,105.33369903084731,-501.23530598388567,1.1512506980595694,SNDK,2026-07-17,1150.0,call,68500.0,buy
2026-06-03 12:21:50.352000-04:00,.LRCX260821C350,39.7,41.35,40.53,40.97652389549696,21.0,85113.0,f ,buy,339.7842,0.5304707073338358,0.0034776126050782615,62.8507842100034,-104.90535074705761,0.7239186104475134,LRCX,2026-08-21,350.0,call,85113.0,buy
2026-06-03 12:21:50.352000-04:00,.LRCX260821C340,43.8,46.35,45.08,45.09926085400861,21.0,94668.0,f ,buy,339.7842,0.5644974070340334,0.003443269028434183,62.20914575073322,-103.7994276741194,0.7236749229298833,LRCX,2026-08-21,340.0,call,94668.0,buy
2026-06-03 12:21:50.329000-04:00,.MU261016C1040,253.9,260.95,257.21,257.01347690206285,1.0,25720.999999999996,a ,sell,1064.9092,0.630770254372446,0.0005984214116517029,244.1380510971728,-321.2428498346448,0.9744512202300507,MU,2026-10-16,1040.0,call,25721.0,sell
2026-06-03 12:22:17.726000-04:00,.GOOG261016C355,32.0,32.7,32.3,32.4483611967076,8.0,25839.999999999996,I ,sell,355.0911,0.5468933103478442,0.0048801970818290324,85.65335943435907,-43.43027018374808,0.37550012672501976,GOOG,2026-10-16,355.0,call,25840.0,sell
2026-06-03 12:22:17.674000-04:00,.AZO260618P2800,13.1,20.4,18.23,16.849999999999998,20.0,36460.0,a ,buy,3020.895,-0.14229199327511377,0.0010048156496370807,138.59881086232497,-607.0292220139768,0.3636449385385915,AZO,2026-06-18,2800.0,put,36460.0,buy
2026-06-03 12:22:17.407000-04:00,.MU280616C1010,522.0,542.0,530.96,388.6,1.0,53096.0,g ,sell,1066.3254,0.6946042824152463,0.00036506383100584497,535.3440930258778,-81.6497539175493,0.6285293916456333,MU,2028-06-16,1010.0,call,53096.0,sell
2026-06-03 12:22:17.407000-04:00,.MU280616C1000,524.0,542.0,534.06,524.5,1.0,53405.99999999999,g ,buy,1066.3254,0.7548715121307404,0.00022974179281940997,473.8785076373311,-105.40018300559784,0.9082498688307876,MU,2028-06-16,1000.0,call,53406.0,buy
2026-06-03 12:22:17.225000-04:00,.SPXW260615C7400,189.0,193.0,191.14,190.62940973912697,2.0,38228.0,f ,buy,7564.62,0.8237674298024197,0.001362285097906664,357.7609871752572,-739.0409362162807,0.13755759152961347,SPXW,2026-06-15,7400.0,call,38228.0,buy
2026-06-03 12:22:17.146000-04:00,.SOXL260618C280,36.2,38.6,37.48,37.5953402811286,15.0,56219.99999999999,f ,buy,278.3068,0.5581648212747129,0.004030346651186633,22.27606094481048,-465.54393161307723,1.7351680441638708,SOXL,2026-06-18,280.0,call,56220.0,buy
2026-06-03 12:22:17.146000-04:00,.SOXL260702C310,38.15,40.5,39.26,39.184807416915525,15.0,58890.0,f ,sell,278.3068,0.4968598339770645,0.0030862737850764254,31.2298652503509,-322.80998802996726,1.6511581158146258,SOXL,2026-07-02,310.0,call,58890.0,sell
2026-06-03 12:22:17.063000-04:00,.PLTR260605P143,2.5,2.53,2.5,2.56,108.0,27000.0,I ,sell,143.2486,-0.47561506064517456,0.059111498343607634,4.380020239272647,-227.48183520163607,0.6124172812164638,PLTR,2026-06-05,143.0,put,27000.0,sell
2026-06-03 12:22:17.017000-04:00,.NVDA270617C160,74.35,75.15,74.7,74.6954409703592,11.0,82170.0,a ,sell,216.3496,0.7947796133077651,0.002389518997393354,62.676094893508456,-16.282227738122042,0.5397130981816199,NVDA,2027-06-17,160.0,call,82170.0,sell
2026-06-03 12:22:17.017000-04:00,.NVDA270617C160,74.35,75.15,74.66,74.6954409703592,189.0,1411074.0,a ,sell,216.3496,0.7947796133077651,0.002389518997393354,62.676094893508456,-16.282227738122042,0.5397130981816199,NVDA,2027-06-17,160.0,call,1411074.0,sell
2026-06-03 12:22:16.664000-04:00,.AGI260618P39,2.15,2.3,2.25,2.170054740740741,200.0,45000.0,f ,buy,38.175,-0.5482756268811708,0.09109621733822929,3.083704422406689,-20.735169643987494,0.5582854997303801,AGI,2026-06-18,39.0,put,45000.0,buy
2026-06-03 12:22:16.664000-04:00,.AGI260618P38,1.65,1.75,1.69,1.6574995000000001,200.0,33800.0,f ,sell,38.175,-0.45731152423152954,0.08939526821177896,3.0886752200680685,-21.197878831991268,0.5698252115499579,AGI,2026-06-18,38.0,put,33800.0,sell
2026-06-03 12:22:55.137000-04:00,.SNDK261218C2530,355.0,372.2,364.04,362.56508228688153,1.0,36404.0,f ,buy,1799.2434,0.4888936744843255,0.00027735524281400395,527.6326728759163,-527.9843464956083,1.0867143233279566,SNDK,2026-12-18,2530.0,call,36404.0,buy
2026-06-03 12:22:55.137000-04:00,.SNDK261218C2540,353.4,368.9,361.76,360.4567591041732,1.0,36176.0,f ,buy,1799.2434,0.4868836933160218,0.0002773508711751257,527.5519251307765,-527.8310753401372,1.0865651412599968,SNDK,2026-12-18,2540.0,call,36176.0,buy
2026-06-03 12:23:26.131000-04:00,.MU260612C1100,53.7,55.0,54.27,53.691587443818115,5.0,27135.000000000004,a ,sell,1065.4293,0.4521296772299699,0.002293692810265663,66.76944738629355,-1363.8566526189345,1.0242919854527,MU,2026-06-12,1100.0,call,27135.0,sell
2026-06-03 12:23:26.031000-04:00,.MU260612C1100,53.55,55.0,53.55,53.691587443818115,5.0,26775.0,I ,sell,1065.4293,0.4521296772299699,0.002293692810265663,66.76944738629355,-1363.8566526189345,1.0242919854527,MU,2026-06-12,1100.0,call,26775.0,sell
2026-06-03 12:23:25.889000-04:00,.SATS260618C150,2.75,2.9,2.75,2.75,135.0,37125.0,S ,sell,122.365,0.20374835887757442,0.010653496346279278,7.059441169209912,-90.6055617938557,1.0655934446974127,SATS,2026-06-18,150.0,call,37125.0,sell
2026-06-03 12:23:25.882000-04:00,.SATS260618C150,2.75,2.9,2.75,2.75,182.0,50050.0,I ,sell,122.365,0.20374835887757442,0.010653496346279278,7.059441169209912,-90.6055617938557,1.0655934446974127,SATS,2026-06-18,150.0,call,50050.0,sell
2026-06-03 12:23:25.764000-04:00,.MU261016C1040,253.9,260.95,257.18,257.0603208566405,1.0,25718.0,f ,sell,1065.4293,0.6312404249235604,0.0005994128891263718,244.33874593139834,-320.44705673432554,0.9712301210779557,MU,2026-10-16,1040.0,call,25718.0,sell
2026-06-03 12:23:25.764000-04:00,.MU270115C1150,279.0,282.25,280.63,280.12061218530215,1.0,28063.0,f ,buy,1065.4293,0.6057298330296217,0.0004860070297108488,322.5454779734462,-245.87817923175174,0.9448127747531854,MU,2027-01-15,1150.0,call,28063.0,buy
2026-06-03 12:23:25.596000-04:00,.SNDK261218P2190,786.1,799.2,792.65,792.65,3.0,237794.99999999997,f ,sell,1797.7561,-0.4572683882564743,0.00029655893173091274,525.9005562861897,-488.52122191172816,1.008796728550543,SNDK,2026-12-18,2190.0,put,237795.0,sell
2026-06-03 12:23:25.596000-04:00,.SNDK261218P1380,281.1,295.1,288.47,289.07,3.0,86541.00000000001,f ,buy,1797.7561,-0.23295276620653083,0.00022298453762554268,405.46044106919265,-386.206815097591,1.034416585287881,SNDK,2026-12-18,1380.0,put,86541.0,buy
2026-06-03 12:23:25.459000-04:00,.SPX260821P7465,155.1,155.6,155.24,154.91999750000002,5.0,77620.0,f ,sell,7561.79,-0.37743974573631023,0.0006708537400541871,1345.2998744095426,-498.30604475063683,0.15997045467038,SPX,2026-08-21,7465.0,put,77620.0,sell
2026-06-03 12:23:25.459000-04:00,.SPX260821P6650,41.7,42.1,41.92,41.860161933986596,10.0,41920.00000000001,f ,buy,7561.79,-0.09987147805005525,0.00020750512835255328,620.7844538124642,-343.03515349276864,0.2386494956034565,SPX,2026-08-21,6650.0,put,41920.0,buy
2026-06-03 12:23:25.452000-04:00,.SPX260821P7465,155.1,155.6,155.24,154.91999750000002,31.0,481244.00000000006,f ,sell,7561.79,-0.37743974573631023,0.0006708537400541871,1345.2998744095426,-498.30604475063683,0.15997045467038,SPX,2026-08-21,7465.0,put,481244.0,sell
2026-06-03 12:23:25.452000-04:00,.SPX260821P6650,41.7,42.1,41.92,41.860161933986596,62.0,259904.0,f ,buy,7561.79,-0.09987147805005525,0.00020750512835255328,620.7844538124642,-343.03515349276864,0.2386494956034565,SPX,2026-08-21,6650.0,put,259904.0,buy
2026-06-03 12:23:25.297000-04:00,.SPXW260604P7610,52.2,53.3,52.75,51.55,5.0,26375.0,f ,buy,7561.79,-0.8078690042178087,0.005204359484582274,116.07950094010424,-2273.493566799164,0.1235738845182753,SPXW,2026-06-04,7610.0,put,26375.0,buy
2026-06-03 12:23:25.297000-04:00,.SPXW260623P7590,97.1,97.4,97.25,96.60000000000001,5.0,48625.0,f ,buy,7561.79,-0.5193056670888383,0.001780828272379873,709.3146256853231,-807.4906098818908,0.12570175757921004,SPXW,2026-06-23,7590.0,put,48625.0,buy
2026-06-03 12:23:25.102000-04:00,.AMD260612C550,18.7,19.5,19.05,19.3,100.0,190500.0,a ,sell,532.6858,0.4260863245705545,0.0059151349240316375,33.10548121658863,-518.3000742094293,0.7850089458356124,AMD,2026-06-12,550.0,call,190500.0,sell
2026-06-03 12:23:57.243000-04:00,.TSLA260618C420,18.25,18.4,18.36,18.2,17.0,31212.0,f ,buy,423.3466,0.5492334996251941,0.009472187828397198,34.12692445378241,-199.3177680196745,0.4848691481990283,TSLA,2026-06-18,420.0,call,31212.0,buy
2026-06-03 12:23:57.008000-04:00,.AAPL260717C310,11.15,11.2,11.15,11.550000000000002,998.0,1112770.0,I ,sell,310.2224,0.529763745524072,0.014235565879493352,43.00782900089466,-45.955898478936355,0.2585092162335142,AAPL,2026-07-17,310.0,call,1112770.0,sell
2026-06-03 12:23:56.442000-04:00,.NDX260717C31000,737.4,743.0,740.0,745.7000000000002,8.0,592000.0,I ,sell,30515.5113,0.4568342344747544,0.00017673745081585424,4230.948668078682,-3678.807651273951,0.21035333717516091,NDX,2026-07-17,31000.0,call,592000.0,sell
2026-06-03 12:23:56.439000-04:00,.NDX260717C31000,737.4,740.0,740.0,745.7000000000002,1.0,74000.0,I ,buy,30515.5113,0.4568342344747544,0.00017673745081585424,4230.948668078682,-3678.807651273951,0.21035333717516091,NDX,2026-07-17,31000.0,call,74000.0,buy
2026-06-03 12:23:56.430000-04:00,.NDX260717C31000,737.4,740.0,740.0,745.7000000000002,4.0,296000.0,I ,buy,30515.5113,0.4568342344747544,0.00017673745081585424,4230.948668078682,-3678.807651273951,0.21035333717516091,NDX,2026-07-17,31000.0,call,296000.0,buy
2026-06-03 12:23:56.430000-04:00,.NDX260717C31000,737.4,740.0,740.0,745.7000000000002,1.0,74000.0,I ,buy,30515.5113,0.4568342344747544,0.00017673745081585424,4230.948668078682,-3678.807651273951,0.21035333717516091,NDX,2026-07-17,31000.0,call,74000.0,buy
2026-06-03 12:23:56.430000-04:00,.NDX260717C31000,737.4,740.0,740.0,745.7000000000002,2.0,148000.0,I ,buy,30515.5113,0.4568342344747544,0.00017673745081585424,4230.948668078682,-3678.807651273951,0.21035333717516091,NDX,2026-07-17,31000.0,call,148000.0,buy
2026-06-03 12:23:56.281000-04:00,.MU260821C820,317.25,320.0,320.0,320.9093178300135,1.0,32000.0,I ,buy,1064.712,0.7868185456225556,0.0005898356075279581,144.14847368562656,-330.4531886827821,0.994252102634844,MU,2026-08-21,820.0,call,32000.0,buy
2026-06-03 12:24:33.478000-04:00,.UNH260605C200,181.85,186.05,183.98,185.13635099999988,2.0,36796.0,g ,buy,385.1852,0.999995830046785,3.3752939274018477e-07,0.0005747307827391309,-0.09503491043527819,1.9484368286608615,UNH,2026-06-05,200.0,call,36796.0,buy
2026-06-03 12:24:33.162000-04:00,.QQQ281215C745,150.99,157.55,154.0,153.6397119395952,5.0,77000.0,I ,sell,742.5008,0.6020353745186293,0.0009856436437993468,456.7302047423074,-29.758768871271457,0.33066880145077254,QQQ,2028-12-15,745.0,call,77000.0,sell
2026-06-03 12:24:33.149000-04:00,.MS270617P180,14.0,14.4,14.0,13.52083416666667,75.0,105000.0,I ,sell,210.1247,-0.2641719109520899,0.004653357579013029,70.04821999226027,-11.06217111882599,0.32808893108816123,MS,2027-06-17,180.0,put,105000.0,sell
2026-06-03 12:24:33.024000-04:00,.SNDK270115P2190,817.4,830.5,823.47,820.55,1.0,82347.0,f ,sell,1790.6434,-0.44506819187579527,0.00028127446238884534,559.1925211029766,-447.90898043015926,0.992754773228302,SNDK,2027-01-15,2190.0,put,82347.0,sell
2026-06-03 12:24:33.024000-04:00,.SNDK270115P1380,304.8,315.6,310.2,311.15,1.0,31020.0,f ,buy,1790.6434,-0.23249947587328657,0.0002119643318061317,432.2985516099839,-355.22386816413854,1.0184317423240574,SNDK,2027-01-15,1380.0,put,31020.0,buy
2026-06-03 12:24:32.906000-04:00,.TSLA260605P455,31.85,32.2,32.02,31.842309615384615,10.0,32020.000000000004,a ,sell,423.3195,-0.9574804169991991,0.005186772099486584,2.9430195804648087,-134.16161524894898,0.5371216690230048,TSLA,2026-06-05,455.0,put,32020.0,sell
2026-06-03 12:24:32.787000-04:00,.NVDA270617P210,32.2,32.25,32.2,32.10000000000001,9.0,28980.0,I ,sell,215.8805,-0.3897531979467478,0.004254130353561743,84.59093476007754,-16.650278168451255,0.4089271866221845,NVDA,2027-06-17,210.0,put,28980.0,sell
2026-06-03 12:24:32.668000-04:00,.IBM270319P360,83.0,84.9,84.0,84.73946877192981,11.0,92400.0,I ,buy,306.1952,-0.5764396793005421,0.0031377919459658473,106.75549524942149,-30.845597733818988,0.45778683624772326,IBM,2027-03-19,360.0,put,92400.0,buy
2026-06-03 12:25:04.785000-04:00,.SPXW260603P7570,16.2,16.4,15.95,15.45,79.0,126005.0,m ,sell,7556.82,-0.5870896194142184,0.013105363357154802,59.58685161456973,-14132.85886478517,0.19417280583048263,SPXW,2026-06-03,7570.0,put,126005.0,sell
2026-06-03 12:25:04.755000-04:00,.SPXW260603P7580,24.1,24.5,23.7,23.28,79.0,187230.0,m ,sell,7556.82,-0.6889929037446293,0.010550954468556624,54.09673799880541,-14431.210690639438,0.21867716645236543,SPXW,2026-06-03,7580.0,put,187230.0,sell
2026-06-03 12:25:04.755000-04:00,.SPXW260603P7570,16.2,16.4,15.95,15.45,23.0,36685.0,m ,sell,7556.82,-0.5870896194142184,0.013105363357154802,59.58685161456973,-14132.85886478517,0.19417280583048263,SPXW,2026-06-03,7570.0,put,36685.0,sell
2026-06-03 12:25:04.755000-04:00,.SPXW260603P7570,16.2,16.4,15.95,15.45,24.0,38279.99999999999,m ,sell,7556.82,-0.5870896194142184,0.013105363357154802,59.58685161456973,-14132.85886478517,0.19417280583048263,SPXW,2026-06-03,7570.0,put,38280.0,sell
2026-06-03 12:25:04.755000-04:00,.SPXW260603P7580,24.1,24.5,23.7,23.28,24.0,56879.99999999999,m ,sell,7556.82,-0.6889929037446293,0.010550954468556624,54.09673799880541,-14431.210690639438,0.21867716645236543,SPXW,2026-06-03,7580.0,put,56880.0,sell
2026-06-03 12:25:04.755000-04:00,.SPXW260603P7580,24.1,24.5,23.7,23.28,23.0,54510.0,m ,sell,7556.82,-0.6889929037446293,0.010550954468556624,54.09673799880541,-14431.210690639438,0.21867716645236543,SPXW,2026-06-03,7580.0,put,54510.0,sell
2026-06-03 12:25:04.627000-04:00,.UNH260605P377.5,1.22,1.32,1.26,1.295,200.0,25200.0,f ,sell,385.365,-0.21969254923256698,0.029154283892034855,8.746084426612247,-254.79494208461395,0.34327703950015676,UNH,2026-06-05,377.5,put,25200.0,sell
2026-06-03 12:25:04.614000-04:00,.MRVL280317C240,161.75,164.0,161.75,163.12263222199613,2.0,32350.0,I ,sell,305.5924,0.793845050822152,0.0007467124045247766,117.09410111641532,-30.409833128432375,0.9294569968228539,MRVL,2028-03-17,240.0,call,32350.0,sell
2026-06-03 12:25:04.614000-04:00,.MRVL280317C240,161.75,164.0,161.75,163.12263222199613,3.0,48525.0,I ,sell,305.5924,0.793845050822152,0.0007467124045247766,117.09410111641532,-30.409833128432375,0.9294569968228539,MRVL,2028-03-17,240.0,call,48525.0,sell
2026-06-03 12:25:04.551000-04:00,.SPY260603C754,1.24,1.25,1.24,1.27,403.0,49972.0,a ,sell,754.1156,0.5226208669970442,0.13387734228416726,6.0769165149859905,-1447.6759218544908,0.19499881322347581,SPY,2026-06-03,754.0,call,49972.0,sell
2026-06-03 12:25:04.521000-04:00,.MU260618C740,326.3,336.35,328.74,321.97,1.0,32874.0,a ,sell,1061.5678,0.9256062856531149,0.0004987952061800391,30.246891386441515,-474.5014790487987,1.3118073552204492,MU,2026-06-18,740.0,call,32874.0,sell
2026-06-03 12:25:04.441000-04:00,.AAP260612P64,8.0,9.9,8.0,8.110678352941132,38.0,30400.0,S ,sell,56.2685,-0.8809957809530273,0.0336384441407586,1.770227289573345,-23.448526111656854,0.6641478234590752,AAP,2026-06-12,64.0,put,30400.0,sell
2026-06-03 12:25:04.317000-04:00,.NDXP260603P30470,36.0,43.2,39.6,26.399999999999995,35.0,138600.0,f ,buy,30491.8942,-0.312522896457578,0.0027057114033598654,219.17363314958146,-56344.96914271236,0.2113604975543626,NDXP,2026-06-03,30470.0,put,138600.0,buy
2026-06-03 12:25:04.317000-04:00,.NDXP260603P30460,31.6,39.1,35.45,23.700000000000003,15.0,53175.0,f ,buy,30491.8942,-0.28723611531251625,0.0025864935647351424,210.95724603383908,-54605.63931285357,0.21281392071308103,NDXP,2026-06-03,30460.0,put,53175.0,buy
2026-06-03 12:25:04.317000-04:00,.NDXP260603P30470,36.0,43.2,39.6,26.399999999999995,15.0,59400.0,f ,buy,30491.8942,-0.312522896457578,0.0027057114033598654,219.17363314958146,-56344.96914271236,0.2113604975543626,NDXP,2026-06-03,30470.0,put,59400.0,buy
2026-06-03 12:25:04.317000-04:00,.NDXP260603P30460,31.6,39.1,35.45,23.700000000000003,35.0,124075.0,f ,buy,30491.8942,-0.28723611531251625,0.0025864935647351424,210.95724603383908,-54605.63931285357,0.21281392071308103,NDXP,2026-06-03,30460.0,put,124075.0,buy
2026-06-03 12:25:36.984000-04:00,.AVGO260605C500,15.0,15.45,15.01,15.27,20.0,30020.0,I ,sell,483.5904,0.4089627616414091,0.007019741225161753,14.425066218539309,-1825.5900777236427,1.4906108353167764,AVGO,2026-06-05,500.0,call,30020.0,sell
2026-06-03 12:25:36.739000-04:00,.ORCL260618P230,17.1,17.55,17.34,17.29,20.0,34680.0,g ,buy,229.089,-0.47172692331436583,0.009432628224160505,18.574062679838477,-202.24058378701443,0.903848357098091,ORCL,2026-06-18,230.0,put,34680.0,buy
2026-06-03 12:25:36.739000-04:00,.ORCL260618P212.5,8.85,9.05,8.94,8.92,40.0,35760.0,g ,sell,229.089,-0.30595245311717423,0.008488232609037943,16.372059896372853,-174.61318050313287,0.8853350374173048,ORCL,2026-06-18,212.5,put,35760.0,sell
2026-06-03 12:25:36.650000-04:00,.SNDK270115C500,1322.0,1336.0,1329.95,1341.3904572985703,1.0,132995.0,n ,buy,1787.2189,0.9644298674690657,4.4570271199341055e-05,111.20131926457002,-110.9847220279985,1.237027587072931,SNDK,2027-01-15,500.0,call,132995.0,buy
2026-06-03 12:25:36.548000-04:00,.SNDK270115C500,1322.0,1336.0,1329.95,1341.3904572985703,1.0,132995.0,n ,buy,1787.2189,0.9644298674690657,4.4570271199341055e-05,111.20131926457002,-110.9847220279985,1.237027587072931,SNDK,2027-01-15,500.0,call,132995.0,buy
2026-06-03 12:25:36.392000-04:00,.INTC281215P65,15.65,16.35,16.1,15.471245,45.0,72450.00000000001,I ,buy,111.0784,-0.1486559211163998,0.002017424403931177,41.30249575458826,-5.246244964052596,0.6446297054707866,INTC,2028-12-15,65.0,put,72450.0,buy
2026-06-03 12:25:36.333000-04:00,.SPY260604P757,3.94,3.95,3.94,3.84,94.0,37036.0,I ,sell,753.9978,-0.6961393037748053,0.06473503605421517,14.801965848236533,-299.8674163403829,0.12762094965096363,SPY,2026-06-04,757.0,put,37036.0,sell
2026-06-03 12:25:36.199000-04:00,.NDXP260603C30180,296.3,338.9,317.62,355.3552258308191,1.0,31762.0,g ,buy,30483.7371,0.9746249423608377,0.00032456122601018806,36.636072893515774,-13124.452561419483,0.2945298166574842,NDXP,2026-06-03,30180.0,call,31762.0,buy
2026-06-03 12:25:36.199000-04:00,.NDXP260603C30170,306.1,348.9,327.52,365.27257417078,1.0,32752.0,g ,buy,30483.7371,0.9760207370483743,0.0003046709101908013,34.93763132124168,-12714.987250198581,0.299212308913393,NDXP,2026-06-03,30170.0,call,32752.0,buy
2026-06-03 12:25:36.123000-04:00,.MU280121C420,730.9,735.35,735.35,645.97,1.0,73535.0,I ,buy,1060.5194,0.9252651258271003,0.00015535916628097563,184.95453832981778,-38.878097620368976,0.6935928276580152,MU,2028-01-21,420.0,call,73535.0,buy
2026-06-03 12:26:07.799000-04:00,.SPXW260610P7565,52.1,52.4,52.1,52.969995,6.0,31260.000000000004,I ,sell,7556.68,-0.4931921282801762,0.0029731592013794894,422.3737742146732,-1366.121744268701,0.1267005617732405,SPXW,2026-06-10,7565.0,put,31260.0,sell
2026-06-03 12:26:07.627000-04:00,.AAPL260717C310,11.05,11.1,11.1,11.2,69.0,76590.0,I ,buy,310.1824,0.5238414843273907,0.014445712474201568,42.99355722661556,-45.380530575066494,0.25534353620186756,AAPL,2026-07-17,310.0,call,76590.0,buy
2026-06-03 12:26:07.627000-04:00,.AAPL260717C310,11.05,11.1,11.1,11.2,49.0,54390.0,I ,buy,310.1824,0.5238414843273907,0.014445712474201568,42.99355722661556,-45.380530575066494,0.25534353620186756,AAPL,2026-07-17,310.0,call,54390.0,buy
2026-06-03 12:26:07.626000-04:00,.AAPL260717C310,11.05,11.1,11.1,11.2,120.0,133200.0,I ,buy,310.1824,0.5238414843273907,0.014445712474201568,42.99355722661556,-45.380530575066494,0.25534353620186756,AAPL,2026-07-17,310.0,call,133200.0,buy
2026-06-03 12:26:07.626000-04:00,.AAPL260717C310,11.05,11.1,11.1,11.2,92.0,102120.0,I ,buy,310.1824,0.5238414843273907,0.014445712474201568,42.99355722661556,-45.380530575066494,0.25534353620186756,AAPL,2026-07-17,310.0,call,102120.0,buy
2026-06-03 12:26:07.625000-04:00,.AAPL260717C310,11.05,11.1,11.1,11.2,159.0,176490.0,I ,buy,310.1824,0.5238414843273907,0.014445712474201568,42.99355722661556,-45.380530575066494,0.25534353620186756,AAPL,2026-07-17,310.0,call,176490.0,buy
2026-06-03 12:26:07.208000-04:00,.LUNR270115C30,13.9,14.9,13.9,14.608079460962024,25.0,34750.0,I ,sell,33.67,0.7367729702093219,0.009284685846698306,8.664870582706518,-9.259530524395906,1.3244583597936002,LUNR,2027-01-15,30.0,call,34750.0,sell
2026-06-03 12:26:07.205000-04:00,.AAPL260618P350,39.2,39.9,39.9,35.24275363636359,55.0,219450.0,I ,buy,310.1824,-0.9673330627955863,0.004113836527448349,4.727324597055894,-15.328976728545703,0.27407226353546493,AAPL,2026-06-18,350.0,put,219450.0,buy
2026-06-03 12:26:07.159000-04:00,.AAPL270617C350,22.6,23.1,22.6,24.16,20.0,45200.0,I ,sell,310.1824,0.41677699036483634,0.004147185555544756,125.00295485468902,-17.66855944352971,0.2937429272615244,AAPL,2027-06-17,350.0,call,45200.0,sell
2026-06-03 12:26:07.158000-04:00,.AAPL260717C310,11.05,11.15,11.1,11.2,510.0,566100.0,I ,sell,310.1824,0.5238414843273907,0.014445712474201568,42.99355722661556,-45.380530575066494,0.25534353620186756,AAPL,2026-07-17,310.0,call,566100.0,sell
2026-06-03 12:26:07.090000-04:00,.AVGO260702P560,86.6,87.85,87.85,87.72500166666666,10.0,87850.0,S ,buy,483.7665,-0.761017476850708,0.0035054536280689336,42.392672237076525,-171.8088729840845,0.6473164118758343,AVGO,2026-07-02,560.0,put,87850.0,buy
2026-06-03 12:26:07.089000-04:00,.AMD261120C1050,21.85,22.75,21.85,21.8,25.0,54625.0,I ,sell,531.1135,0.1730542818201395,0.0008633805493252776,92.772254804676,-81.36428692782846,0.8178771651395216,AMD,2026-11-20,1050.0,call,54625.0,sell
2026-06-03 12:26:07.089000-04:00,.AVGO260717P680,198.25,199.4,199.4,199.31764470588234,20.0,398800.0,I ,buy,483.7665,-0.9297097877170208,0.0012926317952980685,22.65780116775098,-58.01966236806482,0.6194640653491753,AVGO,2026-07-17,680.0,put,398800.0,buy
2026-06-03 12:26:07.031000-04:00,.SMH260618P575,7.2,7.35,7.33,7.149432688679243,61.0,44713.0,a ,buy,634.3833,-0.17639059250920086,0.003636213886824171,33.475036691722,-222.36918796362357,0.5514011458488433,SMH,2026-06-18,575.0,put,44713.0,buy
2026-06-03 12:26:38.337000-04:00,.LITE260821P900,141.3,145.6,141.3,139.190351754386,2.0,28260.000000000004,f ,sell,940.9559,-0.3738779011188107,0.0009215697963831315,166.09509080158216,-359.08007667548253,0.9375998728681083,LITE,2026-08-21,900.0,put,28260.0,sell
2026-06-03 12:26:38.267000-04:00,.TSM261016P360,18.2,18.6,18.2,18.2,30.0,54600.0,I ,sell,437.2775,-0.21124518077600585,0.0022153264645640254,76.98114981534621,-50.98196913450419,0.49043636367270393,TSM,2026-10-16,360.0,put,54600.0,sell
2026-06-03 12:26:38.260000-04:00,.SPY260918P730,15.97,16.0,16.0,16.014999999999997,663.0,1060800.0,a ,buy,754.2253,-0.34101249170553216,0.005465879494800152,149.8810625870689,-41.93100894572565,0.1642535266117675,SPY,2026-09-18,730.0,put,1060800.0,buy
2026-06-03 12:26:38.192000-04:00,.SPXW260612P7535,47.9,48.4,48.17,48.7392739382078,10.0,48170.00000000001,f ,buy,7557.16,-0.41118896243089065,0.002397989184948482,466.2101397950989,-1258.847782402402,0.1353645882832315,SPXW,2026-06-12,7535.0,put,48170.0,buy
2026-06-03 12:26:38.192000-04:00,.SPXW260612P7510,40.0,40.4,40.2,40.644997499999995,10.0,40200.0,f ,sell,7557.16,-0.35567198435026537,0.002235423911706199,446.4666403712743,-1238.440499403964,0.13905918955866078,SPXW,2026-06-12,7510.0,put,40200.0,sell
2026-06-03 12:26:37.581000-04:00,.QQQ260605P740,4.05,4.07,4.06,4.01,100.0,40599.99999999999,a ,sell,742.4246,-0.42136846369467307,0.030311142955456637,22.281757409411945,-428.79412482758045,0.22655543964452618,QQQ,2026-06-05,740.0,put,40600.0,sell
2026-06-03 12:26:37.439000-04:00,.BB280121C10,4.5,4.7,4.7,4.96,59.0,27730.0,I ,buy,9.9038,0.7456300089602883,0.024349779776846193,4.180131940814658,-1.29067211788047,1.0104085141014982,BB,2028-01-21,10.0,call,27730.0,buy
2026-06-03 12:27:10.369000-04:00,.SNDK260605P1750,44.5,46.9,46.9,45.27807256097562,30.0,140700.0,I ,buy,1789.07,-0.381970299362963,0.0023654857525038995,52.40098434472253,-5220.549456375994,1.173256554704553,SNDK,2026-06-05,1750.0,put,140700.0,buy
2026-06-03 12:27:10.287000-04:00,.IBIT281215C80,5.15,5.4,5.27,5.27,50.0,26350.0,f ,sell,37.105,0.35189896670708654,0.010912039423521598,21.971358210865958,-2.4871311803445915,0.5744861734775824,IBIT,2028-12-15,80.0,call,26350.0,sell
2026-06-03 12:27:10.287000-04:00,.IBIT281215C80,5.15,5.4,5.28,5.27,48.0,25344.0,f ,buy,37.105,0.35189896670708654,0.010912039423521598,21.971358210865958,-2.4871311803445915,0.5744861734775824,IBIT,2028-12-15,80.0,call,25344.0,buy
2026-06-03 12:27:10.286000-04:00,.IBIT281215C80,5.15,5.4,5.28,5.27,48.0,25344.0,f ,buy,37.105,0.35189896670708654,0.010912039423521598,21.971358210865958,-2.4871311803445915,0.5744861734775824,IBIT,2028-12-15,80.0,call,25344.0,buy
2026-06-03 12:27:09.854000-04:00,.NOW270115P120,22.5,22.7,22.7,22.68,51.0,115770.0,I ,buy,120.3213,-0.40154095646570553,0.0066546586524323294,36.67732583340743,-18.1328324672315,0.612762191902278,NOW,2027-01-15,120.0,put,115770.0,buy
2026-06-03 12:27:09.810000-04:00,.META280121C400,259.5,266.45,262.45,257.38,1.0,26245.0,I ,sell,612.7381,0.8319006327533465,0.0006275293376652367,195.33025236454583,-30.63953828073194,0.5149313810998714,META,2028-01-21,400.0,call,26245.0,sell
2026-06-03 12:27:09.789000-04:00,.SPY271217C520,270.86,272.78,270.86,270.9239972338887,1.0,27086.0,I ,sell,754.2701,0.8453303556458671,0.0006600710939827116,222.7014009870461,-27.846298104262015,0.38518152631723457,SPY,2027-12-17,520.0,call,27086.0,sell
2026-06-03 12:27:41.373000-04:00,.TQQQ260605C55.5,29.9,32.25,31.03,30.992069679184503,26.0,80678.0,f ,sell,85.8336,0.9453841837557017,0.004292810270182738,0.7282546547090114,-242.26084402000492,3.9146980141695416,TQQQ,2026-06-05,55.5,call,80678.0,sell
2026-06-03 12:27:41.335000-04:00,.SNDK261218C2700,318.9,332.5,326.48,325.3,1.0,32648.0,a ,buy,1789.7567,0.4537440648613015,0.000277435768800163,522.6066550909475,-521.1644741794354,1.0829738145535965,SNDK,2026-12-18,2700.0,call,32648.0,buy
2026-06-03 12:27:41.154000-04:00,.SPXW260618C6500,1066.2,1071.7,1069.0,1068.6905610018082,25.0,2672500.0,f ,buy,7557.08,0.9983482552085068,1.34681943394949e-05,8.214509325548475,-25.39159603043628,0.25656386853448526,SPXW,2026-06-18,6500.0,call,2672500.0,buy
2026-06-03 12:27:41.154000-04:00,.SPXW260618C6510,1056.3,1061.8,1059.01,1058.6927360018283,25.0,2647525.0,f ,sell,7557.08,0.9983177649090951,1.3808224691170454e-05,8.352493527697261,-25.605341395368978,0.25444946683206826,SPXW,2026-06-18,6510.0,call,2647525.0,sell
2026-06-03 12:27:41.107000-04:00,.AMZN261120C250,27.0,27.1,27.0,27.000170373837825,10.0,27000.0,I ,sell,249.3411,0.550250469190742,0.005752906234917604,67.34395778137979,-29.196818023847044,0.4043031333967084,AMZN,2026-11-20,250.0,call,27000.0,sell
2026-06-03 12:27:40.596000-04:00,.SPY260717C758,13.47,13.5,13.5,13.486124377082655,24.0,32400.0,a ,buy,754.2392,0.4703736773033044,0.010381198581988148,104.34881585008738,-63.02675356955385,0.14611190945855368,SPY,2026-07-17,758.0,call,32400.0,buy
2026-06-03 12:27:40.453000-04:00,.SPX260717P7100,40.4,40.8,40.43,40.690027062629525,17.0,68731.0,f ,sell,7557.08,-0.1506052363198459,0.000462369405278855,614.7333925207217,-492.36913953034906,0.19229076291729566,SPX,2026-07-17,7100.0,put,68731.0,sell
2026-06-03 12:27:40.453000-04:00,.SPX260717P7110,41.4,41.8,41.78,41.66118596416256,17.0,71026.0,f ,buy,7557.08,-0.15423759948300508,0.00047257615856937697,624.534030471944,-497.21785107690323,0.19113710646338625,SPX,2026-07-17,7110.0,put,71026.0,buy
2026-06-03 12:27:40.425000-04:00,.SNDK261218P1700,460.1,477.1,467.22,468.1197740085179,1.0,46722.0,f ,sell,1789.7567,-0.3282508173874894,0.0002682333783608741,476.60146234148687,-448.31710169121277,1.0215227035438665,SNDK,2026-12-18,1700.0,put,46722.0,sell
2026-06-03 12:27:40.304000-04:00,.AMZN260918C260,15.9,16.2,15.9,16.05,24.0,38160.0,I ,sell,249.3411,0.45969655236353163,0.007683699691777435,53.587533953326314,-34.92054880347377,0.3825941562717662,AMZN,2026-09-18,260.0,call,38160.0,sell
2026-06-03 12:28:12.816000-04:00,.TSLA270115C530,35.7,36.0,35.86,35.9,116.0,415976.0,f ,buy,423.553,0.36895805167434487,0.0021542242837552933,125.87627253702652,-53.271653057496195,0.5247577068767015,TSLA,2027-01-15,530.0,call,415976.0,buy
2026-06-03 12:28:12.815000-04:00,.TSLA270115C530,35.7,36.0,35.87,35.9,117.0,419679.0,f ,buy,423.553,0.36895805167434487,0.0021542242837552933,125.87627253702652,-53.271653057496195,0.5247577068767015,TSLA,2027-01-15,530.0,call,419679.0,buy
2026-06-03 12:28:12.526000-04:00,.SPXW260603P7600,39.7,40.1,39.7,42.10297599999267,8.0,31760.000000000004,I ,sell,7559.06,-0.9991814283196238,0.0002101837215594932,0.42610025920079475,-46.0846386850914,0.0876178134927399,SPXW,2026-06-03,7600.0,put,31760.0,sell
2026-06-03 12:28:12.502000-04:00,.NVDA260612C225,2.36,2.38,2.38,2.3900000000000006,600.0,142800.0,I ,buy,215.5999,0.275042446603849,0.02284322940928,11.388307491205724,-97.25221489055454,0.4280441935806987,NVDA,2026-06-12,225.0,call,142800.0,buy
2026-06-03 12:28:12.145000-04:00,.TSLA260605P455,31.5,32.0,31.8,32.5237475,10.0,31800.0,a ,buy,423.549,-0.9577824510688073,0.005063359613232138,2.9197575480802525,-136.00938256692365,0.5482373130818905,TSLA,2026-06-05,455.0,put,31800.0,buy
2026-06-03 12:28:48.775000-04:00,.MS270617P160,8.9,9.55,8.9,8.9349975,73.0,64970.00000000001,I ,sell,210.4277,-0.17746601702793252,0.003351890417669322,55.73645143504362,-9.712683729365695,0.36203075391325684,MS,2027-06-17,160.0,put,64970.0,sell
2026-06-03 12:28:48.508000-04:00,.NBIS260717C200,62.95,64.8,63.98,63.91842730062149,10.0,63979.99999999999,I ,buy,249.8031,0.7848246210958425,0.0031518331511860643,25.430010651990603,-112.08074612426826,1.0661854821290901,NBIS,2026-07-17,200.0,call,63980.0,buy
2026-06-03 12:28:48.137000-04:00,.SPY270617C425,343.74,347.62,345.78,345.54643901925607,1.0,34578.0,g ,buy,754.2352,0.9210938965988267,0.0003968393441989595,113.0871018821566,-26.255084466309178,0.48233218799917904,SPY,2027-06-17,425.0,call,34578.0,buy
2026-06-03 12:28:48.137000-04:00,.SPY260618C360,393.1,396.51,395.04,394.87298816970855,1.0,39504.0,g ,buy,754.2352,0.9922219317172898,8.646879965525029e-05,3.2853731422962364,-63.711592396264905,1.6096313118351422,SPY,2026-06-18,360.0,call,39504.0,buy
2026-06-03 12:28:48.083000-04:00,.NVDA260717P255,40.55,41.25,41.25,40.775,20.0,82500.0,I ,buy,215.577,-0.885992192447112,0.006795402431629007,14.47265192988655,-22.637708076688465,0.37839141647116437,NVDA,2026-07-17,255.0,put,82500.0,buy
2026-06-03 12:28:47.990000-04:00,.NOW270115P120,22.5,22.7,22.7,22.68,49.0,111230.0,I ,buy,120.2953,-0.40154095646570553,0.0066546586524323294,36.67732583340743,-18.1328324672315,0.612762191902278,NOW,2027-01-15,120.0,put,111230.0,buy
2026-06-03 12:28:47.752000-04:00,.MXL260618C100,7.8,8.0,7.8,9.47,100.0,78000.0,I ,sell,92.79,0.5009439326566074,0.014178133457021222,7.7952428334554105,-135.05265494952505,1.4400215508535956,MXL,2026-06-18,100.0,call,78000.0,sell
2026-06-03 12:28:47.735000-04:00,.ORCL260821C200,43.25,43.8,43.8,43.791402338901555,10.0,43800.0,I ,buy,229.4985,0.7238999799124897,0.00466909171569381,35.70382608401914,-55.199747637856646,0.6704978359758827,ORCL,2026-08-21,200.0,call,43800.0,buy
2026-06-03 12:29:20.977000-04:00,.GOOGL260618C360,9.05,9.45,9.45,9.29,38.0,35910.0,I ,buy,358.7675,0.49599363711160943,0.016217704910081232,29.16699567921499,-118.22712362045512,0.3364304061493458,GOOGL,2026-06-18,360.0,call,35910.0,buy
2026-06-03 12:29:20.777000-04:00,.DRAM260618P65,3.05,3.15,3.12,3.14,312.0,97344.0,g ,buy,68.6999,-0.3465498709098551,0.030211514871591707,5.160024128940145,-54.31643908735993,0.8736841334229767,DRAM,2026-06-18,65.0,put,97344.0,buy
2026-06-03 12:29:19.920000-04:00,.AAPL260610P305,2.69,2.94,2.86,2.6950000000000003,100.0,28600.0,f ,buy,309.7028,-0.3328264776043037,0.030237969116917538,15.75991447591806,-111.4960916665767,0.2770883115531866,AAPL,2026-06-10,305.0,put,28600.0,buy
2026-06-03 12:29:19.920000-04:00,.AAPL260610C315,2.82,3.05,2.86,3.0999999999999996,100.0,28600.0,f ,sell,309.7028,0.3577014791035431,0.028575174259372314,16.189521605244217,-124.50411177180548,0.301204944744894,AAPL,2026-06-10,315.0,call,28600.0,sell
2026-06-03 12:29:19.890000-04:00,.AAPL260717C310,10.75,10.8,10.8,11.05,200.0,216000.0,I ,buy,309.7028,0.5168785897361908,0.014341755847272172,42.9626284429015,-45.79289169478735,0.2578393000082646,AAPL,2026-07-17,310.0,call,216000.0,buy
2026-06-03 12:29:19.889000-04:00,.AAPL260717C310,10.75,10.8,10.8,11.05,200.0,216000.0,I ,buy,309.7028,0.5168785897361908,0.014341755847272172,42.9626284429015,-45.79289169478735,0.2578393000082646,AAPL,2026-07-17,310.0,call,216000.0,buy
2026-06-03 12:29:19.828000-04:00,.MU260605P1065,34.85,36.0,35.6,35.86,15.0,53400.0,a ,buy,1063.4381,-0.4924711081608134,0.004565047898674397,32.521143575062034,-2962.3516780404425,1.0716532579755624,MU,2026-06-05,1065.0,put,53400.0,buy
2026-06-03 12:29:51.024000-04:00,.TSLA260605P455,31.55,31.95,31.63,31.75,10.0,31630.0,a ,sell,423.6019,-0.9537120762825873,0.005448728255819524,3.1493454969222,-146.72865720125043,0.5478788399247655,TSLA,2026-06-05,455.0,put,31630.0,sell
2026-06-03 12:29:50.814000-04:00,.BMNR261120P18,4.35,4.45,4.39,4.4000001666666675,60.0,26339.999999999996,g ,sell,16.895,-0.43322454494630214,0.0416578584054899,4.54459374975209,-3.9826711743894787,0.817232622493464,BMNR,2026-11-20,18.0,put,26340.0,sell
2026-06-03 12:29:50.723000-04:00,.SPY260717C763,10.81,10.83,10.81,10.868967298506622,38.0,41078.0,I ,sell,754.2866,0.4178172882493223,0.010608489457339738,102.441790626901,-59.40658865564847,0.14027937877496285,SPY,2026-07-17,763.0,call,41078.0,sell
2026-06-03 12:29:50.612000-04:00,.SPY261218C500,263.85,266.6,263.85,264.93867026288706,3.0,79155.0,I ,sell,754.2934,0.919707240208754,0.0005941640836738606,82.8735478949537,-34.44300677422537,0.45133668212638345,SPY,2026-12-18,500.0,call,79155.0,sell
2026-06-03 12:29:50.441000-04:00,.NVDA260603C167.5,47.5,48.9,48.2,48.25673849999993,13.0,62660.0,g ,buy,215.6246,0.9999866087724938,4.513177632216656e-06,0.0002555885995440042,-0.9653481969707883,3.0314575298039856,NVDA,2026-06-03,167.5,call,62660.0,buy
2026-06-03 12:29:50.441000-04:00,.NVDA260603C167.5,47.5,48.9,48.2,48.25673849999993,6.0,28920.000000000004,g ,buy,215.6246,0.9999866087724938,4.513177632216656e-06,0.0002555885995440042,-0.9653481969707883,3.0314575298039856,NVDA,2026-06-03,167.5,call,28920.0,buy
2026-06-03 12:29:50.441000-04:00,.NVDA260603C165,50.0,51.35,50.68,50.75672599999996,6.0,30408.0,g ,buy,215.6129,0.9999911188425215,2.9446333452910294e-06,0.0001728922744436954,-0.6770229792410746,3.142945127641526,NVDA,2026-06-03,165.0,call,30408.0,buy
2026-06-03 12:29:50.441000-04:00,.NVDA260603C165,50.0,51.35,50.68,50.75672599999996,13.0,65884.0,g ,buy,215.6129,0.9999911188425215,2.9446333452910294e-06,0.0001728922744436954,-0.6770229792410746,3.142945127641526,NVDA,2026-06-03,165.0,call,65884.0,buy
2026-06-03 12:30:22.056000-04:00,.SOXL260918C380,60.4,62.5,62.5,61.05262383270338,4.0,25000.0,I ,buy,275.87,0.512828014227365,0.0017311505092024082,59.33330810912524,-156.43049684395348,1.547880924089121,SOXL,2026-09-18,380.0,call,25000.0,buy
2026-06-03 12:30:21.982000-04:00,.SLS270115C2,6.4,6.9,6.6,7.64,109.0,71940.0,a ,sell,8.1951,0.9591096060646187,0.005804754312258488,0.6330868355726522,-1.0471939345358798,2.0942539748051012,SLS,2027-01-15,2.0,call,71940.0,sell
2026-06-03 12:30:21.822000-04:00,.META260605C630,2.6,2.68,2.6,2.4650000000000003,100.0,26000.0,I ,sell,613.8785,0.21274932201120622,0.01401022446003629,13.649901175643151,-511.75082783361665,0.4409958636624018,META,2026-06-05,630.0,call,26000.0,sell
2026-06-03 12:30:21.526000-04:00,.SMCI260605C40,6.4,6.4,6.4,6.522477423769499,50.0,32000.0,I ,buy,46.3755,0.9034110235511685,0.0315886828024882,0.6069988185112177,-78.79253681524918,1.5266787583201826,SMCI,2026-06-05,40.0,call,32000.0,buy
2026-06-03 12:30:21.510000-04:00,.TSLA260717C470,12.7,12.75,12.73,12.32,200.0,254600.0,I ,buy,423.7873,0.294453183010111,0.004762068141428657,50.616260444587354,-103.15389687282823,0.4930561840252475,TSLA,2026-07-17,470.0,call,254600.0,buy
2026-06-03 12:30:53.813000-04:00,.SNDK260612C1100,689.3,705.5,696.21,693.9981192633808,1.0,69621.0,a ,sell,1792.0746,0.9790901313689275,0.00011002271680150208,14.248066851931307,-458.430782209556,1.6125882313365503,SNDK,2026-06-12,1100.0,call,69621.0,sell
2026-06-03 12:30:53.796000-04:00,.AVGO260618C480,30.7,32.0,31.16,30.725000000000005,10.0,31160.000000000004,a ,sell,484.641,0.5514532053511143,0.005468837815671027,39.000925353880014,-344.831542769457,0.7338134040276036,AVGO,2026-06-18,480.0,call,31160.0,sell
2026-06-03 12:30:53.765000-04:00,.IBM260821C260,57.2,58.7,58.25,58.32783624226568,5.0,29125.0,f ,buy,305.54,0.7724785815467285,0.0037151620766180836,43.0118545017612,-56.53425383607238,0.5700220981293633,IBM,2026-08-21,260.0,call,29125.0,buy
2026-06-03 12:30:53.762000-04:00,.IBM260821C260,57.8,58.7,58.0,58.32783624226568,5.0,29000.0,f ,sell,305.54,0.7724785815467285,0.0037151620766180836,43.0118545017612,-56.53425383607238,0.5700220981293633,IBM,2026-08-21,260.0,call,29000.0,sell
2026-06-03 12:30:53.749000-04:00,.COIN261218C155,42.05,43.3,42.05,58.1,15.0,63075.0,I ,sell,164.8266,0.7015864867472466,0.002659603390033254,48.14521497593135,-35.53836826198053,0.939574047717481,COIN,2026-12-18,155.0,call,63075.0,sell
2026-06-03 12:30:53.289000-04:00,.SPY260603P754,0.95,0.96,0.96,0.92,323.0,31008.0,a ,buy,754.4222,-0.43266188422936236,0.1370318787999562,5.926995387026774,-1413.9420735929982,0.190402056802621,SPY,2026-06-03,754.0,put,31008.0,buy
2026-06-03 12:30:52.829000-04:00,.ARM261218C300,153.0,154.9,153.0,153.15417268067625,2.0,30600.0,I ,sell,395.6401,0.7705645796213927,0.0010487408749373876,88.18797039422276,-80.73515218764113,0.9941868058703173,ARM,2026-12-18,300.0,call,30600.0,sell
2026-06-03 12:30:52.803000-04:00,.VRT270617C310,104.3,106.7,104.4,104.95205757184277,4.0,41760.0,I ,sell,333.27,0.6798614565432692,0.001446815095540216,121.35947627510315,-42.56198624669424,0.7286050777031682,VRT,2027-06-17,310.0,call,41760.0,sell
2026-06-03 12:30:52.529000-04:00,.VRT270617C310,104.25,106.95,104.3,104.95205757184277,5.0,52150.0,I ,sell,333.27,0.6798614565432692,0.001446815095540216,121.35947627510315,-42.56198624669424,0.7286050777031682,VRT,2027-06-17,310.0,call,52150.0,sell
2026-06-03 12:30:52.510000-04:00,.SNDK260618C1900,110.0,113.7,110.94,109.47139976755693,10.0,110940.00000000001,a ,sell,1792.0746,0.4331438809619627,0.0010189046113952215,143.43490755052326,-1829.4335723792672,1.0585694131507846,SNDK,2026-06-18,1900.0,call,110940.0,sell
2026-06-03 12:30:52.488000-04:00,.SPXW260629C7530,133.6,134.1,133.85,133.93461389227576,2.0,26770.0,f ,undefined,7559.66,0.5709786580776243,0.0014155842425229476,795.9250671281352,-760.0422847050728,0.13680997991522956,SPXW,2026-06-29,7530.0,call,26770.0,mid
2026-06-03 12:30:52.488000-04:00,.SPXW260626C7525,132.0,132.5,132.25,132.4974573813857,2.0,26450.0,f ,buy,7559.66,0.5792814014624463,0.0014612912532433935,745.798804383264,-825.0452065377949,0.140307293383358,SPXW,2026-06-26,7525.0,call,26450.0,buy
2026-06-03 12:30:52.425000-04:00,.MTZ260821C380,41.1,43.0,42.79,42.80000164513572,167.0,714593.0,n ,buy,373.715,0.5391078567193868,0.0034653917947031795,69.07606284584244,-104.88480181190691,0.6584963431179708,MTZ,2026-08-21,380.0,call,714593.0,buy
2026-06-03 12:30:52.411000-04:00,.MTZ260821C380,41.1,43.0,42.79,42.80000164513572,84.0,359436.0,n ,buy,373.715,0.5391078567193868,0.0034653917947031795,69.07606284584244,-104.88480181190691,0.6584963431179708,MTZ,2026-08-21,380.0,call,359436.0,buy
2026-06-03 12:31:24.344000-04:00,.QQQ260603P749,6.17,6.42,6.09,6.728695690047772,59.0,35931.0,I ,sell,742.8286,-0.8668192812751728,0.03794339813342078,3.185443354353456,-1533.4061181345855,0.3828169170774501,QQQ,2026-06-03,749.0,put,35931.0,sell
2026-06-03 12:31:24.076000-04:00,.SPX270617P6100,154.1,154.9,154.6,154.8214357142857,4.0,61840.0,I ,buy,7560.75,-0.13480883196513238,0.00010735537191325645,1732.9177007356163,-211.13719168211622,0.2528992630805138,SPX,2027-06-17,6100.0,put,61840.0,buy
2026-06-03 12:31:23.754000-04:00,.NDXP260604P30600,186.3,200.2,193.84,208.02856105323008,6.0,116304.0,a ,buy,30513.785,-0.6050938134833181,0.0010197681008742563,657.6978578353048,-23166.034030680603,0.22102181846703142,NDXP,2026-06-04,30600.0,put,116304.0,buy
2026-06-03 12:31:23.673000-04:00,.SPXW260717C7700,88.6,89.0,88.9,88.6261879717363,5.0,44450.0,I ,buy,7560.75,0.3839763370014077,0.0011291887327850977,1008.4453069384596,-534.1009999045568,0.12811292485260503,SPXW,2026-07-17,7700.0,call,44450.0,buy
2026-06-03 12:31:23.645000-04:00,.SPY261130C590,178.57,180.21,178.57,178.5655297391542,3.0,53571.0,I ,sell,754.5141,0.867031189593664,0.001144244355146307,113.90337088694302,-40.86629101472399,0.35423368350233586,SPY,2026-11-30,590.0,call,53571.0,sell
2026-06-03 12:32:00.114000-04:00,.COHR260612C400,32.1,33.8,33.8,34.414347024038484,15.0,50699.99999999999,S ,buy,414.2777,0.6120056420935931,0.005551558759312647,25.084818771950275,-527.6072976229876,1.0539739953234855,COHR,2026-06-12,400.0,call,50700.0,buy
2026-06-03 12:31:59.802000-04:00,.GOOG261120C400,21.1,21.55,21.1,21.05954770443235,30.0,63300.0,I ,sell,355.557,0.37514732138207346,0.0040679109130364495,92.07066625888383,-37.91385086963171,0.3840081968789928,GOOG,2026-11-20,400.0,call,63300.0,sell
2026-06-03 12:31:59.348000-04:00,.ORCL260618P210,7.9,8.0,8.0,7.974999999999999,199.0,159200.0,I ,buy,229.215,-0.2815423996722547,0.00814521540606632,15.768612663156455,-168.53166261675398,0.8869514517329822,ORCL,2026-06-18,210.0,put,159200.0,buy
2026-06-03 12:31:59.107000-04:00,.MU260618C1160,52.0,52.0,52.0,48.4,8.0,41600.0,I ,buy,1065.453,0.36709115898996103,0.0017591962913936787,81.53850763245578,-968.681220166622,0.9887040180230736,MU,2026-06-18,1160.0,call,41600.0,buy
2026-06-03 12:32:31.968000-04:00,.SPXW260603P7595,35.2,35.7,35.41,35.162969999661755,15.0,53115.0,f ,sell,7559.76,-0.915205023722317,0.006259742436715631,23.4420711351102,-4836.692529011476,0.16441568855832878,SPXW,2026-06-03,7595.0,put,53115.0,sell
2026-06-03 12:32:31.968000-04:00,.SPXW260603P7610,49.8,50.5,50.21,50.1758598092844,15.0,75315.0,f ,buy,7559.76,-0.9322437771185312,0.00399131143067725,19.761172895205362,-5390.422483258792,0.21737061908520036,SPXW,2026-06-03,7610.0,put,75315.0,buy
2026-06-03 12:32:31.753000-04:00,.DELL261218C430,88.55,89.3,89.3,90.43145207643107,3.0,26789.999999999996,I ,buy,414.3523,0.5924327193207977,0.0015897229086080003,118.70356318496795,-87.28620833873381,0.798534822223708,DELL,2026-12-18,430.0,call,26790.0,buy
2026-06-03 12:32:31.744000-04:00,.TSLA260626C400,32.15,32.45,32.45,33.852118477988455,100.0,324500.00000000006,I ,buy,422.1997,0.7048023610614269,0.0067616432133877314,36.825867525685226,-138.9114093719542,0.47839638281846447,TSLA,2026-06-26,400.0,call,324500.0,buy
2026-06-03 12:32:31.263000-04:00,.CRCL260612C95,3.85,4.3,4.13,4.076075352721496,200.0,82600.0,g ,buy,92.4005,0.448656495737127,0.030181096918781337,5.782870160269454,-103.49113438888213,0.8968261243506379,CRCL,2026-06-12,95.0,call,82600.0,buy
2026-06-03 12:32:31.263000-04:00,.CRCL260612C100,2.55,2.65,2.57,2.6048900855994805,200.0,51400.0,g ,sell,92.4005,0.31938741931146974,0.026358318610030164,5.2229056071865925,-96.66248040254202,0.927458109400372,CRCL,2026-06-12,100.0,call,51400.0,sell
2026-06-03 12:33:02.807000-04:00,.QQQ260605P730,1.45,1.47,1.45,1.525,200.0,29000.0,a ,sell,742.9853,-0.18851686377984356,0.018503876272846106,15.370727158441431,-335.5145495488605,0.25642522636365106,QQQ,2026-06-05,730.0,put,29000.0,sell
2026-06-03 12:33:02.665000-04:00,.LMND260605P53,1.65,2.0,1.77,1.9,1002.0,177354.0,i ,sell,52.3471,-0.5681533528188345,0.10647888060679912,1.5737021687545107,-123.52196603107011,0.9222199222161279,LMND,2026-06-05,53.0,put,177354.0,sell
2026-06-03 12:33:02.080000-04:00,.NVDA260605C210,6.6,6.75,6.68,6.6499999999999995,50.0,33400.0,a ,buy,215.7598,0.7918574388812438,0.038999649973286026,4.741184531682314,-179.39916391122028,0.4445288630607711,NVDA,2026-06-05,210.0,call,33400.0,buy
2026-06-03 12:33:01.998000-04:00,.IBM270115C340,35.25,36.15,35.85,36.058109048324546,13.0,46605.0,I ,buy,305.3834,0.4741743058154902,0.003230534277730763,95.68244478200471,-39.5841369755266,0.5127326590374315,IBM,2027-01-15,340.0,call,46605.0,buy
2026-06-03 12:33:01.709000-04:00,.PLTR270115C110,44.6,45.0,45.0,45.00000000000001,8.0,36000.0,I ,buy,142.9981,0.7796732713424077,0.004092774465901071,33.35607420599161,-17.313194472292857,0.6432866206515575,PLTR,2027-01-15,110.0,call,36000.0,buy
2026-06-03 12:33:01.416000-04:00,.TSLA260605P455,32.8,33.3,33.15,32.375,10.0,33150.0,I ,buy,422.0035,-0.9808484471899157,0.003135067348960059,1.5120627822058992,-59.127060681983465,0.4594346998134514,TSLA,2026-06-05,455.0,put,33150.0,buy
2026-06-03 12:33:32.896000-04:00,.SPX261218C8350,102.9,103.2,103.1,103.1,10.0,103100.0,I ,buy,7559.73,0.23239166474739636,0.0003818392234203267,1730.839353255709,-225.31780015173203,0.14112928472636158,SPX,2026-12-18,8350.0,call,103100.0,buy
2026-06-03 12:33:32.482000-04:00,.SPXW260603C7225,334.8,335.9,335.38,336.120877773523,6.0,201228.0,g ,buy,7559.73,0.9808546691405886,0.0002806331037774189,7.010435131378902,-9817.029774003699,1.1064114943966277,SPXW,2026-06-03,7225.0,call,201228.0,buy
2026-06-03 12:33:32.482000-04:00,.SPXW260603C7220,339.8,340.9,340.33,341.1203877735228,6.0,204198.0,g ,sell,7559.73,0.9810811342391565,0.0002742565506384125,6.939853897839329,-9844.024888926302,1.1207375457087883,SPXW,2026-06-03,7220.0,call,204198.0,sell
2026-06-03 12:33:32.141000-04:00,.TSLA260605P460,37.85,38.3,38.1,38.15,7.0,26670.0,a ,buy,422.0327,-0.9830859751451426,0.002468537586410375,1.3573974201612653,-60.77179807156574,0.5258755946472686,TSLA,2026-06-05,460.0,put,26670.0,buy
2026-06-03 12:33:31.474000-04:00,.WFC270115P75,5.75,6.05,5.9,5.8999999999999995,200.0,118000.0,p ,sell,78.325,-0.38227123957847975,0.019960667817879793,23.517342696581363,-5.88139623982922,0.30995240120875234,WFC,2027-01-15,75.0,put,118000.0,sell
2026-06-03 12:33:31.333000-04:00,.LITE260918P560,31.6,36.6,36.6,32.63507298809456,18.0,65880.0,I ,buy,943.9942,-0.10653789207230124,0.0003676085955405453,93.77648330653827,-156.4575984848399,0.9795092808719111,LITE,2026-09-18,560.0,put,65880.0,buy
2026-06-03 12:33:31.322000-04:00,.LITE260918P560,31.6,36.6,36.6,32.63507298809456,10.0,36600.0,I ,buy,943.9942,-0.10653789207230124,0.0003676085955405453,93.77648330653827,-156.4575984848399,0.9795092808719111,LITE,2026-09-18,560.0,put,36600.0,buy
2026-06-03 12:33:31.322000-04:00,.LITE260918P560,31.6,36.6,36.6,32.63507298809456,7.0,25620.0,I ,buy,943.9942,-0.10653789207230124,0.0003676085955405453,93.77648330653827,-156.4575984848399,0.9795092808719111,LITE,2026-09-18,560.0,put,25620.0,buy
2026-06-03 12:33:31.322000-04:00,.LITE260918P560,31.6,36.6,36.6,32.63507298809456,28.0,102480.0,I ,buy,943.9942,-0.10653789207230124,0.0003676085955405453,93.77648330653827,-156.4575984848399,0.9795092808719111,LITE,2026-09-18,560.0,put,102480.0,buy
2026-06-03 12:33:31.322000-04:00,.LITE260918P560,31.6,36.6,36.6,32.63507298809456,18.0,65880.0,I ,buy,943.9942,-0.10653789207230124,0.0003676085955405453,93.77648330653827,-156.4575984848399,0.9795092808719111,LITE,2026-09-18,560.0,put,65880.0,buy
2026-06-03 12:33:31.322000-04:00,.LITE260918P560,31.6,36.6,36.6,32.63507298809456,46.0,168360.0,I ,buy,943.9942,-0.10653789207230124,0.0003676085955405453,93.77648330653827,-156.4575984848399,0.9795092808719111,LITE,2026-09-18,560.0,put,168360.0,buy
2026-06-03 12:33:31.322000-04:00,.LITE260918P560,31.6,36.6,36.6,32.63507298809456,9.0,32940.0,I ,buy,943.9942,-0.10653789207230124,0.0003676085955405453,93.77648330653827,-156.4575984848399,0.9795092808719111,LITE,2026-09-18,560.0,put,32940.0,buy
2026-06-03 12:33:31.322000-04:00,.LITE260918P560,31.6,36.6,36.6,32.63507298809456,26.0,95160.0,I ,buy,943.9942,-0.10653789207230124,0.0003676085955405453,93.77648330653827,-156.4575984848399,0.9795092808719111,LITE,2026-09-18,560.0,put,95160.0,buy
2026-06-03 12:34:03.542000-04:00,.SPXW260603P7580,19.0,21.2,20.26,20.75,15.0,30390.000000000004,f ,buy,7559.97,-0.8652973744466617,0.012275873186325064,32.4955809118704,-4869.937539280688,0.11781561404291484,SPXW,2026-06-03,7580.0,put,30390.0,buy
2026-06-03 12:34:03.510000-04:00,.SPY260603P760,5.58,5.66,5.58,5.741382142923368,50.0,27900.0,I ,sell,754.4501,-0.926796416592611,0.0361318292342507,2.0847854188806574,-675.5784915144063,0.25633949204186046,SPY,2026-06-03,760.0,put,27900.0,sell
2026-06-03 12:34:03.490000-04:00,.USB260717P55,3.15,3.3,3.15,3.225,100.0,31500.0,I ,sell,53.5569,-0.5753400277924867,0.06571867205698848,7.291860688986321,-9.657046336793924,0.32034447349809936,USB,2026-07-17,55.0,put,31500.0,sell
2026-06-03 12:34:03.457000-04:00,.SPY270115P745,32.05,32.11,32.05,32.095,8.0,25639.999999999996,I ,sell,754.4501,-0.43508127623180815,0.004261897324483454,233.76931100990856,-29.336709724094828,0.15553452140767984,SPY,2027-01-15,745.0,put,25640.0,sell
2026-06-03 12:34:03.457000-04:00,.NVDA260605P222.5,8.05,8.15,8.05,7.7749999999999995,35.0,28175.0,I ,sell,215.4553,-0.7790233404782039,0.03532280654893912,4.90901664486233,-212.3445958393572,0.5081747906772832,NVDA,2026-06-05,222.5,put,28175.0,sell
2026-06-03 12:34:03.446000-04:00,.SPY270115P750,33.7,33.75,33.7,33.74999999999999,8.0,26960.000000000004,I ,sell,754.4501,-0.4567835640010679,0.004391886041062798,235.52158435657634,-28.896800414516512,0.15206243285800636,SPY,2027-01-15,750.0,put,26960.0,sell
2026-06-03 12:34:03.445000-04:00,.SPY270115P765,39.25,39.31,39.25,39.29999999999999,7.0,27475.0,I ,sell,754.4501,-0.5278396949327686,0.004738108487274468,236.33592672550427,-26.970803477528804,0.14143830032302118,SPY,2027-01-15,765.0,put,27475.0,sell
2026-06-03 12:34:03.445000-04:00,.SPY270115P755,35.44,35.49,35.44,35.50999999999999,8.0,28352.0,I ,sell,754.4501,-0.47945827791500584,0.004514581217141803,236.59888818628107,-28.369215171115187,0.14860639953660243,SPY,2027-01-15,755.0,put,28352.0,sell
2026-06-03 12:34:03.377000-04:00,.LITE270115P550,70.2,74.0,72.4,73.5,6.0,43440.0,a ,buy,942.97,-0.1379048831842189,0.000308382434354672,163.46988795394682,-126.98483573466127,0.9627534491366128,LITE,2027-01-15,550.0,put,43440.0,buy
2026-06-03 12:34:03.332000-04:00,.NVDA280121P150,14.95,15.05,15.0,14.949998333333333,28.0,42000.0,I ,buy,215.4553,-0.17516543320395317,0.002161446785328694,71.1876613205426,-9.40615400174991,0.43236833525598795,NVDA,2028-01-21,150.0,put,42000.0,buy
2026-06-03 12:34:03.301000-04:00,.NVDA280121P150,14.95,15.0,15.0,14.949998333333333,52.0,78000.0,I ,buy,215.4553,-0.17516543320395317,0.002161446785328694,71.1876613205426,-9.40615400174991,0.43236833525598795,NVDA,2028-01-21,150.0,put,78000.0,buy
2026-06-03 12:34:03.301000-04:00,.NVDA280121P150,14.95,15.0,15.0,14.949998333333333,63.0,94500.0,I ,buy,215.4553,-0.17516543320395317,0.002161446785328694,71.1876613205426,-9.40615400174991,0.43236833525598795,NVDA,2028-01-21,150.0,put,94500.0,buy
2026-06-03 12:34:03.137000-04:00,.NVDA260605C220,1.3,1.31,1.3,1.35,202.0,26260.000000000004,I ,sell,215.4553,0.28855533958758883,0.04485962789205268,5.641675947191867,-221.3447644463912,0.46080966934555256,NVDA,2026-06-05,220.0,call,26260.0,sell
2026-06-03 12:34:03.014000-04:00,.TSLA260605P460,37.95,38.5,38.4,38.15,7.0,26880.0,a ,buy,421.8419,-0.9830859751451426,0.002468537586410375,1.3573974201612653,-60.77179807156574,0.5258755946472686,TSLA,2026-06-05,460.0,put,26880.0,buy
2026-06-03 12:34:34.900000-04:00,.MSFT281215P730,301.4,308.5,305.5,305.75,1.0,30550.0,f ,buy,425.3313,-0.9658693476334559,0.0006464252327828167,51.324976889319096,-1.746316409796076,0.17267500534736768,MSFT,2028-12-15,730.0,put,30550.0,buy
2026-06-03 12:34:34.278000-04:00,.LITE270115P550,70.8,74.4,72.6,73.5,8.0,58079.99999999999,a ,buy,942.5374,-0.1379048831842189,0.000308382434354672,163.46988795394682,-126.98483573466127,0.9627534491366128,LITE,2027-01-15,550.0,put,58080.0,buy
2026-06-03 12:34:34.273000-04:00,.TSLA260821C415,43.0,43.3,43.16,45.75,8.0,34528.0,a ,buy,421.9399,0.5923968632694538,0.0038350624991966694,77.14424865418817,-90.4896426054964,0.5093564413315792,TSLA,2026-08-21,415.0,call,34528.0,buy
2026-06-03 12:35:11.104000-04:00,.AMD260605C255,275.2,281.25,278.22,278.6499853342299,1.0,27822.000000000004,g ,sell,532.9559,0.9922968503127264,0.0001218259915101765,0.8661228390183245,-314.28897971444326,4.260421096159131,AMD,2026-06-05,255.0,call,27822.0,sell
2026-06-03 12:35:11.104000-04:00,.AMD260605C260,270.2,276.25,273.24,273.22,1.0,27324.0,g ,buy,532.9559,0.9998072861330604,6.58591927271889e-06,0.02990427694640373,-6.9305360981477975,2.720748145443023,AMD,2026-06-05,260.0,call,27324.0,buy
2026-06-03 12:35:10.571000-04:00,.RDW260821C15,5.7,6.2,5.93,6.0,80.0,47440.0,a ,sell,18.585,0.7603882865134544,0.02989571091019152,2.7522826257603117,-7.431646282712293,1.1724581828029352,RDW,2026-08-21,15.0,call,47440.0,sell
2026-06-03 12:35:10.379000-04:00,.AMZN260717P250,10.9,11.1,11.02,10.95,30.0,33060.0,f ,buy,249.0802,-0.48949900518326983,0.015038729230769383,34.57332222612609,-43.72328920758684,0.3058911458011729,AMZN,2026-07-17,250.0,put,33060.0,buy
2026-06-03 12:35:10.379000-04:00,.AMZN261016P235,13.05,13.5,13.24,13.275,30.0,39720.0,f ,sell,249.0802,-0.34753247866293924,0.007291295060003567,56.03938216107043,-25.27854927357034,0.3340333276165757,AMZN,2026-10-16,235.0,put,39720.0,sell
2026-06-03 12:35:42.322000-04:00,.NVDA280121P150,15.0,15.05,15.0,14.949998333333333,23.0,34500.0,I ,sell,215.3365,-0.17516543320395317,0.002161446785328694,71.1876613205426,-9.40615400174991,0.43236833525598795,NVDA,2028-01-21,150.0,put,34500.0,sell
2026-06-03 12:35:41.883000-04:00,.NVDA280121P150,14.95,15.05,15.0,14.949998333333333,28.0,42000.0,I ,buy,215.3365,-0.17516543320395317,0.002161446785328694,71.1876613205426,-9.40615400174991,0.43236833525598795,NVDA,2028-01-21,150.0,put,42000.0,buy
2026-06-03 12:35:41.643000-04:00,.NOK270115C20,3.8,3.85,3.8,3.8,83.0,31539.999999999996,I ,sell,16.9751,0.5519352782120455,0.03245009606048211,5.284866950707758,-3.890481976594667,0.9123637227663176,NOK,2027-01-15,20.0,call,31540.0,sell
2026-06-03 12:35:41.499000-04:00,.RUT261218P2600,83.7,84.3,83.7,83.40000000000002,3.0,25110.000000000004,I ,sell,2891.4746,-0.23266002988317314,0.0005480272500213198,660.6100546617447,-156.92892072551402,0.25796721669481554,RUT,2026-12-18,2600.0,put,25110.0,sell
2026-06-03 12:35:41.371000-04:00,.NVDA271217P290,90.85,92.1,91.51,91.42499833333333,50.0,457550.0,f ,buy,215.3365,-0.6657748230808176,0.0037327411025402184,97.46961134462454,-11.521711403048664,0.36413688601719224,NVDA,2027-12-17,290.0,put,457550.0,buy
2026-06-03 12:35:41.371000-04:00,.NVDA271217P260,69.35,70.05,69.67,69.57499999999999,50.0,348350.0,f ,sell,215.3365,-0.5648273298922879,0.003890998936355569,105.41767972952373,-12.929215882772572,0.3778119144987501,NVDA,2027-12-17,260.0,put,348350.0,sell
2026-06-03 12:35:41.371000-04:00,.NVDA271217C320,24.55,25.0,24.74,24.874999999999996,50.0,123700.0,f ,sell,215.3365,0.3696888583464201,0.0028426081434806947,101.08012840507483,-16.271251843539048,0.4958748677122408,NVDA,2027-12-17,320.0,call,123700.0,sell
2026-06-03 12:35:41.371000-04:00,.NVDA271217C290,30.45,30.9,30.69,30.79999875027942,50.0,153450.0,f ,buy,215.3365,0.4323138570662479,0.002952617607102607,105.28994576567148,-16.99702807593267,0.49728230440447885,NVDA,2027-12-17,290.0,call,153450.0,buy
2026-06-03 12:36:14.874000-04:00,.SMH270617C700,101.45,104.85,103.15,103.4847393926342,3.0,30945.000000000004,f ,sell,634.3971,0.5245928129898307,0.0012377808979119323,257.82598398787,-61.65724218367504,0.49681787209056305,SMH,2027-06-17,700.0,call,30945.0,sell
2026-06-03 12:36:14.874000-04:00,.SMH270917C755,97.95,101.35,99.65,99.72253980264371,3.0,29895.000000000004,f ,undefined,634.3971,0.4875068504143081,0.001126717595101995,287.81589952885287,-54.66249404846024,0.49030264257831574,SMH,2027-09-17,755.0,call,29895.0,mid
2026-06-03 12:36:14.746000-04:00,.SPY260612P762,9.69,9.85,9.74,9.542857428571429,67.0,65258.00000000001,I ,sell,754.2113,-0.7287221426160541,0.027261799461762288,39.57538388165682,-80.42413800976946,0.1018108030685411,SPY,2026-06-12,762.0,put,65258.0,sell
2026-06-03 12:36:14.468000-04:00,.OIH280121P390,46.8,50.5,48.8,48.295002499999995,10.0,48800.0,a ,buy,433.79,-0.31981609795575205,0.0019644922779979467,198.7698372333023,-19.8845891241769,0.3273495580744618,OIH,2028-01-21,390.0,put,48800.0,buy
2026-06-03 12:36:14.465000-04:00,.CAT260821P920,70.85,72.55,71.53,71.3,9.0,64377.0,a ,sell,925.6076,-0.4462297677824031,0.0021079584112713,170.5198672847865,-170.95117533718755,0.4347558965028151,CAT,2026-08-21,920.0,put,64377.0,sell
2026-06-03 12:36:14.459000-04:00,.INTC260605C52,59.6,60.4,60.01,60.07355200000001,50.0,300050.0,g ,buy,111.7864,0.9999887883767711,2.4061766431385996e-06,0.00042883078282042247,-0.08827445216438796,2.4169397535796593,INTC,2026-06-05,52.0,call,300050.0,buy
2026-06-03 12:36:14.459000-04:00,.INTC260605C53,58.65,59.4,59.02,59.073561,50.0,295100.0,g ,sell,111.7864,0.9999867281926351,2.871385178736798e-06,0.0005034826085351178,-0.10196899171635807,2.3779372943494286,INTC,2026-06-05,53.0,call,295100.0,sell
2026-06-03 12:36:14.084000-04:00,.GOOGL260618C235,123.35,126.85,125.19,143.19,2.0,25038.0,f ,buy,359.9405,0.8640071134541535,0.0011767078804259487,17.045349192991388,-434.16694275953887,2.3739986443218704,GOOGL,2026-06-18,235.0,call,25038.0,buy
2026-06-03 12:36:14.050000-04:00,.HPE260605P54,1.05,1.08,1.05,0.915,450.0,47250.0,I ,sell,55.2388,-0.3401140659380508,0.09421113149279052,1.5569260687419528,-121.39185404023095,0.9155386660159424,HPE,2026-06-05,54.0,put,47250.0,sell
2026-06-03 12:36:13.511000-04:00,.PL260605C45,3.0,3.4,3.2,3.2,100.0,32000.0,I ,sell,43.27,0.4812445194711914,0.041039405017805605,1.3258862567417544,-329.6530821956789,2.91844968884599,PL,2026-06-05,45.0,call,32000.0,sell
2026-06-03 12:36:13.465000-04:00,.MSFT260605P427.5,6.25,6.55,6.36,6.1,55.0,34980.0,f ,sell,424.7943,-0.5705191937944132,0.032419813834760024,12.79065841071835,-405.2378701102109,0.3718805514899094,MSFT,2026-06-05,427.5,put,34980.0,sell
2026-06-03 12:36:45.447000-04:00,.SPX270617C8800,153.8,154.8,154.5,154.94999999999996,2.0,30900.0,I ,buy,7556.0,0.24183956333406859,0.00026771836775661863,2494.064294992872,-175.3635625873132,0.14594468961697943,SPX,2027-06-17,8800.0,call,30900.0,buy
2026-06-03 12:36:44.224000-04:00,.TSLA260608C425,7.3,7.35,7.35,7.5249999999999995,69.0,50715.0,I ,buy,422.1101,0.4654117399621497,0.018282690561032922,19.932379288181416,-306.6589253825299,0.43345911169635293,TSLA,2026-06-08,425.0,call,50715.0,buy
2026-06-03 12:36:44.194000-04:00,.AMD260821P530,71.2,71.8,71.2,71.38,41.0,291920.0,I ,sell,531.7081,-0.431170620445698,0.002175899036349651,97.11286074394812,-163.60591115852222,0.7308820171807004,AMD,2026-08-21,530.0,put,291920.0,sell
2026-06-03 12:36:44.144000-04:00,.APP281215P640,263.2,271.7,263.2,262.7733386584789,1.0,26320.0,I ,sell,567.4676,-0.35840582127695675,0.0006770836229975645,337.9409536740655,-40.60731977334932,0.6098144036479952,APP,2028-12-15,640.0,put,26320.0,sell
2026-06-03 12:36:44.099000-04:00,.TSLA260608C425,7.3,7.35,7.35,7.5249999999999995,181.0,133035.0,I ,buy,422.1101,0.4654117399621497,0.018282690561032922,19.932379288181416,-306.6589253825299,0.43345911169635293,TSLA,2026-06-08,425.0,call,133035.0,buy
2026-06-03 12:37:21.844000-04:00,.QQQ260604C742,3.95,3.96,3.96,4.0,125.0,49500.0,a ,buy,742.2992,0.5150648697599005,0.04132956912786266,16.54431156451952,-615.1394943632664,0.2324293501699499,QQQ,2026-06-04,742.0,call,49500.0,buy
2026-06-03 12:37:21.844000-04:00,.QQQ260604C742,3.95,3.96,3.96,4.0,100.0,39600.0,a ,buy,742.2992,0.5150648697599005,0.04132956912786266,16.54431156451952,-615.1394943632664,0.2324293501699499,QQQ,2026-06-04,742.0,call,39600.0,buy
2026-06-03 12:37:21.533000-04:00,.SPXW260710C7560,144.0,144.4,144.28,145.0070449187544,4.0,57712.0,f ,buy,7557.36,0.5394822588531941,0.0011991626832723791,960.6113281714576,-645.7666104789737,0.1368127784597267,SPXW,2026-07-10,7560.0,call,57712.0,buy
2026-06-03 12:37:20.950000-04:00,.MRVL260821C300,58.0,59.8,59.8,59.31689854840561,6.0,35879.99999999999,I ,buy,306.1163,0.6101662486944852,0.0026803924045643393,54.762599168419285,-126.6164503618791,1.0026496653722952,MRVL,2026-08-21,300.0,call,35880.0,buy
2026-06-03 12:37:20.757000-04:00,.NBIS270115C360,55.7,59.0,56.89,57.50938266009596,10.0,56890.0,a ,sell,249.7239,0.5127515554207981,0.0018002064732220342,78.62700863201448,-71.26085790491493,1.1232649490185365,NBIS,2027-01-15,360.0,call,56890.0,sell
2026-06-03 12:37:53.805000-04:00,.MSFT261218C400,58.5,60.2,58.5,59.4421804763827,5.0,29250.0,I ,sell,424.4431,0.6394897002794925,0.003150905490137123,117.23278278324358,-40.94494208550578,0.3792763690256365,MSFT,2026-12-18,400.0,call,29250.0,sell
2026-06-03 12:37:53.633000-04:00,.PLTR280121C5,136.7,140.4,138.55,138.51,4.0,55420.00000000001,n ,buy,142.7572,0.996096633020845,3.9647254595590285e-05,2.1158096352059874,-1.0354709172467818,1.601422562864104,PLTR,2028-01-21,5.0,call,55420.0,buy
2026-06-03 12:37:53.590000-04:00,.MRVL280317C300,143.0,144.55,143.0,143.76362833573515,10.0,143000.0,I ,sell,305.4982,0.7373188194000431,0.0008611458308218627,133.7186275222818,-34.500433322879026,0.9233731857108362,MRVL,2028-03-17,300.0,call,143000.0,sell
2026-06-03 12:37:53.474000-04:00,.SPXW260930C7840,163.4,164.0,163.67,163.7,2.0,32733.999999999996,f ,sell,7556.07,0.3906344269614247,0.0006169143755180073,1675.3544286527626,-365.85782088720225,0.1425624528243748,SPXW,2026-09-30,7840.0,call,32734.0,sell
2026-06-03 12:37:53.474000-04:00,.SPXW260930C7925,129.4,129.9,129.67,130.30000000000004,2.0,25933.999999999996,f ,buy,7556.07,0.33724484147876,0.0006007157056372613,1594.4072234931477,-340.20684250662026,0.1392978640260324,SPXW,2026-09-30,7925.0,call,25934.0,buy
2026-06-03 12:37:53.220000-04:00,.SMH271217C250,407.85,411.45,409.25,409.7283094382695,5.0,204625.0,f ,sell,634.2292,0.932616328497804,0.00023209671418775028,102.72195288492935,-23.77632994774594,0.7130114358258881,SMH,2027-12-17,250.0,call,204625.0,sell
2026-06-03 12:37:53.220000-04:00,.SMH260618C360,273.9,276.6,275.25,276.043535848722,5.0,137625.0,f ,undefined,634.2292,0.9831518011874794,0.0002300936243091706,5.409544817821247,-91.69035817507323,1.4062680966894343,SMH,2026-06-18,360.0,call,137625.0,mid
2026-06-03 12:37:52.847000-04:00,.ORCL270319P185,24.3,25.7,24.9,24.7000025,14.0,34860.0,I ,sell,228.7111,-0.2521215416137932,0.00262280915903563,65.07917788888085,-24.519561133838142,0.5969229351692071,ORCL,2027-03-19,185.0,put,34860.0,sell
2026-06-03 12:37:52.629000-04:00,.CAT260821P920,70.95,72.75,71.42,71.71,4.0,28568.0,a ,sell,925.13,-0.45021751103452357,0.002126382149738518,170.40823621522907,-169.91879409283405,0.43240452938278523,CAT,2026-08-21,920.0,put,28568.0,sell
2026-06-03 12:37:52.251000-04:00,.MSFT260605C420,7.55,7.8,7.58,8.05,40.0,30320.0,a ,sell,424.4431,0.6582826124804962,0.028358065878967734,11.953320192370628,-404.9547995195484,0.39759261974298765,MSFT,2026-06-05,420.0,call,30320.0,sell
2026-06-03 12:37:52.251000-04:00,.MSFT260605C420,7.55,7.8,7.58,8.05,43.0,32594.0,a ,sell,424.4431,0.6582826124804962,0.028358065878967734,11.953320192370628,-404.9547995195484,0.39759261974298765,MSFT,2026-06-05,420.0,call,32594.0,sell
2026-06-03 12:37:52.081000-04:00,.SPX261120P6800,129.5,130.1,129.76,129.1441594725381,2.0,25952.0,f ,sell,7556.07,-0.18893234810441673,0.0002337764584587472,1416.4815838689233,-336.1190915544557,0.2208435970501733,SPX,2026-11-20,6800.0,put,25952.0,sell
2026-06-03 12:37:52.081000-04:00,.SPX261120P6825,132.7,133.4,133.11,132.47453170590336,2.0,26622.000000000004,f ,buy,7556.07,-0.194004878664646,0.0002395350474178721,1439.6639425672392,-338.86388093880515,0.21906183258017767,SPX,2026-11-20,6825.0,put,26622.0,buy
2026-06-03 12:38:24.370000-04:00,.SPXW260604C5900,1649.3,1667.1,1658.09,1659.122501000011,1.0,165809.0,f ,sell,7556.13,0.999830106516901,1.2323905324254039e-06,0.27492852935874784,-54.9629999084451,1.2494127825893044,SPXW,2026-06-04,5900.0,call,165809.0,sell
2026-06-03 12:38:23.890000-04:00,.TSLA260605P455,32.65,33.05,32.85,32.779998750000004,10.0,32850.0,a ,sell,422.4376,-0.9418554175998628,0.005950391852964328,3.762229018223703,-193.54069699464355,0.6033900885185743,TSLA,2026-06-05,455.0,put,32850.0,sell
2026-06-03 12:38:22.902000-04:00,.AMZN280121C230,63.8,64.7,63.8,64.48049207686121,25.0,159500.0,I ,sell,248.7229,0.6647665670290235,0.0025275073453873533,115.9845370911482,-16.05653288166723,0.4529974646604443,AMZN,2028-01-21,230.0,call,159500.0,sell
2026-06-03 12:38:22.901000-04:00,.AMZN280121C230,63.8,64.7,63.8,64.48049207686121,30.0,191400.0,I ,sell,248.7229,0.6647665670290235,0.0025275073453873533,115.9845370911482,-16.05653288166723,0.4529974646604443,AMZN,2028-01-21,230.0,call,191400.0,sell
2026-06-03 12:38:22.900000-04:00,.AMZN280121C230,63.8,64.7,63.8,64.48049207686121,13.0,82940.0,I ,sell,248.7229,0.6647665670290235,0.0025275073453873533,115.9845370911482,-16.05653288166723,0.4529974646604443,AMZN,2028-01-21,230.0,call,82940.0,sell
2026-06-03 12:38:22.816000-04:00,.SPX260821C7475,294.7,295.4,295.2,295.9316783352101,1.0,29520.0,I ,buy,7556.13,0.6137889204583081,0.0006890733815088946,1353.6288201996838,-491.95699804061667,0.15693872064238076,SPX,2026-08-21,7475.0,call,29520.0,buy
2026-06-03 12:38:54.554000-04:00,.AVGO260717C560,16.9,18.0,17.29,17.317184592503697,25.0,43225.0,a ,sell,483.6621,0.28960272910342993,0.0032119617835322804,57.55047910008138,-150.63300214022755,0.6330619164011807,AVGO,2026-07-17,560.0,call,43225.0,sell
2026-06-03 12:38:53.847000-04:00,.GOOGL261218P320,17.2,17.8,17.51,17.57291799019608,20.0,35020.00000000001,a ,buy,360.1083,-0.2756844847653911,0.003697604711703207,88.64038861470443,-27.795805983201856,0.34052557499934794,GOOGL,2026-12-18,320.0,put,35020.0,buy
2026-06-03 12:38:53.087000-04:00,.NDX260618P30500,493.2,495.0,493.2,462.3,1.0,49320.0,I ,sell,30495.9214,-0.46286027746466174,0.0003120634860865909,2476.995504623181,-6083.931944254579,0.20411603018106303,NDX,2026-06-18,30500.0,put,49320.0,sell
2026-06-03 12:39:25.249000-04:00,.SPXW260605P7550,28.5,28.6,28.5,27.51715759803922,11.0,31350.0,I ,sell,7555.4,-0.44596229505073437,0.004838904604743946,228.86412838992038,-2752.906476921101,0.14108409685312273,SPXW,2026-06-05,7550.0,put,31350.0,sell
2026-06-03 12:40:01.667000-04:00,.SPXW260604P7450,2.55,2.65,2.6,2.4000000000000004,100.0,26000.0,f ,buy,7554.92,-0.07203299757746195,0.0018386804483161586,57.956566180567556,-1641.1453906505994,0.17678045855980107,SPXW,2026-06-04,7450.0,put,26000.0,buy
2026-06-03 12:40:01.514000-04:00,.SLV260610C64.5,2.66,2.78,2.71,2.7550000000000003,100.0,27100.0,g ,sell,66.349,0.6883708647684431,0.08479437270953218,3.2831891929270105,-37.69249529221425,0.44911297672758943,SLV,2026-06-10,64.5,call,27100.0,sell
2026-06-03 12:40:01.358000-04:00,.MRVL260618C320,24.35,24.85,24.35,24.1498460308661,13.0,31655.0,I ,sell,306.8097,0.47692234672884876,0.005296832179702984,24.829261448166417,-360.99689174013974,1.206105282206175,MRVL,2026-06-18,320.0,call,31655.0,sell
2026-06-03 12:40:01.210000-04:00,.SPXW260604C7450,105.8,108.8,107.3,108.91181666821724,34.0,364820.0,f ,sell,7554.92,0.9598846497315283,0.0013870868920333776,36.473071614795295,-861.5669552916809,0.1474709708653043,SPXW,2026-06-04,7450.0,call,364820.0,sell
2026-06-03 12:40:01.210000-04:00,.SPXW260604C7445,110.7,113.4,112.05,113.5028350563574,34.0,380970.0,f ,buy,7554.92,0.9732775203681912,0.0010470709561884383,26.09411354701141,-584.1938826688886,0.13976689021870142,SPXW,2026-06-04,7445.0,call,380970.0,buy
2026-06-03 12:40:01.136000-04:00,.SPXW260603C7515,41.1,41.5,41.1,43.90379688954151,13.0,53430.00000000001,I ,sell,7554.92,0.9251470425638468,0.004726301281886272,20.872217417222544,-5536.294736604779,0.20251759275598807,SPXW,2026-06-03,7515.0,call,53430.0,sell
2026-06-03 12:40:01.101000-04:00,.SPXW260604C7445,111.4,113.5,112.53,113.5028350563574,29.0,326337.0,f ,buy,7554.92,0.9732775203681912,0.0010470709561884383,26.09411354701141,-584.1938826688886,0.13976689021870142,SPXW,2026-06-04,7445.0,call,326337.0,buy
2026-06-03 12:40:01.101000-04:00,.SPXW260604C7450,106.6,109.1,107.78,108.91181666821724,29.0,312562.0,f ,sell,7554.92,0.9598846497315283,0.0013870868920333776,36.473071614795295,-861.5669552916809,0.1474709708653043,SPXW,2026-06-04,7450.0,call,312562.0,sell
2026-06-03 12:40:01.065000-04:00,.SPY260612P755,6.15,6.16,6.15,6.055,50.0,30750.0,I ,sell,753.9346,-0.5243264598217527,0.028628441125296777,47.51172406728546,-110.5976372683997,0.11657483900488827,SPY,2026-06-12,755.0,put,30750.0,sell
2026-06-03 12:40:01.062000-04:00,.SPX260618C7200,376.9,379.4,377.99,379.57027672057694,19.0,718181.0,f ,sell,7554.92,0.9124136485915745,0.0005640477172426183,242.56224138593535,-553.4122453337872,0.18509740653303264,SPX,2026-06-18,7200.0,call,718181.0,sell
2026-06-03 12:40:01.062000-04:00,.SPX260717C7200,435.3,437.9,436.79,438.4175201096399,19.0,829901.0,f ,buy,7554.92,0.8119895467964151,0.0005772209110621113,708.8124005846837,-524.6434290039581,0.1776654505020263,SPX,2026-07-17,7200.0,call,829901.0,buy
2026-06-03 12:40:01.030000-04:00,.SPY260630C600,154.98,156.73,154.98,155.32026662397493,10.0,154980.0,I ,sell,753.9346,0.967352758298099,0.0007534805212753488,15.00329074259145,-47.52088477475378,0.47101744710927385,SPY,2026-06-30,600.0,call,154980.0,sell
2026-06-03 12:40:33.390000-04:00,.TECK260821C75,3.9,4.3,3.9,4.249999999999999,85.0,33150.0,I ,sell,66.9475,0.3875246467898241,0.021214141167099153,11.94102127118123,-15.943976500793239,0.5790087787360909,TECK,2026-08-21,75.0,call,33150.0,sell
2026-06-03 12:40:33.261000-04:00,.CHTR280121C250,16.2,16.5,16.5,16.853187164350484,91.0,150150.0,I ,buy,131.395,0.346927867485347,0.0034821244433302853,62.1321081283562,-11.963053063221352,0.6300410941910524,CHTR,2028-01-21,250.0,call,150150.0,buy
2026-06-03 12:40:33.232000-04:00,.SNDK260918P2090,580.1,594.0,585.4,587.0763140501313,1.0,58540.0,f ,sell,1792.7756,-0.5020532667377009,0.00040429019902025993,386.981171787503,-670.5463094649676,1.0172450352987208,SNDK,2026-09-18,2090.0,put,58540.0,sell
2026-06-03 12:40:33.232000-04:00,.SNDK260918P1430,199.8,208.3,205.7,204.66689066877595,2.0,41140.0,f ,buy,1792.7756,-0.24809876295465416,0.00031324641928457835,307.00360340248244,-544.6821582947892,1.0415648480538324,SNDK,2026-09-18,1430.0,put,41140.0,buy
2026-06-03 12:40:32.747000-04:00,.NVDA260918C185,39.45,39.95,39.63,39.77500086046164,9.0,35667.0,I ,sell,215.1802,0.7585079419130756,0.0054166217916556975,36.39086567375506,-30.597233891382842,0.493600036565041,NVDA,2026-09-18,185.0,call,35667.0,sell
2026-06-03 12:40:32.534000-04:00,.SPY260618P748,6.08,6.09,6.08,6.060000000000001,50.0,30400.0,j ,sell,753.9806,-0.3861458447450197,0.01738652326780553,58.75161254871941,-101.48242362883104,0.1432912899350846,SPY,2026-06-18,748.0,put,30400.0,sell
2026-06-03 12:40:32.505000-04:00,.AVGO260717P470,31.4,32.1,31.4,31.700000000000006,10.0,31400.0,S ,sell,483.1663,-0.40474152042730394,0.003999266876010782,65.1501230961685,-155.25051116300105,0.5763426730978648,AVGO,2026-07-17,470.0,put,31400.0,sell
2026-06-03 12:40:32.504000-04:00,.AVGO260717P470,31.4,32.1,31.4,31.700000000000006,10.0,31400.0,I ,sell,483.1663,-0.40474152042730394,0.003999266876010782,65.1501230961685,-155.25051116300105,0.5763426730978648,AVGO,2026-07-17,470.0,put,31400.0,sell
2026-06-03 12:40:32.504000-04:00,.AVGO260717P470,31.4,32.1,31.4,31.700000000000006,8.0,25120.0,I ,sell,483.1663,-0.40474152042730394,0.003999266876010782,65.1501230961685,-155.25051116300105,0.5763426730978648,AVGO,2026-07-17,470.0,put,25120.0,sell
2026-06-03 12:41:04.613000-04:00,.QBTS260717P28,4.2,4.35,4.28,4.26,400.0,171200.0,n ,buy,27.6702,-0.43685812216471853,0.038150833696446416,3.7968353640350463,-16.818645483866106,1.071329925047317,QBTS,2026-07-17,28.0,put,171200.0,buy
2026-06-03 12:41:04.581000-04:00,.CAT260717C950,42.55,46.1,44.32,44.88235070742551,10.0,44320.0,f ,sell,925.0225,0.4603248417185335,0.0028422281767528737,127.72187388896812,-229.24013014010347,0.4340965237300294,CAT,2026-07-17,950.0,call,44320.0,sell
2026-06-03 12:41:04.581000-04:00,.CAT260717C930,51.5,55.1,53.32,53.82449417865019,10.0,53320.00000000001,f ,buy,925.0225,0.516777148272282,0.0028348874831281372,128.2436355197283,-231.71536851896363,0.4369985154143652,CAT,2026-07-17,930.0,call,53320.0,buy
2026-06-03 12:41:04.405000-04:00,.APP270617P600,171.0,177.2,171.0,169.2473385614502,2.0,34200.0,I ,sell,567.7021,-0.4016780601160106,0.0010230447537509274,223.59963397397132,-70.38197080016812,0.6539227026168384,APP,2027-06-17,600.0,put,34200.0,sell
2026-06-03 12:41:04.317000-04:00,.NVDA260821C165,53.45,53.85,53.67,53.91318918272457,10.0,53670.00000000001,f ,buy,215.2191,0.8807233568708435,0.0036550945921860396,19.972472160092646,-25.03251643420405,0.543502193173325,NVDA,2026-08-21,165.0,call,53670.0,buy
2026-06-03 12:41:04.234000-04:00,.MSFT281215P550,148.0,149.0,149.0,149.78882510118967,3.0,44700.0,I ,buy,424.5074,-0.7029885761039141,0.00224777861861645,234.00086073645636,-10.50142182360213,0.22775277536746757,MSFT,2028-12-15,550.0,put,44700.0,buy
2026-06-03 12:41:03.862000-04:00,.INTC260717C140,5.0,5.0,5.0,5.05,60.0,30000.0,I ,sell,111.8511,0.2791592635184327,0.00992325331051302,13.098412407780174,-47.076613864861045,0.8692560071975468,INTC,2026-07-17,140.0,call,30000.0,sell
2026-06-03 12:41:36.320000-04:00,.AMZN260717P250,11.45,11.45,11.45,11.26,36.0,41220.0,I ,sell,248.3247,-0.4998162624004253,0.01512144148778454,34.4896493079572,-43.51820064383435,0.3051673509509845,AMZN,2026-07-17,250.0,put,41220.0,sell
2026-06-03 12:41:36.320000-04:00,.AMZN260717P250,11.45,11.45,11.45,11.26,50.0,57250.0,I ,sell,248.3247,-0.4998162624004253,0.01512144148778454,34.4896493079572,-43.51820064383435,0.3051673509509845,AMZN,2026-07-17,250.0,put,57250.0,sell
2026-06-03 12:41:36.320000-04:00,.AMZN260717P250,11.45,11.45,11.45,11.26,48.0,54959.99999999999,I ,sell,248.3247,-0.4998162624004253,0.01512144148778454,34.4896493079572,-43.51820064383435,0.3051673509509845,AMZN,2026-07-17,250.0,put,54960.0,sell
2026-06-03 12:41:36.320000-04:00,.AMZN260717P250,11.45,11.45,11.45,11.26,38.0,43510.0,I ,sell,248.3247,-0.4998162624004253,0.01512144148778454,34.4896493079572,-43.51820064383435,0.3051673509509845,AMZN,2026-07-17,250.0,put,43510.0,sell
2026-06-03 12:41:36.042000-04:00,.TSM270617C470,83.05,85.25,84.04,84.31413191807871,3.0,25212.0,a ,sell,436.92,0.5598784553927404,0.0016144259215236639,175.846192506815,-46.38824985407941,0.5480385338693328,TSM,2027-06-17,470.0,call,25212.0,sell
2026-06-03 12:41:35.966000-04:00,.TSLA260605P460,38.4,38.8,38.6,37.70810350000057,7.0,27020.0,a ,sell,421.5121,-0.9990796083995277,0.0002702731176107307,0.10087489070017873,-3.0726692411353485,0.3570719579768361,TSLA,2026-06-05,460.0,put,27020.0,sell
2026-06-03 12:41:35.669000-04:00,.TSLA260717P415,22.45,22.7,22.57,22.3,702.0,1584414.0,a ,sell,421.4947,-0.4255003217047153,0.006023238628048419,57.543188080816826,-105.45612144236506,0.4432739971634359,TSLA,2026-07-17,415.0,put,1584414.0,sell
